address_id,pin_x,pin_y,raw_spread,method_used,clues_used,locality_used,n_locality_hyp,pin_source,has_own_visit
AD000001,1210.8766620967474,-181.7746553335726,21.840964394671282,own_visit,"visit,grid",T1-L03,1,model,True
AD000002,-2461.3110296993827,-2064.1540384944883,32.501947314817436,own_visit,visit,T1-L09,1,model,True
AD000003,-3947.6253664834762,-1003.6697077643483,566.8004702775675,street_grid,"grid,baseline,loccent",T3-L01,1,model,False
AD000004,2768.0844374494563,-1166.7347700028868,208.42455236521837,street_grid,"grid,lm",T2-L10,1,model,False
AD000005,599.0535095820579,-3206.465426130812,268.2241817205828,landmark_poi,"poi,lm",T2-L01,1,model,False
AD000007,-69.29570581393644,1124.2270161994215,181.46247641312644,street_grid,"grid,poi",T2-L12,1,model,False
AD000008,-3237.998379813459,1240.3054729725256,74.73604486241155,street_grid,grid,T1-L01,1,model,False
AD000009,3051.593694791299,-2281.8709694242925,25.483899010553465,own_visit,"visit,grid",T1-L11,1,model,True
AD000010,-2001.9698821466113,1431.3287831063365,1311.7908249414131,locality_centroid,"loccent,baseline,locgrp",T1-L01,3,model,False
AD000011,3090.1083108472412,-2391.8895979428075,77.4666740148182,street_grid,"grid,br,lm,poi",T3-L10,1,model,False
AD000012,-664.1373538732388,-562.5706747499319,46.02228206487524,own_visit,"visit,baseline",T2-L09,1,model,True
AD000013,-862.7982789686896,2840.4509677227575,170.7916710136848,street_grid,"grid,poi,lm",T2-L03,1,model,False
AD000014,-978.5418419357951,2911.0092701453354,137.47864204003932,baseline,"baseline,grid",T2-L03,1,model,False
AD000015,1207.943401786919,-177.03666759881773,20.608918294453442,own_visit,visit,T1-L03,1,model,True
AD000016,768.7130348594349,2403.220172498197,51.9791002053474,own_visit,"visit,baseline",T2-L08,1,model,True
AD000017,-1038.9046834633177,2982.1592759032937,38.44180127215408,own_visit,visit,T2-L03,1,model,True
AD000018,651.8428298590894,2397.605296612096,21.619062171010032,own_visit,"visit,grid",T1-L07,1,model,True
AD000019,-3053.3131247817837,159.05973084705187,35.925697513149636,own_visit,visit,T3-L06,1,model,True
AD000020,-1903.5852372519453,1243.139549557819,1301.1050405979145,locality_centroid,"loccent,baseline,locgrp",T1-L01,3,model,False
AD000021,2251.482154836106,989.6350093214653,2074.8007940105945,baseline,baseline,T3-L05,2,model,False
AD000022,1545.7737348373073,-259.2922107584054,87.92048852098858,street_grid,"grid,baseline",T1-L03,1,model,False
AD000023,-2957.7658375022,-13.772679924130845,47.91576999476702,own_visit,"visit,br,grid",T3-L06,1,model,True
AD000024,-2077.992190233038,1652.6542808314975,116.31218340711078,blend,"br,grid,poi,lm,lmbr",T3-L07,1,model,False
AD000025,-352.85403850203664,3035.9160516737406,832.4377322392276,baseline,"baseline,loccent,locgrp",T3-L02,1,model,False
AD000026,-2634.7988555440033,1451.694895209929,66.59028350048692,street_grid,"grid,cm",T1-L01,1,model,False
AD000027,911.192473822071,2918.808057168656,28.921264854183875,own_visit,visit,T2-L08,1,model,True
AD000028,-726.603419092259,-1602.9419897133912,122.37323411450448,baseline,baseline,T3-L04,1,model,False
AD000029,-910.189270312393,2774.5891887340063,181.07753351220353,street_grid,"grid,poi,lm",T2-L03,1,model,False
AD000030,2928.145676281997,-1702.4865365379062,31.392347556801408,own_visit,visit,T1-L11,1,model,True
AD000031,2970.123051170821,-2451.413348619859,23.7986426810617,own_visit,visit,T3-L10,1,model,True
AD000032,1699.944440560235,-1824.1943422943812,118.87926549898098,own_visit,"visit,grid,lm",T2-L11,1,model,True
AD000033,2353.372872485426,929.0968791736102,57.34333650574827,street_grid,"grid,baseline,cm",T1-L08,1,model,False
AD000034,863.7581021869792,-151.690374142531,228.46096682043972,landmark_poi,"poi,lm",T1-L03,1,model,False
AD000035,3090.4298551806028,-2392.656630083274,76.28377840729567,street_grid,"grid,br,lm,poi",T3-L10,1,model,False
AD000036,3341.7652352843716,491.279182259869,87.86956630074889,baseline,"baseline,br,poi,lm",T3-L05,1,model,False
AD000037,507.01048598031855,-3237.501813502981,59.444305735725735,street_grid,"grid,visit",T1-L04,4,model,True
AD000039,-573.3110293316613,2532.5190523167275,28.703332749732944,own_visit,visit,T2-L03,1,model,True
AD000040,830.8445931979671,-2922.132568130525,41.9178554778212,own_visit,visit,T1-L02,1,model,True
AD000041,-639.0150903622457,-1260.8976391603064,35.58417761954161,own_visit,visit,T1-L12,1,model,True
AD000042,3742.0333059830336,400.37468198900916,827.700174200381,baseline,"baseline,loccent,locgrp",T3-L05,1,model,False
AD000043,3930.9575645660134,714.4477258822592,24.164059737115856,own_visit,visit,T3-L05,1,model,True
AD000045,-2509.475469835154,-118.39822429214817,196.92838769403204,landmark_group,"lm,poi",T3-L06,1,model,False
AD000046,-828.6812612122462,2867.723585415648,138.6992173837619,street_key,"br,poi,lm",T3-L02,1,model,False
AD000047,-2448.614861883031,1198.775363797216,59.766346621379974,own_visit,"visit,grid",T1-L01,1,model,True
AD000048,-2063.187858408201,1993.7756061241175,748.7431083001247,landmark_poi,"poi,baseline,loccent",T1-L10,1,model,False
AD000049,761.520954735881,2396.853352685492,48.3481323176783,own_visit,visit,T2-L08,1,model,True
AD000050,1566.3423094514894,-250.95678576505543,75.81047057947264,street_grid,grid,T1-L03,1,model,False
AD000052,338.8967240642892,-2795.613479538819,57.344042050932025,street_grid,"grid,baseline",T1-L04,1,model,False
AD000053,1363.2751462349445,-481.70762618872783,428.24878369131613,landmark_poi,"poi,grid,lm",T1-L06,1,model,False
AD000054,-3150.9002246243076,840.4066425641458,208.29396288353817,landmark_poi,"poi,lm",T1-L01,1,model,False
AD000055,1212.8978129744,-1135.529328668234,80.5613861431625,street_grid,"grid,br,poi",T3-L08,1,model,False
AD000056,-3139.6926905535106,-639.3162694540873,364.7545218766552,landmark_poi,"poi,lm",T3-L01,1,model,False
AD000057,-2515.4107155219913,-120.78020148853406,198.0748988526203,landmark_poi,"poi,lm",T3-L06,1,model,False
AD000058,-1167.85892563414,-612.9341914943042,56.212975588682,street_grid,"grid,br",T3-L03,1,model,False
AD000059,-849.0252411782872,206.3670712456962,114.36640293647582,baseline,"baseline,grid,poi,lm",T1-L05,1,model,False
AD000060,3801.411222416321,102.6288317980185,23.556948772088102,own_visit,visit,T3-L05,1,model,True
AD000061,1492.0738240865805,-2064.487500509945,143.45093053251,street_grid,"grid,lm,poi",T2-L11,1,model,False
AD000062,595.9532113705166,-3078.016228221218,38.42630715625259,own_visit,"visit,grid",T1-L04,1,model,True
AD000063,2945.944551906017,372.74420942522534,171.10408969351747,street_grid,"grid,poi,lm",T2-L06,1,model,False
AD000064,-477.81042273076855,2106.4349091629374,1202.711574841277,locality_centroid,"loccent,baseline,locgrp",T2-L03,2,model,False
AD000065,1041.1328893021118,-1094.8418878772795,141.9716480169626,street_grid,"grid,poi,lm",T3-L08,1,model,False
AD000066,1161.690905321287,-185.97468840756682,22.649836172242537,own_visit,"visit,grid",T1-L03,1,model,True
AD000067,3094.8761324172665,-2402.0325516513276,82.12967173639268,street_grid,"grid,br",T3-L10,1,model,False
AD000068,3348.8141110833308,459.8896185616974,22.450958213018755,own_visit,visit,T2-L06,1,model,True
AD000069,940.0243202775605,-3410.9125659036317,184.69835122357392,own_visit,"visit,grid,lm",T2-L01,1,model,True
AD000071,847.3560177953241,-3922.4668307945008,120.213995874681,baseline,"baseline,poi",T3-L12,1,oof_cv,False
AD000072,1685.7022170956925,-2286.5048922421406,1605.8341587889092,locality_centroid,"loccent,baseline,locgrp",T3-L08,3,model,False
AD000073,989.5115713950817,881.9611453672331,139.16163761609414,baseline,baseline,T2-L07,1,model,False
AD000074,944.996532321228,2786.999111781627,813.108018317937,baseline,"baseline,loccent,locgrp",T2-L08,1,model,False
AD000075,2778.3051430607347,-2332.939450169103,22.46939130076217,own_visit,"visit,grid",T1-L11,1,model,True
AD000076,984.9958969617695,1450.9488146423373,21.381239539657507,own_visit,visit,T2-L07,1,model,True
AD000077,1782.6082588858408,-2069.6849980349616,1599.601110324675,locality_centroid,"loccent,baseline,locgrp",T3-L08,3,model,False
AD000078,-2548.3343846851803,-140.05897843137942,35.45203305448238,own_visit,"visit,grid,br",T3-L06,1,model,True
AD000079,869.6768421794407,-1236.9853521738194,62.320754020368504,street_grid,"grid,br,baseline",T3-L08,1,model,True
AD000080,4175.733990189282,386.32640116565364,152.66967637027133,baseline,"baseline,grid,lm",T3-L05,1,model,False
AD000081,-737.578894794966,-871.3069377747701,23.926738777854926,own_visit,visit,T3-L03,1,model,True
AD000082,4019.917664511437,322.98143044829914,23.63589212161316,own_visit,visit,T3-L05,1,model,True
AD000083,-823.3745402452191,-421.8669976883276,200.59931959058983,landmark_group,"lm,poi",T3-L03,1,model,False
AD000084,-418.1743814598453,-3737.7973604108947,150.82904009222455,street_key,"br,poi,lm",T3-L11,1,model,False
AD000085,347.28804514932534,-3110.9615915961313,27.674169356116515,own_visit,visit,T1-L04,1,model,True
AD000086,2540.177420824818,-1353.9172789427232,28.073256042798157,own_visit,visit,T2-L10,1,model,True
AD000087,901.7976290334045,1327.324852992598,657.4180566907041,blend,"grid,baseline,loccent,locgrp",T2-L07,1,model,False
AD000088,-488.22509028141906,3176.1157670326584,36.86531315997254,own_visit,"visit,baseline",T2-L03,1,model,True
AD000089,-596.7973992984089,3243.0116991560876,160.12322606364663,street_grid,"grid,poi,lm",T2-L03,1,model,False
AD000090,-1535.9561907587308,-2814.942705606488,267.9029155259193,landmark_poi,"poi,baseline",T2-L05,1,model,False
AD000091,1640.553130291244,-1750.4618872937053,1476.8607614816356,locality_centroid,"loccent,baseline,locgrp",T2-L01,4,model,False
AD000092,3122.623938918423,-2389.0502996327377,125.68711688018816,street_grid,"grid,br",T3-L10,1,model,False
AD000093,-653.8577728159269,3230.123630012667,203.90025444063252,landmark_poi,"poi,lm",T3-L02,1,model,False
AD000094,-2642.962311350796,-191.86430744873243,24.188632625026194,own_visit,visit,T3-L06,1,model,True
AD000096,3366.8124500463828,545.0307775677019,23.504271847989045,own_visit,visit,T3-L05,1,model,True
AD000097,-3916.3172194799436,-1019.6154685988571,282.8791328556537,landmark_poi,"poi,lm,baseline",T3-L01,1,model,False
AD000098,-2497.4084379859914,1363.3136085103024,27.822478350905417,own_visit,visit,T3-L07,1,model,True
AD000099,-352.1892768477308,-421.0002226757987,25.608865734155057,own_visit,visit,T3-L03,1,model,True
AD000100,2816.5710062429434,-2092.0004589309506,22.295493490092106,own_visit,"visit,grid",T1-L11,1,model,True
AD000101,-2393.8254044406444,1402.9177594819864,198.73127558949838,landmark_group,"lm,poi",T3-L07,1,model,False
AD000102,660.187286217114,2427.965627102083,53.00802987976099,street_grid,"grid,baseline",T1-L07,1,model,False
AD000103,3017.663436099822,-1704.0974345844327,570.1005778310858,blend,"grid,br,baseline,loccent",T3-L10,1,model,False
AD000104,2233.835989885319,921.6095930305006,61.969694025637715,street_grid,grid,T1-L08,1,model,False
AD000105,-683.4964512482917,-63.1106958501577,28.282645874362558,own_visit,visit,T2-L09,1,model,True
AD000106,-3121.3215222000485,1010.1481568210828,24.158277116341207,own_visit,visit,T1-L01,1,model,True
AD000107,3974.9532150111354,531.8294579153344,119.21433305659171,street_key,"br,grid",T3-L05,1,model,False
AD000108,-1137.5111175930438,-1991.629976767901,270.7894270900296,landmark_poi,"poi,baseline",T3-L04,1,model,False
AD000109,2643.176191282084,-1804.6999299147571,349.80025799135666,landmark_poi,"poi,lm,grid",T1-L06,1,model,False
AD000111,2745.2411924304492,922.284686995859,140.0618315515024,own_visit,"visit,poi,lm",T1-L08,1,model,True
AD000112,826.6196817079458,-3114.075200209577,65.32161066508506,street_grid,"grid,cm",T1-L04,1,model,False
AD000113,-717.398918804005,3398.8241462179167,129.31347291219504,street_key,"br,poi,lm,lmbr",T3-L02,1,model,False
AD000114,2705.4832103860363,-1870.9900369892678,23.788599346891267,own_visit,visit,T1-L11,1,model,True
AD000115,-704.3674792410866,3380.978949653876,158.06257677508313,street_key,br,T3-L02,1,model,False
AD000116,-1922.8585415322566,-1475.33158946887,1749.0820528796235,locality_centroid,"loccent,baseline,locgrp",T3-L01,5,model,False
AD000117,3317.9576218292086,-1935.22304060392,238.92140366538808,landmark_poi,"poi,lm",T3-L10,1,model,False
AD000119,-1168.7389370836931,-2329.2943025230984,1264.0932114940458,locality_centroid,"loccent,baseline,locgrp",T1-L02,3,model,False
AD000120,2899.3683058334036,-2228.149532013044,244.1818117556108,street_grid,grid,T3-L10,1,model,False
AD000121,-1630.9896199810742,-1546.8979984541697,1742.0129685932623,locality_centroid,"loccent,baseline,locgrp",T3-L01,5,model,False
AD000122,1383.7116170401157,-834.1122701751498,109.24061079112033,street_key,"br,poi,lmbr,lm",T3-L08,1,model,False
AD000123,861.6626964404868,2455.7263734664475,159.24440714831792,street_grid,"grid,lm,poi",T2-L08,1,model,False
AD000124,2910.2467574526518,-1644.9489976609768,299.92325703657684,blend,"lmbr,lm,grid,br,baseline",T3-L10,1,model,False
AD000125,3763.736705824435,227.79648255348113,88.6661666441937,street_grid,"grid,br,poi,lm",T3-L05,1,model,False
AD000126,895.2973213721273,-3202.22816893192,108.59106236723439,own_visit,visit,T1-L04,1,model,True
AD000127,950.9739569459349,-1070.0395765587712,179.83774287809646,blend,"br,grid,poi,lm",T3-L08,1,model,False
AD000128,2671.8460916427807,-1861.3783604294917,49.137992358290596,street_grid,"grid,cm",T1-L11,1,model,False
AD000129,3207.9656111501254,-1970.905347027632,44.50490657618971,own_visit,"visit,grid",T1-L11,1,model,True
AD000130,1693.7502578464128,-1131.0932017557805,245.5733223679547,landmark_poi,"poi,lm",T1-L06,1,model,False
AD000132,1139.9911258244038,-526.1205281879179,115.60608061563502,street_grid,"grid,br,poi,lm",T3-L08,1,model,False
AD000133,-3968.054425703001,-1166.9799240032658,25.15615601725933,own_visit,visit,T3-L01,1,model,True
AD000134,1058.7409729917742,2441.1984175995676,146.15325073023664,baseline,"baseline,grid",T2-L08,1,model,False
AD000135,792.6659833674498,-2631.3964895420954,53.06315366614686,blend,"grid,visit,baseline",T1-L04,1,model,True
AD000136,1196.1470733697558,-171.7086950395327,286.1896567056181,landmark_group,"lm,baseline",T1-L03,1,model,False
AD000137,-2367.560144702762,-529.790143215587,21.60742196969246,own_visit,visit,T3-L06,1,model,True
AD000138,600.1584938577146,-3055.82406266885,76.95012041467452,street_grid,"grid,baseline,visit,cm",T1-L04,1,model,True
AD000139,756.9914145321258,-2650.4519969150247,97.57195092363071,baseline,"baseline,grid,poi,lm",T2-L01,1,model,False
AD000140,-331.16754650398883,1425.3852599086895,164.82092232085606,street_grid,"grid,poi",T2-L12,1,model,False
AD000141,1040.8447095989122,-2374.0222451916175,1321.2746210663047,locality_centroid,"loccent,baseline,locgrp",T2-L01,4,oof_cv,False
AD000142,3943.7465115785453,772.4483401275021,54.771945954178506,own_visit,"visit,grid,br,baseline",T3-L05,1,model,True
AD000144,-725.98834657203,3393.5446334091585,143.90142171516274,street_key,"br,poi",T3-L02,1,model,False
AD000145,-875.125929499726,-702.9831495994864,237.8471798899878,landmark_poi,"poi,lm",T3-L03,1,model,False
AD000146,655.8059765302772,2384.9677759208753,22.214442295566023,own_visit,visit,T1-L07,1,model,True
AD000147,1002.9722811992536,2866.914050211246,36.15969770750965,own_visit,visit,T2-L07,1,model,True
AD000148,-709.4550083735708,-3107.5370462856067,171.0492570182837,street_grid,"grid,poi,lm",T1-L02,1,model,False
AD000149,996.5942705356423,1474.0659192963449,688.1853259000477,blend,"grid,baseline,loccent,locgrp",T2-L07,1,model,False
AD000150,2495.5912711067413,-1163.0976023466994,122.17898388994918,own_visit,"visit,grid",T2-L10,1,model,True
AD000151,-753.3933919679886,3315.450521365568,34.35536516060113,own_visit,visit,T2-L03,1,model,True
AD000152,2669.884768979276,-1098.6899021457725,23.931518252205827,own_visit,visit,T2-L10,1,model,True
AD000153,-2348.038424440657,-136.92518549066534,32.353728775725045,own_visit,"visit,grid",T3-L06,1,model,True
AD000154,3571.4408176958086,-2276.827403817647,24.160781665774508,own_visit,visit,T3-L10,1,model,True
AD000155,1169.9958813007988,-603.3080728809834,21.65775732685252,own_visit,visit,T3-L08,1,model,True
AD000156,1581.1711899124862,-1700.0114621626503,1461.9469469139572,locality_centroid,"loccent,baseline,locgrp",T1-L03,4,model,False
AD000157,3427.297551903941,-1969.2093752169399,180.76184355664336,street_grid,"grid,poi,lm",T3-L10,1,model,False
AD000159,-2843.1908713282237,-105.81484320200346,25.509926137724907,own_visit,visit,T3-L06,1,model,True
AD000160,3433.3668999441156,537.7436157263634,134.65212674327574,street_key,"br,poi,lm",T3-L05,1,model,False
AD000161,-2670.175884373207,1130.6675291753709,63.519150881913035,street_grid,grid,T1-L01,1,model,False
AD000162,790.3851542318066,-3431.476918462057,149.53679437526282,baseline,"baseline,grid,poi,lm",T2-L01,1,model,False
AD000163,-723.9354086962261,2704.1433280256183,21.342847251680066,own_visit,visit,T2-L03,1,model,True
AD000164,2697.312544148117,441.3077615807087,22.523830031556837,baseline,baseline,T2-L06,1,model,False
AD000165,3301.577658193796,698.1971316855013,36.0481795939269,own_visit,visit,T2-L06,1,model,True
AD000166,2804.320068215858,951.218885628722,25.314371415473918,own_visit,visit,T2-L06,1,model,True
AD000167,719.9093011479072,-3133.605554219237,206.9292488884145,street_grid,"grid,poi,lm",T2-L01,1,model,False
AD000168,-1867.7495277303824,2307.2471052543747,273.08605512217355,landmark_poi,"poi,baseline",T1-L10,1,model,False
AD000169,3272.9859282036673,-2142.257702170555,31.44251145946608,own_visit,"visit,grid",T1-L11,1,model,True
AD000170,-3812.1245104031614,-826.4002970513815,820.060702584837,baseline,"baseline,loccent,locgrp",T3-L01,1,oof_cv,False
AD000171,79.68090071877506,-334.31992962019734,2357.277511705933,locality_centroid,"loccent,baseline,locgrp",T1-L01,12,model,False
AD000172,-2208.598866628753,-2684.3021716772296,25.851496770382923,own_visit,visit,T1-L09,1,model,True
AD000173,1443.1484277852114,-2345.5670692796893,26.553103750025336,own_visit,visit,T2-L11,1,model,True
AD000174,-12.4421234028608,1040.1002894159844,214.9935263533007,street_grid,"grid,poi",T2-L12,1,model,False
AD000175,1772.2634535050456,-2198.4641841358616,26.665483843927966,own_visit,visit,T2-L11,1,model,True
AD000176,855.6966746004529,-2701.3687090074395,24.17019440491197,own_visit,visit,T2-L01,1,model,True
AD000177,-495.436002514303,2899.7851314851137,27.629107254865723,own_visit,visit,T3-L02,1,model,True
AD000178,1097.1980363907128,170.183685521076,26.90221224883972,own_visit,visit,T2-L02,1,model,True
AD000179,2663.9272768609567,1376.8771309945744,59.215792899694044,street_grid,grid,T1-L08,1,model,False
AD000180,-2198.047581497096,-2692.7965151322064,36.100402600080265,own_visit,visit,T1-L09,1,model,True
AD000181,2898.0247600227663,635.2366129285112,21.24259642368846,own_visit,visit,T2-L06,1,model,True
AD000182,959.6849646598146,2645.167074661692,113.49434441971896,own_visit,"visit,grid,poi,lm",T2-L08,1,model,True
AD000184,-2077.7827917835884,1653.7542244103247,116.18550541732782,blend,"br,grid,poi,lm,lmbr",T3-L07,1,model,False
AD000185,1172.4777436683091,-1133.820022224631,83.04704543510675,blend,"grid,br,baseline",T3-L08,1,model,False
AD000186,2357.7550457611874,1479.879573488787,305.97350274673374,landmark_poi,"poi,baseline,loccent",T2-L04,1,model,False
AD000187,1102.4345583835689,1258.5440315945957,97.03511698966786,own_visit,"visit,poi",T2-L07,1,model,True
AD000188,664.5202669362659,-767.1830297792083,74.9817597372178,street_grid,"grid,poi,lm",T3-L08,1,model,False
AD000189,3597.5296395109854,65.27948794984951,30.111671333192366,own_visit,"visit,grid",T3-L05,1,model,True
AD000190,-1102.9667923160434,-720.5132072556058,73.54655633144293,street_grid,"grid,br",T3-L03,1,model,False
AD000191,-3526.157003042107,-916.9503250382768,21.19597954131627,own_visit,visit,T3-L01,1,model,True
AD000192,1577.1267673530015,-1895.711564134285,97.54451825600944,baseline,"baseline,grid,lm",T2-L11,1,model,False
AD000193,1677.9028426043544,-1326.0465975124264,203.12621946695904,own_visit,"visit,grid",T1-L06,4,model,True
AD000194,-1238.24398180095,-2813.30360091771,38.69739558164093,own_visit,visit,T2-L05,2,model,True
AD000195,2072.518110881287,1354.5507598591087,24.270509482064544,own_visit,visit,T1-L08,1,model,True
AD000196,820.7573430098349,2540.3969238538903,195.18337739193217,street_grid,grid,T2-L08,1,model,False
AD000197,-2634.609696773686,-149.91148906306665,57.90733395577296,own_visit,"visit,grid,br",T3-L06,1,model,True
AD000198,-484.57389159206895,3168.3955893692837,59.96488160404741,own_visit,visit,T2-L03,1,model,True
AD000199,1109.3171229893449,-565.4740965558435,27.52121958826539,own_visit,visit,T1-L03,4,model,True
AD000200,374.41854457097577,-2877.9659090727605,47.29628318018687,own_visit,visit,T1-L03,4,model,True
AD000201,1545.6418262504217,1232.5819737473926,37.15861046319971,own_visit,visit,T1-L03,1,model,True
AD000202,3574.757570031131,-1759.0159220207358,22.264024636042617,own_visit,visit,T3-L10,1,model,True
AD000203,2613.3831432633,-2486.263712482727,42.179353275438025,street_grid,"grid,visit",T1-L11,1,model,True
AD000204,990.8268164498307,2515.094816734241,29.66596359298387,own_visit,visit,T2-L08,1,model,True
AD000205,-2671.9161473400545,-566.7737638449584,329.23118498497337,landmark_poi,"poi,lm",T3-L01,1,model,False
AD000206,-1775.3840304159592,2411.890211415744,850.1875906909952,baseline,"baseline,loccent,locgrp",T1-L10,1,model,False
AD000207,-1946.7163142464317,2362.486378892161,852.3578052071283,baseline,"baseline,loccent,locgrp",T1-L10,1,model,False
AD000208,-824.5977490482625,2955.646420394723,127.07391971340016,baseline,"baseline,poi,lm",T3-L02,1,model,False
AD000209,2681.5930213096476,1039.665574842563,30.713866767131027,own_visit,visit,T1-L08,1,model,True
AD000210,-1240.3389562425261,-496.95771186818865,203.91090689451318,street_key,br,T3-L03,1,model,False
AD000211,1411.926459898136,-3638.755251350982,137.64969741200693,baseline,"baseline,poi",T3-L12,1,model,False
AD000212,696.9243829244245,-3087.4370811419503,57.37152609758905,street_grid,"grid,baseline",T1-L04,1,model,False
AD000213,487.1137162469101,-3077.1555838528825,58.00617872175179,street_grid,"grid,baseline",T1-L04,1,model,False
AD000214,339.91542526738647,-2879.3240101204433,58.118283347001324,street_grid,"grid,cm",T1-L04,1,model,False
AD000216,-4050.017340998542,-1004.6504832993508,216.4751630041545,own_visit,visit,T3-L01,1,model,True
AD000217,1012.6505616455726,2772.575920997913,160.85198448697795,street_grid,"grid,lm,poi",T2-L08,1,oof_cv,False
AD000219,-2941.8100411837386,-572.0867059272713,92.62925512776867,street_grid,"grid,br,poi,lm",T3-L06,1,model,False
AD000220,1448.7449592661937,-463.39912268814885,32.278069793503015,own_visit,visit,T2-L02,1,model,True
AD000221,678.9803360391961,-712.2286109174986,56.400621728530716,own_visit,"visit,grid,br",T3-L08,1,model,True
AD000222,-688.717180212877,3251.2979599539335,123.60707512719851,baseline,"baseline,grid,poi,lm",T2-L03,1,model,False
AD000223,1765.8748325234835,-2195.4575611414903,157.3907543450571,own_visit,"visit,grid",T2-L11,1,model,True
AD000224,1384.1564432454504,285.16534473242007,139.96884027289894,baseline,"baseline,grid,lm",T2-L02,1,oof_cv,False
AD000225,2424.2064315656407,1190.9497902214166,73.62828589634427,street_grid,"grid,baseline",T1-L08,1,model,False
AD000226,-1064.7334441577973,299.18713663514484,223.90451284975967,landmark_poi,"poi,lm",T1-L05,1,model,False
AD000227,1167.2150316729571,-1185.3885832261572,27.91604685769242,own_visit,"visit,grid",T3-L08,1,model,True
AD000228,3801.036911027769,93.94764442342316,86.51043026456887,street_grid,"grid,visit,br",T3-L05,1,model,True
AD000229,-188.8331940979835,-1033.6393493589032,65.59979919942788,street_grid,grid,T1-L12,1,model,False
AD000230,3390.017661751692,465.5012034436993,217.28131500821692,landmark_poi,"poi,lm",T3-L05,1,model,False
AD000231,199.18505722724282,2595.5321372632757,29.463323504695694,own_visit,"visit,grid",T1-L07,1,model,True
AD000232,-726.3026812449478,539.4463483127396,164.1523872151292,baseline,"baseline,grid,poi,lm",T1-L05,1,model,False
AD000233,883.9556582648961,-782.0916192163417,49.57864310677649,own_visit,"visit,grid,br",T3-L08,1,model,True
AD000234,337.5249534886647,1920.7763044417425,287.9599968272851,landmark_poi,"poi,baseline",T3-L09,1,model,False
AD000235,-3573.4042999491485,-777.3872828986171,23.96852731746331,own_visit,visit,T3-L01,1,model,True
AD000236,2613.9928735839626,-2010.306245379949,19.84173410777924,own_visit,"visit,grid",T1-L11,1,oof_cv,True
AD000237,-3271.9259745281515,1114.40268590556,34.65531099136949,own_visit,visit,T1-L10,3,model,True
AD000238,-2862.7853463264632,1019.0615045970482,41.3771275818672,own_visit,"visit,grid",T1-L01,1,model,True
AD000239,1125.0867669328204,-644.4911994927925,77.80447263393035,blend,"visit,baseline,br,grid",T3-L08,1,model,True
AD000240,1438.3942640529833,-1720.2941299792496,161.49632615914808,street_grid,"grid,lm",T2-L11,1,model,False
AD000241,1148.6717431371496,826.6863073976972,142.95692235155875,baseline,baseline,T2-L07,1,model,False
AD000242,2715.4757128284928,1452.3251720854034,22.040882000343174,baseline,baseline,T2-L04,4,model,False
AD000243,1160.470823829344,-642.3851667405152,127.1960466498325,baseline,"baseline,grid",T3-L08,1,model,False
AD000244,-3829.2903132920587,-653.6890822732468,255.8979565923093,landmark_poi,"poi,lm",T3-L01,1,model,False
AD000245,1819.4421175393472,-1752.2975828500992,1503.9967963057247,locality_centroid,"loccent,baseline,locgrp",T1-L03,4,model,False
AD000246,-1903.8962033707974,2432.5226619345117,850.4673033268325,baseline,"baseline,loccent,locgrp",T1-L10,1,model,False
AD000247,820.6731703386921,-577.2348295675313,26.27341105280342,own_visit,"visit,grid",T1-L03,4,model,True
AD000248,1380.0685645676033,-3592.67053583426,313.3977016877456,landmark_poi,"poi,baseline,loccent",T3-L12,1,model,False
AD000249,1297.6157828916766,-726.2909418473681,149.8918312261866,baseline,"baseline,lm",T3-L08,1,model,False
AD000250,990.6560610222433,2943.162645003287,194.74675246365686,street_grid,grid,T2-L08,1,model,False
AD000251,-1281.5118255192378,699.916213102993,63.65356652559094,own_visit,visit,T1-L05,1,oof_cv,True
AD000252,3792.7520807753144,320.59578744174655,217.85559804003353,landmark_poi,"poi,lm",T3-L05,1,model,False
AD000253,539.2362707201319,-2857.939578989862,25.413362121393895,own_visit,visit,T1-L04,1,model,True
AD000254,-521.8460569191463,-1404.06304230685,56.98711057979482,street_grid,grid,T1-L12,1,model,False
AD000255,2383.9660471001107,942.9212150928106,26.95794337988563,own_visit,"visit,grid",T1-L08,1,model,True
AD000256,-242.32786069605046,-1206.1587029610123,82.91371629789184,street_grid,"grid,baseline",T1-L12,1,model,False
AD000257,3059.5524411034735,-2266.4180887351536,18.247407700233893,baseline,"baseline,grid",T1-L11,1,model,True
AD000258,-672.5937218591922,-3400.943984335371,44.26231175590401,own_visit,visit,T3-L04,5,model,True
AD000259,2817.702301248193,-2458.7639294395817,23.545869180207646,own_visit,visit,T1-L11,1,model,True
AD000260,1055.2466271091791,-416.7021266207592,62.53188774884261,street_grid,"grid,visit,baseline",T1-L03,1,model,True
AD000261,1023.8060532562922,109.79962752741581,285.0543909996811,street_grid,"grid,lm,poi",T2-L02,1,model,False
AD000263,960.8312157369792,2519.7416048002037,206.6365953937284,landmark_group,"lm,poi",T2-L08,1,model,False
AD000264,3037.2506552600407,391.0233943980841,199.24080163362464,street_grid,"grid,lm",T2-L06,1,model,False
AD000265,2794.1629287550254,848.8303600166787,65.26788335362275,street_grid,"grid,baseline",T1-L08,1,model,False
AD000266,2641.5219223411705,1082.0199639823113,584.7865104111113,street_grid,"grid,baseline,loccent",T2-L04,1,model,False
AD000267,2468.120905269411,-1134.0028532009735,21.18577561969433,own_visit,visit,T2-L10,1,oof_cv,True
AD000268,972.0575909822056,3042.588445911138,21.459448575635065,own_visit,visit,T2-L08,1,model,True
AD000269,-1954.1666900396333,-2126.946627831483,206.86656348417583,blend,"poi,grid,lm",T1-L09,1,model,False
AD000270,910.1521847847744,-848.0122505189972,813.1101880908736,baseline,"baseline,loccent,locgrp",T3-L08,1,model,False
AD000272,-2370.101337704668,-525.7736736929818,21.345678748122314,own_visit,visit,T3-L06,1,model,True
AD000273,-1545.819678709313,-1481.9310147428519,1747.1030611959523,locality_centroid,"loccent,baseline,locgrp",T3-L01,5,model,False
AD000274,-1378.8952457378994,-3076.697745471802,172.2504729837715,street_grid,"grid,poi,lm",T1-L02,1,model,False
AD000275,1701.1936568674723,-2157.642571948278,52.08379413186078,own_visit,visit,T2-L05,2,model,True
AD000276,629.4972817866709,2554.439789989671,54.24470618826415,street_grid,grid,T1-L07,1,model,False
AD000277,-1503.2505121632869,-2690.0813707950974,439.34276458794574,landmark_poi,"poi,baseline,loccent",T1-L02,1,model,False
AD000278,-1865.6083519934398,-2674.6414027425417,144.69429751329162,baseline,"baseline,grid",T2-L05,1,model,False
AD000279,-4060.2211349788968,-675.2111702459346,24.409108861600618,own_visit,visit,T3-L01,1,model,True
AD000280,1313.4481573171288,-943.8693385363335,233.35652235017855,landmark_poi,"poi,lm",T3-L08,1,model,False
AD000281,1017.3101707882802,-2742.5256091182528,27.81704176649279,own_visit,"visit,grid",T1-L04,1,model,True
AD000282,726.8130852738071,-3999.695502206542,125.29960044346053,baseline,baseline,T3-L12,1,model,False
AD000284,-433.27006992532756,3057.667409228022,55.20173281561707,own_visit,"visit,baseline",T2-L03,1,model,True
AD000285,381.0612836052373,2796.3247138564197,23.496742457379657,own_visit,"visit,grid",T1-L07,1,model,True
AD000286,497.9141394928801,-3279.962972347962,80.40509135018809,own_visit,visit,T1-L04,1,model,True
AD000287,2779.0665782970696,-2371.1543636147317,49.51931115201035,own_visit,visit,T1-L11,1,model,True
AD000288,-3028.8759000513955,-592.6754286610683,29.360920255905718,own_visit,visit,T3-L06,1,model,True
AD000290,2833.0641532941368,148.81880460505997,34.1094139357226,own_visit,visit,T2-L06,1,model,True
AD000291,3406.827333348035,483.58249011946276,235.16129046621182,landmark_poi,"poi,lm",T3-L05,1,oof_cv,False
AD000292,425.2664402178619,2341.832712638243,22.774627844089796,own_visit,"visit,grid",T1-L07,1,model,True
AD000293,2577.4730896246765,627.245303122267,27.524737242027207,own_visit,"visit,grid",T1-L08,1,model,True
AD000294,681.5166308397854,-344.212897607621,2556.5392689111713,locality_centroid,"loccent,baseline,locgrp",T2-L01,12,model,False
AD000295,1349.5889221862349,-2343.964177690759,114.00576644055693,baseline,"baseline,grid,lm,poi",T2-L11,1,model,False
AD000296,2857.6500031376345,539.5314865967188,175.55218431122782,street_grid,"grid,poi,lm",T2-L06,1,model,False
AD000297,2879.3534607786537,-2367.2267863492866,69.74183047195073,street_grid,"grid,baseline",T1-L11,1,model,False
AD000298,226.0927623207354,2756.3685645465953,77.82849833307775,street_grid,"grid,baseline",T1-L07,1,model,False
AD000299,1640.469802080369,-1531.8039362569705,1464.4735609425852,locality_centroid,"loccent,baseline,locgrp",T1-L03,4,model,False
AD000300,-2620.5232742411413,1386.185345360353,146.63047754822637,street_grid,"grid,poi,lm",T3-L07,1,model,False
AD000301,-562.4023876325979,-379.554075849029,167.38626289882689,street_grid,"grid,poi",T2-L09,1,model,False
AD000302,1587.7642289799542,-322.3172963062362,76.77451926927435,street_grid,grid,T1-L03,1,model,False
AD000303,3595.642594742779,621.8680615475049,64.74550604448767,own_visit,"visit,br,grid",T3-L05,1,model,True
AD000304,679.6206299303773,2538.092099805544,172.45086431161855,street_grid,"grid,poi,lm",T2-L08,1,model,False
AD000305,-2549.6945862634875,1551.0762734058073,818.9585051057933,baseline,"baseline,loccent,locgrp",T3-L07,1,model,False
AD000306,3785.952227184709,322.6085425090902,207.34709909090483,landmark_poi,"poi,lm,grid",T3-L05,1,model,False
AD000307,-2849.5997974122724,1002.5168607646189,22.442197623699695,own_visit,"visit,grid",T1-L01,1,model,True
AD000308,3795.9655092552625,192.87485543931098,80.66116236198515,street_grid,"grid,br,poi,lm,lmbr",T3-L05,1,model,False
AD000309,2792.92925753867,-1825.268489809401,48.705704873005814,street_grid,"grid,visit",T1-L11,1,model,True
AD000310,-1240.4837373243731,-2236.206513138833,1254.2476159977527,locality_centroid,"loccent,baseline,locgrp",T1-L02,3,model,False
AD000311,1200.6507979322982,2760.4073005724786,306.3219075958,landmark_group,"lm,poi,baseline",T2-L08,1,model,False
AD000312,432.3841688554711,1489.2478172240076,240.31284512954846,landmark_poi,"poi,lm",T3-L09,1,model,False
AD000313,-2331.0707237242445,-442.78595979934136,172.80264259984426,blend,"poi,lm,grid,lmbr,br",T3-L06,1,model,False
AD000314,2541.6952341039637,-2130.9710898396097,20.574684750797566,own_visit,"visit,grid",T1-L11,1,model,True
AD000315,-1007.4925229535266,-3275.138186212212,101.63836008220828,baseline,"baseline,grid",T1-L02,1,model,False
AD000316,2400.6562421948342,-2157.3428241612187,35.71073139836883,own_visit,"visit,grid,baseline",T1-L11,1,model,True
AD000317,-1927.7047286844556,1238.0232937994078,1299.4044645462523,locality_centroid,"loccent,baseline,locgrp",T1-L01,3,model,False
AD000318,1203.2788834497087,-178.71740148086883,57.34799907974954,street_grid,"grid,cm",T1-L03,1,model,False
AD000319,3315.4745322338276,-2004.4140947677283,57.65907932989263,street_grid,grid,T1-L11,1,model,False
AD000320,2022.7025570928533,-917.6205363382953,22.302043332623324,own_visit,visit,T1-L06,4,model,True
AD000321,-2315.2612560427,-2351.490852092617,203.93969083535322,landmark_poi,"poi,grid",T1-L09,1,model,False
AD000322,3268.210192071866,-2166.5728354039366,83.76122914554601,street_grid,"grid,baseline,visit",T1-L11,1,oof_cv,True
AD000323,-2548.1029209020935,1808.1932971666351,52.826049812112004,own_visit,"visit,baseline,br",T3-L07,1,model,True
AD000324,-2645.5397786734447,1720.9602958975568,27.876661384965477,own_visit,visit,T3-L07,1,model,True
AD000325,-3579.6388250112027,-905.1920525675184,395.89437157337414,landmark_group,"lm,baseline,loccent",T3-L01,1,model,False
AD000326,-1772.099029259179,-1370.1143374591647,1724.3639065175544,locality_centroid,"loccent,baseline,locgrp",T3-L01,5,model,False
AD000327,825.2539323251801,125.37103182396321,208.6290410852334,landmark_poi,"poi,lm",T1-L03,1,model,False
AD000328,318.70897757424655,-2883.2153197915713,21.151099720070476,own_visit,"visit,grid",T1-L04,1,oof_cv,True
AD000330,2658.5380336053645,-1166.6084639310634,22.826952905899848,own_visit,visit,T2-L10,1,model,True
AD000331,2975.051313828965,583.5575194441682,175.2601596862965,street_grid,grid,T2-L06,1,model,False
AD000332,-573.9431088118791,3276.0617706898406,155.96251072701224,street_grid,"grid,poi,lm",T2-L03,1,model,False
AD000333,978.3127458962439,2592.061325474797,175.99725045969015,street_grid,"grid,poi,lm",T2-L08,1,model,False
AD000334,748.231532492944,-3419.7568331374473,73.38169085785808,street_grid,grid,T1-L04,1,model,False
AD000335,3397.864208203107,-1668.631585946013,286.7328328197909,landmark_poi,"poi,baseline",T3-L10,1,model,False
AD000336,1155.636814306357,-2025.9593559048449,21.928272286518233,own_visit,visit,T2-L11,1,model,True
AD000337,1489.167253090076,-2031.1507632705711,21.48248049447244,own_visit,visit,T2-L11,1,model,True
AD000338,1225.8215127519602,-2020.618852657815,32.4825617973964,own_visit,visit,T2-L11,1,model,True
AD000339,1504.9615312288092,-1770.081280676106,170.20715118445057,street_grid,"grid,lm",T2-L11,1,model,False
AD000340,-734.9316842566192,-1167.8298408037808,67.17913388229944,street_grid,grid,T1-L12,1,model,False
AD000341,466.9172893589998,2343.760172508914,56.40078511675622,street_grid,"grid,cm",T1-L07,1,model,False
AD000342,3557.982322303387,-33.218945520132024,22.566414070453582,own_visit,"visit,grid",T3-L05,1,model,True
AD000343,2913.6967166066006,725.2309912938548,185.45856313788858,street_grid,"grid,lm",T2-L06,1,model,False
AD000344,-1274.2357186411957,-3325.0271820701764,173.63561685288113,street_grid,"grid,poi",T1-L02,1,model,False
AD000345,602.8953592323986,-2974.1902343332413,822.1268027238133,baseline,"baseline,loccent,locgrp",T1-L04,1,model,False
AD000346,-1497.7860043580201,250.86481773063636,110.89157355921454,baseline,"baseline,grid,poi",T1-L05,1,model,False
AD000347,1550.698221676415,-2148.6132768656425,1612.6258260462719,locality_centroid,"loccent,baseline,locgrp",T3-L08,3,model,False
AD000348,-818.9174077194937,-939.4376289679456,24.80922895481379,own_visit,visit,T3-L03,1,model,True
AD000349,819.5719632322158,2542.7629386483077,195.46914108034807,street_grid,grid,T2-L08,1,model,False
AD000350,57.622479692551764,963.4365333029415,1236.6999589631828,landmark_poi,"poi,baseline,locgrp",T2-L10,1,model,False
AD000351,-158.3516588869487,2733.491849071888,92.12945716160534,blend,"baseline,br,grid",T3-L02,1,model,False
AD000352,2969.4559158933994,717.2739942123484,179.39154515739884,street_grid,grid,T2-L06,1,model,False
AD000353,2114.5855115852187,2139.41786578613,273.7605788966491,landmark_poi,"poi,grid",T2-L04,1,model,False
AD000354,1116.3005880375308,-936.5670272863063,196.7343394875002,own_visit,"visit,poi,lm",T3-L08,1,model,True
AD000355,691.610989965289,-3298.517309766144,59.48007766921669,own_visit,"visit,grid",T2-L01,1,model,True
AD000356,1160.578284963352,-3642.079094623158,271.6988579233272,landmark_poi,"poi,baseline",T3-L12,1,model,False
AD000357,433.29464946429323,1497.688497679461,242.4354506149199,landmark_poi,"poi,lm",T3-L09,1,model,False
AD000358,804.1662134816399,-5.06459395135811,201.32682697180317,own_visit,"visit,grid",T2-L02,1,model,True
AD000359,-2458.6952172713827,-2626.8128191675482,105.49010538196444,own_visit,visit,T1-L09,1,model,True
AD000360,3045.6467531472963,-2351.6242901053706,53.97509230289133,street_grid,"grid,visit",T1-L11,1,model,True
AD000361,-990.4111246487304,-3051.5259086508445,824.8534516563583,baseline,"baseline,loccent,locgrp",T1-L02,1,model,False
AD000362,-1802.0394874803596,-2237.5075561533813,345.863766042852,street_grid,"grid,lm,baseline",T1-L09,1,model,False
AD000363,2705.449319633488,-2604.047817339189,165.92628078261754,own_visit,visit,T1-L06,1,model,True
AD000364,946.2881300460854,-3448.5973346095348,32.692107998688336,own_visit,visit,T2-L01,1,model,True
AD000365,3082.345885148192,541.6650074357145,37.386471391225136,own_visit,visit,T2-L04,4,model,True
AD000366,1426.5015638226337,313.41969838088744,82.7507823689873,street_grid,"grid,baseline",T1-L03,1,model,False
AD000367,-3016.10202209515,-245.17761067541244,93.13199499496393,street_key,"br,grid,lm",T3-L06,1,model,False
AD000368,-2430.771539317257,1605.671996964652,142.1784791412972,street_grid,"grid,poi,lm",T3-L07,1,model,False
AD000369,718.0496272922124,-3211.4597860171093,44.274697796770816,own_visit,"visit,grid",T1-L04,1,model,True
AD000370,3092.555890059619,-1979.5147090693456,52.240841666231375,street_grid,grid,T1-L11,1,model,False
AD000371,833.4421847074161,-3275.1689298355095,56.608319788965176,street_grid,"grid,cm",T1-L04,1,model,False
AD000372,1177.2706849109372,-3251.2682178068785,63.38831124766981,street_grid,grid,T1-L04,1,model,False
AD000374,1116.6305234472363,-1161.3338870670277,79.58318762521853,street_grid,"grid,baseline,br",T3-L08,1,model,False
AD000375,-742.6911208728923,-2128.3636585618983,20.135720541766755,baseline,baseline,T3-L04,1,model,False
AD000376,1844.6501534998101,1639.366499023443,1372.357090477293,locality_centroid,"loccent,baseline,locgrp",T2-L04,4,model,False
AD000377,-880.5543420867126,-3242.0410333994137,195.78162132290632,street_grid,"grid,lm",T1-L02,1,model,False
AD000378,-868.6215294270091,-1437.6687897922616,56.50649137452375,street_grid,"grid,baseline",T1-L12,1,model,False
AD000379,-1940.2217693848663,-2490.858295638737,137.3042278322516,own_visit,visit,T2-L05,1,model,True
AD000380,-2697.2928317773535,1662.4729398240047,86.2770850519924,street_grid,"grid,poi",T3-L07,1,model,False
AD000381,644.5311223876878,-3150.600256583808,177.7636950512312,street_grid,"grid,lm",T2-L01,1,model,False
AD000382,3024.9352790340495,610.4272967671957,169.1920627753188,street_grid,"grid,lm",T2-L06,1,model,False
AD000383,186.5898642193116,1215.5457984853276,199.72270238446202,baseline,"baseline,grid",T2-L12,1,model,False
AD000384,-2345.6735867400544,-2304.6961213221325,266.8628043850201,landmark_poi,"poi,baseline",T1-L09,1,model,False
AD000385,2659.3010967400282,-1170.6898812566296,22.42208745017545,own_visit,visit,T2-L10,1,model,True
AD000386,1340.1114774229393,148.92596087188866,25.592587294211555,own_visit,visit,T2-L02,1,model,True
AD000387,-386.5873773306607,1678.1867020299194,46.80935889544756,own_visit,visit,T2-L12,1,model,True
AD000388,839.7025897555294,-1139.2270628841065,84.92497942915625,blend,"grid,baseline,br",T3-L08,1,model,False
AD000389,2836.1646351041104,-1773.4658668015188,28.370362126883613,own_visit,"visit,grid",T1-L11,4,model,True
AD000390,1942.8370650739355,-1238.1147896524628,240.34239106224896,landmark_poi,"poi,grid,lm",T1-L06,1,model,False
AD000391,765.9350600358857,-2619.0206971696252,58.924215851056005,street_grid,"grid,cm",T1-L04,1,model,False
AD000392,2115.684478078034,-1312.6894118732325,1157.6532898423284,locality_centroid,"loccent,baseline,locgrp",T2-L10,4,model,False
AD000393,1937.6058855369333,1315.8537845024248,1816.4829301542632,locality_centroid,"loccent,baseline,locgrp",T3-L05,2,model,False
AD000394,571.8945758473697,2613.9563311365614,238.1975572442174,landmark_poi,"poi,lm",T2-L08,1,model,False
AD000395,3655.5389418102454,486.0738461930147,325.01596561992835,street_grid,"grid,baseline,loccent",T3-L05,1,model,False
AD000396,-817.1238328744141,-415.29652733933233,200.08375625897995,landmark_group,"lm,poi",T3-L03,1,model,False
AD000397,3108.8163831481056,-1946.0263620234243,21.08648739814433,own_visit,visit,T3-L10,1,model,True
AD000398,-2302.12033983321,1357.116995998053,21.257543130800585,own_visit,visit,T3-L07,1,model,True
AD000399,3404.201666524584,-2189.948195974017,244.09701446642836,landmark_poi,"poi,lm",T3-L10,1,model,False
AD000400,-2068.825897788409,-2662.851962149239,36.94495742814516,own_visit,visit,T2-L05,1,model,True
AD000401,-2046.1860585214772,1604.4069005166346,249.6079181599964,street_grid,"grid,lm",T3-L07,1,model,False
AD000402,-2605.625024989783,1828.6783752804658,96.23767337283515,blend,"baseline,br,grid,poi,lm",T3-L07,1,model,False
AD000403,-2859.7952666717665,1546.843639231535,231.59785034665833,landmark_poi,"poi,lm",T3-L07,1,model,False
AD000404,2988.449891162569,986.5745196410398,22.494492172268714,own_visit,visit,T2-L06,1,model,True
AD000405,2360.2720984804805,2134.8791680544587,303.33455674417115,landmark_poi,"poi,grid,baseline",T2-L04,1,model,False
AD000406,2899.4278958463287,667.7759736911322,64.17365367885279,street_grid,grid,T1-L08,1,model,False
AD000407,2432.5050892320055,-773.1121424256995,34.046198732037,own_visit,visit,T2-L10,1,model,True
AD000408,2521.8079506096174,-1178.4647510178245,165.85232445105896,blend,"grid,poi,lm",T2-L10,1,model,False
AD000409,898.4435080379168,-1103.3380273173368,242.16207213260978,landmark_poi,"poi,lm",T3-L08,1,model,False
AD000410,1807.7584972229188,-2341.4007211062813,1620.8576579468725,locality_centroid,"loccent,baseline,locgrp",T3-L08,3,model,False
AD000411,3778.116545014823,416.63685410059634,831.0671974216289,baseline,"baseline,loccent,locgrp",T3-L05,1,model,False
AD000412,1385.5973603328187,-2046.922199769445,95.21199094793896,blend,"visit,baseline,grid,poi",T2-L11,1,model,True
AD000414,-1116.9176461151762,-575.6737974953767,196.7229219439727,street_key,"br,poi,lm",T3-L03,1,model,False
AD000416,-704.3069031450478,-1561.2528788918696,52.75477520461171,street_grid,"grid,baseline",T1-L12,1,model,False
AD000417,-2499.5614053516674,1291.0046025441347,106.23898894890407,blend,"grid,br,lm,poi",T3-L07,1,model,False
AD000418,2908.4378150935527,764.7523254424522,141.720878241258,street_grid,"grid,lm,poi",T2-L06,1,model,False
AD000419,1917.4576316407386,-2316.0345466306144,39.061446759447314,own_visit,visit,T2-L11,1,model,True
AD000420,3027.215315332042,-1272.8451841063102,69.54046103225656,own_visit,visit,T2-L10,1,model,True
AD000421,-3679.306980085545,-787.569822695964,144.92312996689577,street_key,"br,grid,lm",T3-L01,1,model,False
AD000422,-1266.8787668859686,-2285.287886168961,114.6494809469645,baseline,"baseline,poi,lm",T3-L04,1,model,False
AD000423,-980.8492649418968,298.2586109332661,136.08696472788847,street_grid,"grid,poi,lm",T1-L05,1,model,False
AD000424,2909.6507827755568,325.014307895556,47.16147609005722,own_visit,"visit,grid",T2-L06,1,model,True
AD000426,835.715323917472,-1184.3872576397498,22.81759851171825,own_visit,visit,T3-L08,1,model,True
AD000427,-1126.7061692533532,-331.6151917141158,22.9128688930888,own_visit,visit,T3-L03,1,model,True
AD000428,2886.5951859407924,-2682.1998428016886,59.34120604343118,street_grid,"grid,visit",T1-L11,1,model,True
AD000429,767.3192248888522,-3175.9081587865257,208.14290073733244,landmark_group,"lm,poi",T1-L04,1,model,False
AD000430,1590.8337926468103,-2216.5875079922052,130.4880261857651,own_visit,"visit,poi,lm",T2-L11,1,model,True
AD000432,1488.594971742752,-1849.4687901896912,186.279781323099,street_grid,grid,T2-L11,1,model,False
AD000433,3853.6444859438675,183.26156171436853,39.63270809595,own_visit,visit,T3-L09,2,model,True
AD000434,-386.0724390569774,-344.41712603885816,334.9701103023267,landmark_poi,"poi,baseline,loccent",T3-L03,1,model,False
AD000435,-1753.7016632113684,2179.101886409092,270.24490782897783,landmark_poi,"poi,lm",T1-L10,1,model,False
AD000436,2058.288067057755,1022.5149525284946,1735.0793325384582,locality_centroid,"loccent,baseline,locgrp",T3-L05,2,model,False
AD000437,-623.8123361893264,3242.8626733660353,120.49349567396925,baseline,"baseline,grid,poi,lm",T2-L03,1,model,False
AD000438,731.4774590694798,2345.6705007119326,214.90249026445906,street_grid,grid,T2-L08,1,model,False
AD000439,1242.3988828697327,219.5374018092775,177.92658123311486,street_grid,"grid,lm,poi",T2-L02,1,model,False
AD000440,1798.022786954088,-568.8792415708925,336.5443153800039,landmark_group,"lm,grid,poi,baseline,loccent",T1-L06,1,model,False
AD000441,2565.170247710396,923.715969928921,21.335687985282476,own_visit,"visit,grid",T1-L08,1,model,True
AD000442,-951.0961149303762,-1051.3455937134922,375.6104782103069,landmark_group,"lm,baseline,loccent",T1-L12,1,model,False
AD000443,1763.3062423225028,-1819.7727499514124,38.38438862789748,own_visit,visit,T2-L01,1,model,True
AD000444,2626.0214829175225,-1672.106779741248,26.287939800411515,own_visit,visit,T2-L10,4,model,True
AD000445,2573.271540642849,-1792.7607071404448,65.0228676584332,street_grid,"grid,baseline",T1-L11,1,model,False
AD000446,-642.2412703216851,-3753.99198195664,29.433237494478707,own_visit,visit,T3-L11,1,model,True
AD000447,189.48269442596694,2582.6128513984995,47.1145167075079,street_grid,grid,T1-L07,1,model,False
AD000448,-642.31902814221,-3359.741575773615,229.13401783888384,landmark_poi,"poi,lm",T3-L11,1,model,False
AD000449,-226.5929458498444,2758.20718336285,25.763943633186937,own_visit,visit,T3-L02,1,model,True
AD000450,2627.1942501570597,-1198.2797169412245,240.8609191523772,street_grid,grid,T2-L10,1,model,False
AD000451,1006.4898993522794,-487.10349865452724,30.058085297851935,own_visit,visit,T3-L08,1,model,True
AD000452,719.8383391167919,-1001.7576290111444,118.06645889989312,street_grid,"grid,poi,lm",T3-L08,1,model,False
AD000453,-2969.7032929947127,-4.9183240793109295,81.624700751418,street_key,"br,grid,poi,lmbr,lm",T3-L06,1,model,False
AD000455,-167.32994921635952,956.4971132461772,186.40609388812473,street_grid,"grid,poi,lm",T2-L12,1,model,False
AD000456,-221.8729140159493,-372.7177561947838,29.744414831451707,own_visit,visit,T2-L09,1,model,True
AD000457,-2616.8050364542137,1816.4269115765562,108.64847695532602,blend,"br,grid,poi",T3-L07,1,model,False
AD000458,-2580.2448903451373,-162.12864705089785,76.28526871484792,street_grid,"grid,br",T3-L06,1,model,False
AD000459,-1542.1413272048944,-2931.9900932308137,166.93776474047897,street_grid,"grid,poi,lm",T2-L05,1,model,False
AD000460,2828.0751204303288,-1281.5901749324119,25.77811231122334,own_visit,visit,T2-L10,1,model,True
AD000461,2948.602083553142,256.26925899856366,148.13473272171615,street_grid,"grid,poi,lm",T2-L06,1,model,False
AD000462,-806.8880912456369,-1375.4238339395235,258.07553414433676,landmark_poi,"poi,lm",T1-L12,1,model,False
AD000464,954.1713100317264,-869.4097563398183,814.3071607049085,baseline,"baseline,loccent,locgrp",T3-L08,1,model,False
AD000465,-2658.2128869961152,-51.67617006615217,29.03858321012646,own_visit,visit,T3-L06,1,model,True
AD000466,1035.7621058690581,9.115620365607931,66.689964980255,street_grid,grid,T1-L03,1,model,False
AD000467,-882.5043860371939,-3314.592948386527,29.06809451429936,own_visit,visit,T1-L02,1,model,True
AD000468,-442.3896380893547,3385.5490259662965,253.3825325482821,landmark_poi,"poi,lm",T3-L02,1,model,False
AD000469,765.2636405381435,-2758.4721339539924,28.166505226852216,own_visit,"visit,grid",T1-L04,1,model,True
AD000471,-3837.711005828985,-1133.6557849195794,24.568883784836835,own_visit,visit,T3-L01,1,model,True
AD000472,-327.49967208364825,-108.71354544165409,47.91892732128419,own_visit,visit,T2-L09,1,model,True
AD000473,1421.3083742627211,-1893.1739049164728,23.303844321125116,own_visit,visit,T2-L11,1,model,True
AD000475,2609.954243852108,-2237.4617229667974,46.316793361430264,street_grid,"grid,visit",T1-L11,1,model,True
AD000477,-2079.595899625112,-2043.089681984966,25.52420848539694,own_visit,visit,T1-L09,1,model,True
AD000478,1166.975347086031,-3177.4420225202743,60.2921775187289,street_grid,"grid,cm",T1-L04,1,model,False
AD000479,-1760.5975632561733,-2620.19642984249,174.88570775952752,street_grid,"grid,poi,lm",T2-L05,1,model,False
AD000480,1386.321385169842,-1766.2860843699011,284.6807337372163,landmark_group,"lm,baseline",T2-L11,1,model,False
AD000481,-2444.071192137933,1748.9362526521452,834.3858904589744,baseline,"baseline,loccent,locgrp",T3-L07,1,model,False
AD000482,-587.0956258437022,-540.2249744708204,230.23842865705498,landmark_poi,"poi,lm",T3-L03,1,model,False
AD000483,-530.3317512466139,-3408.698916357351,507.47511820358415,landmark_poi,"poi,baseline",T3-L04,1,model,False
AD000484,-2016.6573673779517,1596.430030555604,128.0964100606927,blend,"visit,br,grid",T3-L07,1,model,True
AD000485,847.8486407036346,-2674.6257560330696,109.48658693014698,baseline,"baseline,grid,poi",T2-L01,1,model,False
AD000486,2966.47161107031,-995.4556765581882,18.752201534399713,baseline,baseline,T2-L10,1,model,False
AD000487,1418.3666288836162,-1478.0408479779958,1443.1530814730497,locality_centroid,"loccent,baseline,locgrp",T2-L01,4,model,False
AD000488,1236.2070600153259,218.93656880265533,38.15273845366468,own_visit,visit,T1-L04,4,model,True
AD000489,-2390.1373024040863,-228.55511134650345,21.100062284168295,own_visit,visit,T3-L06,1,model,True
AD000491,547.3306368306426,-3009.8559696133907,114.937393633387,baseline,"baseline,grid,poi,lm",T2-L01,1,model,False
AD000492,1064.4870616720723,2712.4949800028544,819.8747781166121,baseline,"baseline,loccent,locgrp",T2-L08,1,model,False
AD000493,3148.4393713244845,-1991.0275438340918,814.9330851584248,baseline,"baseline,loccent,locgrp",T3-L10,1,model,False
AD000495,2899.5022009915147,-1416.2260891230785,32.3326568648326,own_visit,visit,T2-L10,1,model,True
AD000497,-2741.955350365023,1501.0690581831889,79.284086978406,street_grid,"grid,visit",T1-L01,1,model,True
AD000498,975.5410889518703,-350.0572191044253,37.23293566923253,own_visit,visit,T2-L10,4,model,True
AD000499,54.55532134151069,-506.46834739368853,2599.256077785958,locality_centroid,"loccent,baseline,locgrp",T3-L01,12,model,False
AD000500,-337.3919787387782,-3417.887194426022,200.77396837644497,street_key,"br,poi,lm",T3-L11,1,model,False
AD000501,-946.2934339617436,-1921.3859434709116,272.8488260429317,landmark_poi,"poi,baseline",T3-L04,1,model,False
AD000502,1645.8003843929155,-2450.6209832995523,120.36673557713078,baseline,"baseline,grid",T2-L11,1,model,False
AD000503,955.312319920583,-130.54903400963528,207.74895370748555,street_grid,"grid,lm",T2-L02,1,model,False
AD000504,2932.7485611616166,-2062.7272455983552,43.027434331449015,street_grid,"grid,visit",T1-L11,1,model,True
AD000505,-1727.8953316693028,-1294.034170621378,1729.124436603232,locality_centroid,"loccent,baseline,locgrp",T3-L01,5,model,False
AD000506,3217.991505689794,407.3857452696752,155.75503262402162,baseline,"baseline,grid",T2-L06,1,model,False
AD000507,3210.1488341664344,923.4214290062558,142.73812131699535,baseline,"baseline,grid,lm",T2-L06,1,model,False
AD000508,-2011.235887575266,1662.9908176631268,28.81114661309266,own_visit,visit,T3-L07,1,model,True
AD000509,904.8299580132481,2629.025135699509,98.26758363052987,baseline,"baseline,grid,lm,poi",T2-L08,1,model,False
AD000510,-2940.1387134041533,-571.7287741474902,93.99249450794353,street_grid,"grid,br,poi,lm",T3-L06,1,model,False
AD000511,-171.33625987530667,3168.0551615991712,172.071114947186,street_key,"br,poi,lm",T3-L02,1,model,False
AD000512,-3001.6149391416347,-52.92808483699888,227.0956729404748,street_key,br,T3-L01,1,model,False
AD000513,-2703.530968463775,1265.8160085421448,65.86869734058729,street_grid,grid,T1-L01,1,model,False
AD000515,2597.7656896095264,-1318.9531078068665,241.26101745707894,street_grid,grid,T2-L10,1,model,False
AD000517,2110.7983157734975,614.3589663957013,23.59327504875057,own_visit,"visit,grid",T1-L08,1,model,True
AD000518,0.5982538652030981,2525.2181141603437,60.774567419918746,street_grid,grid,T1-L07,1,model,False
AD000519,-159.89114007798148,2828.652071256775,17.62165984314662,baseline,baseline,T3-L02,1,model,False
AD000521,-856.815654313068,-3858.65515533534,24.684608315081544,own_visit,visit,T3-L11,1,model,True
AD000522,2940.371675159668,941.6768689546151,164.14279391103744,street_grid,"grid,poi",T2-L06,1,model,False
AD000523,2395.718772103717,-1268.2112606171936,276.07730243152747,landmark_poi,"poi,baseline",T2-L10,1,model,False
AD000524,2621.0453910534466,-1680.4809393458402,40.5679647377624,own_visit,"visit,grid,baseline",T1-L11,1,model,True
AD000525,-788.7271592600713,-455.79093230076313,233.32363147659916,landmark_poi,"poi,lm",T3-L03,1,oof_cv,False
AD000526,1171.320427039068,-561.0630758018909,30.843311166082238,own_visit,visit,T3-L08,1,model,True
AD000527,1004.2817258260018,2610.2389139058023,829.7095955571398,baseline,"baseline,loccent,locgrp",T2-L08,1,oof_cv,False
AD000528,-2654.0465753155886,-508.40765169643066,65.27462081872773,blend,"grid,br,baseline",T3-L06,1,model,False
AD000529,2805.5211160931544,-2092.681397813178,42.94553088617546,street_grid,"grid,visit",T1-L11,1,model,True
AD000530,-1144.271561180694,-3087.216099667468,23.428087104597004,own_visit,visit,T1-L02,1,model,True
AD000531,1291.0776916239174,-2463.0811586001273,34.253968211763784,own_visit,visit,T2-L10,4,model,True
AD000532,1403.5554840413508,-761.672842840692,24.63911878500345,own_visit,visit,T3-L08,1,model,True
AD000533,-2596.4336235765654,-172.86888862188806,22.141633349577226,own_visit,visit,T3-L06,1,model,True
AD000534,3960.083838604663,717.0226199311824,42.62153928698618,own_visit,visit,T3-L09,2,model,True
AD000535,3712.026317542778,113.60650239053317,37.82815219366151,own_visit,"visit,grid",T3-L05,1,model,True
AD000536,-3112.9138636026123,1221.3143205159442,61.58809129526987,street_grid,"grid,baseline",T1-L01,1,model,False
AD000537,1466.7260986901356,-1795.2029583553876,1491.3338644037124,locality_centroid,"loccent,baseline,locgrp",T1-L03,4,model,False
AD000538,1330.4503298092648,-1738.6309313265706,109.78919991307797,own_visit,"visit,grid,lm",T2-L11,1,model,True
AD000539,2578.7370317612463,-1028.9808141141853,61.61880770191034,own_visit,visit,T2-L11,4,model,True
AD000540,1212.1832682081958,1341.0182858834107,116.00593643905056,baseline,"baseline,poi",T2-L07,1,model,False
AD000541,2633.2034877650003,-2468.3048479494523,90.8390984843017,own_visit,"visit,lm,poi",T1-L11,1,model,True
AD000542,-1403.593967055525,2271.99067656489,1436.2454998108878,locality_centroid,"loccent,baseline,locgrp",T3-L02,2,model,False
AD000543,678.7979616848919,-2931.7157590141296,58.77189938542254,street_grid,grid,T1-L04,1,model,False
AD000544,-409.74186997003164,-1082.3890580137777,75.79564787629724,street_grid,"grid,baseline",T1-L12,1,model,False
AD000545,-3041.355720378434,-472.3975341377064,408.17337909393876,landmark_poi,"poi,lm",T3-L01,1,model,False
AD000547,-1107.2286217601397,-3131.393067909954,149.1823099428454,street_grid,"grid,cm,poi",T1-L02,1,model,False
AD000548,1199.1670866931047,2651.1298891380347,139.93817495960235,baseline,"baseline,grid,poi,lm",T2-L08,1,model,False
AD000549,-676.148713647256,-717.9488161968276,144.9677679253116,street_grid,"grid,lm,poi",T2-L09,1,model,False
AD000550,817.867703576066,-3101.125238169582,14.140600213375906,baseline,"baseline,visit",T2-L01,1,model,True
AD000551,673.2233866214395,-2789.801909577639,49.62137578373361,street_grid,"grid,baseline,cm",T1-L04,1,model,False
AD000552,838.5445307861839,1082.356104035868,125.97813293088309,baseline,"baseline,poi",T2-L07,1,model,False
AD000553,1662.4279674980628,-1603.0106007878744,26.895797399968746,own_visit,visit,T2-L11,1,model,True
AD000554,905.0463864036042,-705.5529086336153,83.94013841399715,street_grid,"grid,br,poi",T3-L08,1,model,False
AD000555,-81.90194457652446,3297.2523288026127,172.64822441659393,street_key,"br,poi",T3-L02,1,model,False
AD000556,3816.6315149436064,199.37920498778232,22.12195703162527,own_visit,visit,T3-L05,1,model,True
AD000557,711.9255979791426,-2945.6411480311494,23.356476516136265,own_visit,visit,T1-L04,1,model,True
AD000558,2604.1164682466842,-1351.0045757282849,162.72767837665185,blend,"grid,poi,lm",T2-L10,1,model,False
AD000560,1291.9554675645606,-2463.6207945874035,22.442129268389824,own_visit,visit,T2-L11,1,model,True
AD000561,-633.1599627176481,-3113.88379553031,43.170594594945676,own_visit,visit,T1-L06,4,oof_cv,True
AD000562,-745.4290760111594,-3250.565957644286,28.231041303749745,own_visit,visit,T1-L02,1,model,True
AD000563,2990.724320453865,-2509.3996820722928,20.6107346446998,own_visit,"visit,grid",T1-L11,1,model,True
AD000565,1474.0564854831857,218.96837146831743,29.21238060450198,own_visit,visit,T2-L02,1,model,True
AD000566,2530.891612765056,-1134.7363606505235,173.08629447607598,blend,"grid,poi,lm",T2-L10,1,model,False
AD000567,-2811.4816783254573,1379.1318479239555,96.31325986078724,street_grid,"grid,poi,lm",T3-L07,1,model,False
AD000568,1188.813350903352,-586.4878119782106,77.27827852275517,street_grid,"grid,baseline",T1-L03,1,model,False
AD000569,2861.827607624662,-2112.3479332736947,81.25814628764662,own_visit,"visit,poi,lm",T1-L11,1,model,True
AD000570,1056.283792399511,-433.56007835471013,225.6603368582038,landmark_poi,"poi,lm",T3-L08,1,model,True
AD000572,-1144.2330835931489,-1974.9981548599494,840.5845907783415,baseline,"baseline,loccent,locgrp",T3-L04,1,oof_cv,False
AD000573,1636.5456130156417,-1696.8505081950627,27.501256394473778,own_visit,visit,T2-L11,1,model,True
AD000574,-70.85164365337435,-3832.0314025880966,29.6971564150895,own_visit,visit,T3-L11,1,oof_cv,True
AD000575,869.090611761539,-3760.940390942685,21.035559493220426,own_visit,visit,T3-L12,1,model,True
AD000576,-505.7172792501827,-3698.393231450006,25.634742075834968,own_visit,visit,T3-L11,1,model,True
AD000577,3384.8062066539496,491.08424079797794,123.96588178694586,street_key,"br,poi,lm,lmbr",T3-L05,1,model,False
AD000578,1438.3772466061741,-202.39088719301958,69.32500827178966,street_grid,grid,T1-L03,1,model,False
AD000579,-412.4012051724293,-627.1872439389247,41.0634971058328,own_visit,visit,T2-L12,12,model,True
AD000580,-1734.183463298285,-1537.7148359266953,1734.7615524509652,locality_centroid,"loccent,baseline,locgrp",T3-L01,5,model,False
AD000581,729.9762827914449,-3430.7551140845153,22.04824938118557,own_visit,visit,T2-L01,1,model,True
AD000583,3090.5005189470767,-2391.929650153007,77.56334941806372,street_grid,"grid,br,lm,poi",T3-L10,1,model,False
AD000584,-83.8621152618217,3496.0177434952857,306.5390864696276,landmark_poi,"poi,baseline",T3-L02,1,model,False
AD000585,1754.3528444341705,-1907.6019866459312,151.86791378280074,baseline,"baseline,grid",T2-L11,1,model,False
AD000586,363.53414113868126,2709.976108850939,19.950732300935574,own_visit,"visit,grid",T1-L07,1,model,True
AD000587,1198.7054687694979,-516.359538748437,27.97615602419621,own_visit,visit,T3-L08,1,model,True
AD000588,1060.0682530109636,-40.46698788022449,100.64504030587844,baseline,"baseline,grid",T2-L02,1,model,False
AD000589,2671.604075069827,-1861.1379874323022,48.40385446547666,street_grid,"grid,visit",T1-L11,1,model,True
AD000590,-229.23059841493227,-3935.6571814345903,196.99787242663984,street_grid,grid,T3-L11,1,model,False
AD000591,-825.8478019475931,-415.4674959869841,200.36233557998807,landmark_group,"lm,poi",T3-L03,1,model,False
AD000592,-2797.7096724688377,-497.6564292635107,228.80010803630222,street_key,"br,poi,lm",T3-L01,1,model,False
AD000593,-1070.5218740141784,63.35970222984821,113.56344137527171,baseline,"baseline,grid,poi,lm",T1-L05,1,model,False
AD000594,-1881.4995369283695,1217.971384584765,1306.1375095815495,locality_centroid,"loccent,baseline,locgrp",T1-L01,3,model,False
AD000595,-2235.8961832900272,1195.0059264083457,98.14178722218588,blend,"br,baseline,grid,poi",T3-L07,1,model,False
AD000596,686.1649228338424,-718.0744133468361,59.346097180657736,own_visit,"visit,grid,br",T3-L08,1,model,True
AD000597,3318.6274348048714,-1936.6173380417833,239.31809883202789,landmark_poi,"poi,lm",T3-L10,1,model,False
AD000598,1606.8482793207768,-2321.486808764146,23.56515555165607,own_visit,visit,T2-L11,1,model,True
AD000599,-1173.1879858410293,-2383.958489003096,1272.0528266712797,locality_centroid,"loccent,baseline,locgrp",T1-L02,3,model,False
AD000600,1763.4453254521404,-2432.093862980355,24.74787879322903,own_visit,visit,T2-L11,1,model,True
AD000601,-973.1630799186125,-1736.4035901741424,1437.5141205161501,locality_centroid,"loccent,baseline,locgrp",T2-L05,2,model,False
AD000602,2987.037238251452,-1927.333644851967,45.359277641581706,street_grid,"grid,visit",T1-L11,1,model,True
AD000603,2904.059599480271,966.438612875855,210.9535704832639,street_grid,"grid,lm",T2-L06,1,model,False
AD000604,1193.6699373617348,-3397.883791908165,69.49485033852517,street_grid,grid,T1-L04,1,model,False
AD000605,-2643.9003348938363,-494.1914225282049,20.022548180883312,own_visit,visit,T3-L06,1,oof_cv,True
AD000606,-583.8297010860024,3280.578326432928,14.066173910604725,baseline,"baseline,visit",T3-L02,1,model,True
AD000607,-834.85070833048,-3852.927522208759,22.046997520004886,own_visit,visit,T3-L11,1,model,True
AD000608,924.0829572243065,-3347.861758088537,24.216493888524656,own_visit,"visit,grid",T1-L04,1,model,True
AD000609,-1539.6090570090516,-2930.107081035596,166.54520895986178,street_grid,"grid,poi,lm",T2-L05,1,model,False
AD000610,2131.6225939697993,2223.9382354288236,117.01884797229484,baseline,"baseline,poi",T2-L04,1,model,False
AD000611,2761.796344900922,-1166.8327535252633,209.76642190329062,street_grid,"grid,lm",T2-L10,1,model,False
AD000612,918.0659031685005,966.7354979268939,134.88683845449168,baseline,baseline,T2-L07,1,model,False
AD000613,2785.733538903509,372.87914149694666,46.48511833052756,own_visit,visit,T2-L06,1,model,True
AD000614,-2490.5496320028765,1399.082645642513,22.819758988137192,own_visit,visit,T3-L07,1,model,True
AD000615,-416.2371080825364,2953.967648866839,152.83060849112215,street_key,"br,poi,lm",T3-L02,1,model,False
AD000616,-1785.2667504426422,-1333.0392643397686,1727.1678277157762,locality_centroid,"loccent,baseline,locgrp",T3-L01,5,model,False
AD000617,-2975.157662594551,-14.489040482476984,33.33967433311777,own_visit,"visit,br",T3-L06,1,model,True
AD000619,-1217.4719863145258,333.8310244258878,826.3039280078883,baseline,"baseline,loccent,locgrp",T1-L05,1,model,False
AD000620,682.0047887876605,985.390531160879,121.77911234622444,baseline,"baseline,poi",T2-L07,1,model,False
AD000621,619.491424006409,1214.0178294654238,136.59677106825984,baseline,"baseline,poi",T2-L07,1,model,False
AD000622,2479.016351978158,-2508.597236544809,37.66521759419979,own_visit,"visit,grid",T1-L11,1,model,True
AD000623,2261.0409202705723,1217.224995486575,38.1679111412013,own_visit,visit,T1-L08,1,model,True
AD000624,129.71727851620315,-470.42594385112443,25.630729984051,own_visit,visit,T2-L09,2,model,True
AD000625,1445.7738056960636,1426.4219994594798,1173.216077570018,locality_centroid,"loccent,baseline,locgrp",T2-L07,4,model,False
AD000626,-1689.306549041742,-2571.4708927790402,223.91801465038426,street_grid,grid,T2-L05,1,model,False
AD000627,-718.5398573632984,-3782.1776491176183,22.048043394420695,own_visit,"visit,grid",T3-L11,1,oof_cv,True
AD000628,-775.5395190733691,3276.954712162808,123.0039165878847,baseline,"baseline,poi",T3-L02,1,model,False
AD000629,-2854.1411401342043,1539.9136243337355,235.94996495380045,landmark_poi,"poi,lm",T3-L07,1,model,False
AD000630,2845.697452558182,-1937.0057258025176,34.292310113707245,own_visit,visit,T1-L11,1,model,True
AD000631,-2878.4144648188935,-148.5050357006034,69.52552996672276,own_visit,"visit,grid",T3-L06,1,model,True
AD000632,-878.0957284082533,-3850.0882092927372,23.819098927777027,own_visit,visit,T3-L11,1,model,True
AD000633,2548.0058741272114,-1603.5197423775933,269.02589427665885,street_grid,grid,T2-L10,1,model,False
AD000634,1815.8446989202846,-1570.8279916116385,36.123541119552684,own_visit,visit,T2-L11,1,model,True
AD000635,1438.1105829186163,-686.3642068878198,30.939233419978862,own_visit,visit,T1-L03,1,model,True
AD000636,-1234.136842593628,-2183.6579582357504,1258.8729976831014,locality_centroid,"loccent,baseline,locgrp",T1-L02,3,model,False
AD000637,1668.8888465010764,-1454.9433388464213,1480.935777441137,locality_centroid,"loccent,baseline,locgrp",T1-L03,4,model,False
AD000638,2398.5039889975715,-1288.6930642632622,34.96722352842086,own_visit,visit,T1-L06,1,model,True
AD000639,1031.7726842286434,-982.9563555930878,112.74075216056437,blend,"baseline,br,grid,visit,poi",T3-L08,1,model,True
AD000641,2931.779735333657,-2247.8419690797923,25.91682050479454,own_visit,visit,T1-L11,1,model,True
AD000642,682.283611083983,-316.26952281555975,23.69961143258779,own_visit,visit,T2-L02,1,model,True
AD000644,-2972.738887678812,-167.5943282992328,109.44967257486584,blend,"br,grid,poi,lm",T3-L06,1,model,False
AD000645,3556.744511302344,-72.6930160767023,39.452854803512366,own_visit,"visit,grid",T3-L05,1,model,True
AD000646,2444.573196409928,-2254.5158776942553,31.026649848395223,own_visit,visit,T1-L11,1,model,True
AD000647,-176.05824916099422,-3340.9895838108587,23.47294188933394,own_visit,visit,T3-L11,1,model,True
AD000648,-1760.9858461327099,-1301.193924456358,1728.9072732300058,locality_centroid,"loccent,baseline,locgrp",T3-L01,5,model,False
AD000649,-2651.07795711701,978.8788889202237,60.78540963608728,street_grid,"grid,baseline,visit",T1-L01,1,model,True
AD000650,4016.1058687884606,282.5326577757377,142.47374367822226,street_grid,grid,T3-L05,1,model,False
AD000651,3434.5357800101265,535.8808902671425,136.527926996219,street_key,"br,poi,lm",T3-L05,1,model,False
AD000652,2855.1918838986535,-2274.915248809428,23.105077258251352,own_visit,visit,T1-L11,1,model,True
AD000653,2023.2462424748696,-682.3036704211181,216.2889044159049,blend,"poi,lm,grid",T1-L06,1,model,False
AD000654,-231.18591403371488,3231.9748926188713,28.26327891040271,own_visit,visit,T3-L02,2,model,True
AD000655,-867.0634956146539,-1474.8627607396895,63.27147375467832,street_grid,"grid,baseline",T1-L12,1,model,False
AD000656,2451.993369726353,1144.1185349675513,58.29595552243229,street_grid,grid,T1-L08,1,oof_cv,False
AD000657,-2011.550624547567,-2092.196248737499,332.3103649837748,street_grid,"grid,baseline,loccent",T1-L09,1,model,False
AD000658,2475.914260083411,-2260.7324794408464,45.46594586151729,street_grid,"grid,visit",T1-L11,1,model,True
AD000660,-1558.4515117532248,-2441.320742197499,224.61530364009656,street_grid,"grid,visit",T2-L05,1,model,True
AD000662,-575.502468035312,3418.352096874462,23.13689196931976,own_visit,visit,T3-L02,1,model,True
AD000663,2095.0792719597994,989.8381393940192,22.026008000103705,own_visit,"visit,grid",T1-L08,1,model,True
AD000664,-943.9797361256989,480.39841710395103,171.49622566708098,street_grid,grid,T1-L05,1,model,False
AD000665,-875.6274579217738,-3344.526528400085,145.12508307718545,street_grid,"grid,cm,lm",T1-L02,1,model,False
AD000666,-2645.9901707878425,-496.55205613626936,23.43470484389874,own_visit,"visit,grid,br",T3-L06,1,model,True
AD000667,2313.3577057021503,-2348.98908732105,47.222708020634485,street_grid,"grid,visit",T1-L11,1,model,True
AD000668,2325.106599498212,915.6469692656295,27.013559291934605,own_visit,visit,T1-L08,1,model,True
AD000669,2254.256693733104,622.8263048627917,20.890179052764456,own_visit,"visit,grid",T1-L08,1,model,True
AD000671,1297.6622658499844,-829.8063353185279,52.584608112002606,own_visit,"visit,br",T3-L08,1,model,True
AD000672,944.8824458294491,2635.6252783739487,44.117877275609516,own_visit,visit,T2-L08,1,model,True
AD000673,1574.2288015128477,-1654.629373350476,1446.1828173202762,locality_centroid,"loccent,baseline,locgrp",T2-L01,4,model,False
AD000674,924.7424395079038,-2915.8073330031284,29.65577991663718,own_visit,visit,T2-L01,4,model,True
AD000675,2978.2972855622907,-1524.7617245051185,116.46128130460018,own_visit,"visit,grid",T2-L10,1,model,True
AD000676,1540.7288743382042,-1573.2899534736373,1437.2068842026586,locality_centroid,"loccent,baseline,locgrp",T2-L01,4,model,False
AD000677,2385.923755446685,2143.7168733118037,322.890829645455,landmark_poi,"poi,grid",T2-L04,1,model,False
AD000678,844.4928029643582,-806.1134562256441,25.122261106718764,own_visit,visit,T3-L08,1,model,True
AD000679,866.3289177146718,-892.1782693985866,816.0277774595432,baseline,"baseline,loccent,locgrp",T3-L08,1,model,False
AD000680,-662.0201509409359,2834.6306551948487,22.406207747682277,own_visit,visit,T2-L03,1,model,True
AD000681,185.24738284166253,1825.6663402442127,14.605173864684048,baseline,baseline,T3-L09,1,oof_cv,False
AD000682,1155.8085632075254,-612.4343508770189,93.44432083883588,street_key,"br,grid",T3-L08,1,model,False
AD000683,295.4378261222718,2609.628888147583,49.99326103704104,street_grid,grid,T1-L07,1,oof_cv,False
AD000684,3006.8249529571253,-2431.351084144524,50.86828955092008,street_grid,grid,T1-L11,1,model,False
AD000685,782.094257478185,-3284.1481216519273,26.758307704179916,own_visit,visit,T2-L01,1,model,True
AD000686,2804.171712893342,833.3012404367831,24.197799550901884,own_visit,visit,T2-L06,1,model,True
AD000687,2789.5253434368788,936.0365512254548,61.26956729104299,street_grid,grid,T1-L08,1,model,False
AD000688,1028.1805713883423,-3086.469864581983,69.2875850789413,street_grid,"grid,baseline",T1-L04,1,model,False
AD000689,2797.328907163294,-2146.3763993673983,210.77702861868156,landmark_poi,"poi,lm",T1-L11,1,model,False
AD000690,-1548.8118986881475,541.9953472464645,129.81350972504453,street_grid,"grid,cm,poi",T1-L05,1,model,False
AD000692,-1431.919514280059,-1716.4661814388435,120.45592646107664,baseline,baseline,T3-L04,1,model,False
AD000693,901.8760944778692,-369.24425493959814,77.60600587860704,street_grid,"grid,baseline",T1-L03,1,model,False
AD000694,-1589.0825310402245,-2859.5719869721547,213.28180495911516,street_grid,grid,T2-L05,1,model,False
AD000695,-404.4396308730927,-137.2707469687049,153.2257157620506,street_grid,"grid,poi,lm",T2-L09,1,model,False
AD000696,2342.4612355579843,1079.8707655923974,19.717765880292976,own_visit,"visit,grid",T1-L08,1,model,True
AD000697,-721.4617392205098,2762.8659095478674,173.4246784297398,street_grid,"grid,poi,lm",T2-L03,1,model,False
AD000698,723.8391085267555,1349.3604990385131,329.2884721259665,landmark_poi,"poi,baseline,loccent",T2-L07,1,model,False
AD000699,3204.598338583911,-2026.9057954950524,27.76258744326915,own_visit,visit,T1-L11,4,model,True
AD000700,111.17001350001144,2401.4869665962124,51.703151992288895,street_grid,"grid,baseline",T1-L07,1,model,False
AD000701,985.4275738529648,165.24144130132598,524.5618840406062,landmark_group,"lm,poi,baseline,loccent",T2-L02,1,model,False
AD000702,2701.2831531748366,-2598.6326507824137,59.021312522101,street_grid,grid,T1-L11,1,model,False
AD000703,1268.4338299904832,151.2794513559402,22.571631393091188,own_visit,visit,T2-L02,1,model,True
AD000704,2541.079896543284,-1615.4224126799227,262.48003216923695,street_grid,grid,T2-L10,1,model,False
AD000705,3512.93678634362,-2242.9773456541234,233.64652508840598,landmark_poi,"poi,lm",T3-L10,1,model,False
AD000706,-290.25661138084337,3147.095732452216,124.48040100687118,baseline,"baseline,poi,lm",T3-L02,1,model,False
AD000707,-576.9768258792666,-533.2256272292682,822.1718909277143,baseline,"baseline,loccent,locgrp",T2-L09,1,model,False
AD000708,2992.4533138088,231.64929435161088,186.4125600508717,street_grid,grid,T2-L06,1,model,False
AD000709,630.2855231039479,-3360.19328202211,245.86923367093567,street_grid,"grid,lm",T2-L01,1,model,False
AD000710,1206.7831264908657,1051.9051725375698,35.744412774962726,own_visit,visit,T2-L07,1,model,True
AD000711,836.1662235345751,2493.289334344934,153.98316765898093,own_visit,"visit,lm,poi",T2-L08,1,model,True
AD000712,-1586.4173083890128,-2772.202885395148,194.87165658275015,street_grid,"grid,poi,lm",T2-L05,1,model,False
AD000713,753.8922313223455,2464.750077802496,209.7957502667432,street_grid,"grid,lm",T2-L08,1,model,False
AD000715,1480.6269403997726,-1984.223781131875,149.2290320848328,street_grid,"grid,poi,lm",T2-L11,1,model,False
AD000717,-491.09107150759496,-311.2807493606272,249.8721011967226,landmark_poi,"poi,lm",T3-L03,1,model,False
AD000718,907.9247419093624,2739.6397665400727,191.93402375524386,street_grid,grid,T2-L08,1,model,False
AD000719,2781.9870668224244,-1826.4176121168168,39.83384300972705,own_visit,"visit,grid",T1-L11,1,model,True
AD000720,1062.230441238848,-35.80586284943516,201.71349543190993,street_grid,grid,T2-L02,1,model,False
AD000721,-3038.766831337928,-114.95398692173136,29.810807815177473,own_visit,visit,T3-L06,1,model,True
AD000722,4020.8768031080817,332.2858255322901,69.60219643156991,own_visit,"visit,br,grid",T3-L05,1,model,True
AD000723,-2760.706565890497,1016.7227597159963,63.158253058896946,street_grid,grid,T1-L01,1,model,False
AD000725,-881.0732637655167,2612.0246157311226,111.18229145750544,baseline,"baseline,grid,poi",T2-L03,1,model,False
AD000727,-2671.3078375894115,-486.38216978268736,44.854133292540055,own_visit,"visit,grid,br",T3-L06,1,model,True
AD000728,-666.7370412108613,-3379.4724621236705,120.74089655015716,baseline,"baseline,grid",T1-L02,1,model,False
AD000730,1047.9598717650606,-98.42678093699794,205.55429039115663,street_grid,grid,T2-L02,1,model,False
AD000731,3012.3952583842297,-2668.9681294245647,56.3667796417352,street_grid,grid,T1-L11,1,model,False
AD000732,-1129.398270044499,-1757.3827964349312,838.2200420799064,baseline,"baseline,loccent,locgrp",T3-L04,1,model,False
AD000733,2847.919147151163,-2263.052297911446,37.44054049170819,own_visit,"visit,grid",T1-L11,1,model,True
AD000734,3902.7802932619743,548.7390943964267,86.86029289553679,blend,"baseline,br,grid,poi",T3-L05,1,model,False
AD000735,2676.3529592440054,-2363.0895434112103,22.82327830064675,own_visit,"visit,grid",T1-L11,1,model,True
AD000736,2235.848482533722,850.7867542596116,67.22781731407729,street_grid,grid,T1-L08,1,model,False
AD000737,-475.91694818621994,-2875.9826887875647,29.670836378526804,own_visit,visit,T1-L02,1,model,True
AD000738,-337.72274057672206,-933.7640077041003,55.618289997124016,street_grid,"grid,visit",T1-L12,1,model,True
AD000739,717.6663925086777,-3270.3285759598148,24.247037356862077,own_visit,"visit,grid",T1-L04,1,model,True
AD000740,1974.379484893554,-928.1819417110918,25.197737124001637,own_visit,visit,T1-L06,1,model,True
AD000741,-820.3348422967647,2879.8847367603817,94.64384264811885,baseline,"baseline,visit",T3-L02,1,model,True
AD000742,598.5827093164546,2240.011039120029,51.55997577706555,street_grid,grid,T1-L07,1,model,False
AD000743,-657.4640262758022,-2886.7452801124773,34.11000010037476,own_visit,visit,T1-L09,1,model,True
AD000744,1297.8412531017814,-1100.8710947709937,32.05358809037594,own_visit,visit,T3-L08,1,model,True
AD000745,-1613.040991966186,-2704.6487282671533,183.82770112969786,street_grid,"grid,poi",T2-L05,1,model,False
AD000746,2719.2857648107515,908.7392255662596,19.768216434760593,baseline,baseline,T2-L06,1,model,False
AD000748,1204.9993128025208,-178.9006331830128,56.32737714520497,street_grid,"grid,cm",T1-L03,1,model,False
AD000749,-173.00164867394247,-3422.498311347925,25.27391716472034,own_visit,visit,T3-L11,1,model,True
AD000750,-93.57206565613636,3180.4069483570274,22.733575607631906,own_visit,visit,T3-L02,1,model,True
AD000751,1224.1219529078742,1477.5672179635042,291.76421791124443,landmark_poi,"poi,baseline",T2-L07,1,model,False
AD000752,-719.6154368908092,2761.3750841941524,173.063081435423,street_grid,"grid,poi,lm",T2-L03,1,model,False
AD000753,2778.5386753152306,-2567.084089638705,44.22185606082333,own_visit,visit,T1-L11,1,model,True
AD000754,1730.5933429281306,1732.5144640567967,1386.5100714371956,locality_centroid,"loccent,baseline,locgrp",T2-L04,4,model,False
AD000755,723.828659295484,-2987.5593409884323,248.23040013198457,street_grid,"grid,poi,lm",T2-L01,1,model,False
AD000756,1340.9557308895462,-2045.3692759297876,79.4520316381905,own_visit,"visit,baseline,grid",T2-L11,1,model,True
AD000757,2782.417985517449,-1107.870796327871,225.84026743907972,street_grid,"grid,lm",T2-L10,1,model,False
AD000758,636.1309835708347,-3004.477681324786,821.4012278032621,baseline,"baseline,loccent,locgrp",T2-L01,1,model,False
AD000759,3134.839806862286,565.2335855752642,23.765458378876236,own_visit,visit,T2-L06,1,model,True
AD000760,2750.908142659189,-2469.111659047106,51.91872620465126,street_grid,"grid,cm",T1-L11,1,model,False
AD000761,2694.4139350073,1080.3508258767515,27.538099933977136,own_visit,visit,T1-L08,1,model,True
AD000762,-2599.881795438384,-573.8540780636952,98.21643790731275,street_grid,"grid,baseline,poi,lm",T3-L06,1,model,False
AD000763,2990.848324878651,-1816.2250395083936,120.98892319543543,street_key,"br,poi,lm,lmbr",T3-L10,1,model,False
AD000764,574.6167640255418,-2855.0513366931136,57.33608585123283,street_grid,grid,T1-L04,1,model,False
AD000765,-761.248116201008,-728.2814473138836,141.73236959041884,street_key,"br,poi,lm",T3-L03,1,model,False
AD000766,3090.533059036134,-1848.6170052576317,249.17376256092692,landmark_poi,"poi,lm",T3-L10,1,model,False
AD000767,795.5436149990028,-2897.9905271541206,57.35626262593636,street_grid,"grid,baseline",T1-L04,1,model,False
AD000768,2648.474550119665,-1616.604086466582,26.03942602744178,own_visit,visit,T2-L10,1,model,True
AD000769,-418.9789528195505,1607.3088119206623,195.29650725598177,street_grid,"grid,poi",T2-L12,1,model,False
AD000770,2550.8837640155184,-576.4524585628373,162.09259513886357,baseline,"baseline,grid",T2-L10,1,model,False
AD000771,826.999479499887,-710.3025604724535,26.159407654306598,own_visit,visit,T3-L08,1,model,True
AD000772,-348.87749164349606,3069.8220312810904,237.04243236521555,landmark_poi,"poi,lm",T3-L02,1,model,False
AD000773,1489.760808550145,-2452.0265662471625,152.9185495887828,street_grid,"grid,lm,poi",T2-L11,1,model,False
AD000774,-2671.960956582195,1725.8860834345312,30.235937040749803,own_visit,visit,T3-L07,1,oof_cv,True
AD000775,-760.5490436586771,-384.1131416180487,115.57041178323217,baseline,baseline,T3-L03,1,model,False
AD000776,3487.731701625177,126.34684832243808,20.581439154417218,own_visit,visit,T3-L05,1,model,True
AD000778,2240.682174889517,-698.4589172403672,333.71632890535994,landmark_group,"lm,grid,baseline,loccent",T1-L06,1,model,False
AD000779,2210.1988783662823,843.2881827569712,45.65078510043134,own_visit,visit,T1-L08,1,model,True
AD000780,834.874223189029,-3286.2257319732767,56.04154863686899,street_grid,"grid,cm",T1-L04,1,model,False
AD000781,3757.7246097440307,501.3808820966113,40.27331486640289,own_visit,visit,T3-L05,1,model,True
AD000782,654.0239178753044,-2628.4106162842877,19.95046493161718,own_visit,"visit,grid",T1-L04,1,model,True
AD000783,767.4688368408196,-2605.6023232623024,21.725601988395677,own_visit,"visit,grid",T1-L04,1,model,True
AD000784,-1099.703418495476,-1923.3066061212267,835.5618144781142,baseline,"baseline,loccent,locgrp",T3-L04,1,model,False
AD000785,2430.4239176108176,-2252.669067462894,37.2188013952066,own_visit,visit,T1-L04,4,model,True
AD000787,1106.0482801826695,-1180.0726671547195,16.693292654739267,baseline,"baseline,visit",T3-L08,1,model,True
AD000788,1174.8922608327066,-177.61085984817123,216.3179480843049,own_visit,"visit,poi",T1-L03,1,model,True
AD000789,-2638.739338670226,-87.34924777914786,79.8539196252513,street_grid,"grid,br",T3-L06,1,model,False
AD000790,1039.1304255762132,2736.0074293779808,166.31457176972245,street_grid,"grid,poi,lm",T2-L08,1,model,False
AD000791,3052.044850166853,-2300.206697792256,50.66702730243152,street_grid,"grid,baseline,cm",T1-L11,1,model,False
AD000792,932.7505232644673,2478.5541685797834,40.928288760879525,own_visit,visit,T2-L07,1,model,True
AD000793,-178.99354680107123,990.3361928456658,167.40899174855141,street_grid,"grid,poi,lm",T2-L12,1,model,False
AD000794,2155.5906489798062,2216.278341516773,117.47641779493678,baseline,"baseline,poi",T2-L04,1,model,False
AD000795,-2889.4755069952635,179.70487451831943,34.994337080275145,own_visit,visit,T3-L06,1,model,True
AD000797,2493.7166337355375,-1147.7268306798596,28.93958619942814,own_visit,visit,T2-L10,1,model,True
AD000798,916.9844012277804,1301.3690056202536,829.8001970407819,baseline,"baseline,loccent,locgrp",T2-L07,1,model,False
AD000799,1282.7465650640308,-231.5161227944431,26.828968376142342,own_visit,visit,T2-L02,1,model,True
AD000800,1051.8082967114933,-444.46994744086516,66.30661054435062,street_grid,"grid,cm",T1-L03,1,oof_cv,False
AD000801,1084.0799891505949,-553.0490134696746,96.2856932924476,blend,"baseline,grid,br,poi",T3-L08,1,model,False
AD000802,1572.7470622112721,-237.3318200404939,37.21183138895827,own_visit,visit,T1-L03,1,model,True
AD000803,-359.5447436320785,-1405.1587703680202,25.38144194876506,own_visit,"visit,grid",T1-L12,1,model,True
AD000804,-2392.4400715171155,-40.13055552448634,53.07867879852063,street_grid,"grid,baseline",T3-L06,1,oof_cv,False
AD000805,-2690.8568143105754,-181.31112214164375,227.28296036844552,street_key,"br,poi,grid,lmbr",T3-L01,1,model,False
AD000806,2667.7921679713277,945.871184388606,679.774601094512,street_grid,"grid,baseline,loccent",T2-L04,1,model,False
AD000807,-1283.2921642028625,-2214.0818472237206,255.32742199819631,landmark_poi,"poi,lm",T3-L04,1,model,False
AD000808,-713.7422478257856,3390.0101540125615,63.81238421625002,own_visit,visit,T3-L02,1,model,True
AD000809,669.2120977202519,82.28976260371402,22.59465526115744,own_visit,"visit,grid",T1-L03,1,model,True
AD000810,1150.619408206812,-3177.5282490071427,21.731516153012944,own_visit,"visit,grid",T1-L04,1,model,True
AD000812,-1244.0805402573171,-2709.0077550124843,24.631239284555686,own_visit,visit,T1-L02,3,model,True
AD000813,3047.992575861981,-2278.625437305349,28.658918048357016,own_visit,"visit,grid",T1-L11,1,model,True
AD000814,-1239.457033764988,-2257.1450433044783,1253.798436916945,locality_centroid,"loccent,baseline,locgrp",T1-L02,3,model,False
AD000815,2915.5537664326143,-2287.3201108334615,100.86755186672505,blend,"visit,baseline,grid",T3-L10,1,oof_cv,True
AD000816,1040.2126945627779,2736.5698205621848,161.83785458178411,street_grid,"grid,poi,lm",T2-L08,1,model,False
AD000817,1302.2421378292902,-1925.913613827415,32.74264252655118,own_visit,visit,T2-L11,1,model,True
AD000818,1014.3656355074033,-316.37718278705256,213.18329147290333,street_grid,grid,T2-L02,1,model,False
AD000819,2948.141965973447,-1152.2148359959224,127.41840057204305,baseline,"baseline,grid,lm",T2-L10,1,model,False
AD000820,2423.4772273104345,-2002.1447171113853,21.224606338581562,baseline,"baseline,grid",T1-L11,1,model,False
AD000821,1416.8361958891871,-1819.8557326972755,200.55176775964753,street_grid,"grid,lm,poi",T2-L11,1,model,False
AD000822,443.9496527980687,-2876.859012242982,25.17236047059275,own_visit,"visit,grid",T1-L04,1,model,True
AD000823,-3068.9739752479586,1455.5990388272357,65.43120664084607,street_grid,"grid,cm",T1-L01,1,model,False
AD000824,1683.6218887394157,-2081.887521079988,1597.2722815608433,locality_centroid,"loccent,baseline,locgrp",T3-L08,3,model,False
AD000825,-2210.231831672898,1137.0510212133345,28.583215016914302,own_visit,visit,T3-L07,1,model,True
AD000826,-771.5078857453166,-3312.6902887124697,153.10971964392334,street_grid,"grid,cm",T1-L02,1,model,False
AD000827,3144.687777827702,-2443.5327421956777,24.009385723108082,own_visit,visit,T3-L10,1,model,True
AD000828,-1756.098535906224,-1401.8040305200761,1723.2704821451666,locality_centroid,"loccent,baseline,locgrp",T3-L01,5,model,False
AD000829,702.6783274479715,76.60297044484442,2202.6695042284464,locality_centroid,"loccent,baseline,locgrp",T2-L01,12,model,False
AD000830,2497.0831001213032,638.5672821131674,34.3265826916168,own_visit,"visit,grid",T1-L08,1,oof_cv,True
AD000831,-1508.8115403258616,519.8687390835032,118.42753157921308,baseline,"baseline,poi,grid",T1-L05,1,oof_cv,False
AD000832,3522.2927657021164,-2070.0985234040586,33.861137762986466,own_visit,visit,T1-L11,1,model,True
AD000833,-2753.1141303169575,-619.7800660897075,156.7318764971337,street_grid,"grid,poi,lm",T3-L06,1,model,False
AD000834,2527.608581172245,-1975.9337645968628,1577.6325373473508,baseline,"baseline,loccent,locgrp",T3-L08,3,model,False
AD000835,1022.7827519914734,-242.48813640002558,210.1120905746193,street_grid,grid,T2-L02,1,model,False
AD000836,822.465526156255,-580.5352850418886,30.626566545802238,own_visit,visit,T1-L03,1,model,True
AD000837,-1294.3636843424563,-3537.600897343885,25.9013245044797,own_visit,visit,T1-L02,3,model,True
AD000838,-2618.4169668369886,1451.0735878865567,58.2720625799725,street_grid,"grid,baseline,cm",T1-L01,1,model,False
AD000839,2217.3368322894776,1854.175621507967,490.82222539426715,landmark_poi,"poi,baseline",T2-L08,1,model,False
AD000840,3080.5507302429996,-2463.7832969807464,37.008337731461445,own_visit,visit,T1-L06,4,model,True
AD000841,1814.0072611794692,-2344.7655916488216,25.893971526537115,own_visit,visit,T2-L11,1,model,True
AD000842,838.9120478641622,1240.3489968015908,123.68591076429794,baseline,"baseline,lm",T2-L07,1,model,False
AD000843,2713.0765458510323,-2617.1527166228466,24.90807322503284,own_visit,"visit,grid",T1-L11,4,model,True
AD000844,1840.1731210996754,-1214.5164163016802,243.1637932763833,landmark_poi,"poi,grid,lm",T1-L06,1,model,False
AD000845,1504.033783627709,-1708.6848068884508,1469.2634409558218,locality_centroid,"loccent,baseline,locgrp",T1-L03,4,model,False
AD000846,-1858.6795332736463,-3257.154653983932,31.909867714804015,own_visit,visit,T2-L05,2,model,True
AD000847,1014.9122252434146,-2896.9903439021646,68.45411686782201,street_grid,grid,T1-L04,1,model,False
AD000848,-457.32112980424654,-3445.8840161320713,153.07915218511417,street_grid,"grid,br,poi,lm",T3-L11,1,model,False
AD000849,-3837.2341099603327,-654.8454558241345,253.63925832736714,landmark_poi,"poi,lm",T3-L01,1,model,False
AD000850,3751.2890391354103,225.93255817110966,21.783703053357574,own_visit,visit,T3-L05,1,model,True
AD000851,2951.053567419482,171.3876160703135,149.01349636765102,street_grid,"grid,poi,lm",T2-L06,1,model,False
AD000852,-2722.8541753690365,-12.930465291577661,33.19931323917767,own_visit,visit,T3-L01,1,model,True
AD000853,-4155.383681544833,-1071.67991794103,161.93633517762024,street_key,br,T3-L01,1,model,False
AD000854,1296.3102727098185,-2460.578647649243,38.131606652932334,own_visit,visit,T2-L11,1,model,True
AD000855,885.1049663086686,2628.3322818617803,144.15328904900394,street_grid,"grid,lm,poi",T2-L08,1,model,False
AD000856,-578.0508322819742,-863.776689816992,21.893738606351807,own_visit,visit,T3-L03,1,model,True
AD000857,991.9000064467784,-351.9762826440504,158.04065248304397,street_grid,"grid,poi,lm",T2-L02,1,model,False
AD000858,-1250.1332093076533,-1989.4675576131622,113.71772981707102,baseline,"baseline,poi",T3-L04,1,model,False
AD000860,1349.0348940822535,-1840.1342374542712,43.85811670809164,own_visit,visit,T2-L11,1,model,True
AD000861,3021.4697183430017,840.4996595274774,199.0247475466095,street_grid,"grid,lm",T2-L06,1,model,False
AD000862,-1642.7693870599455,2654.212258844247,289.1421981385458,landmark_poi,"poi,baseline",T1-L10,1,model,False
AD000863,1747.8918378103365,-1660.9879178003011,114.53620153161343,baseline,"baseline,grid,lm",T2-L11,1,model,False
AD000864,-1598.8185358039577,-2933.9827796382656,198.13718395390015,street_grid,"grid,lm",T2-L05,1,model,False
AD000865,-2388.962970259667,1830.3069266569541,111.05741989985144,blend,"br,grid,lm,lmbr",T3-L07,1,model,False
AD000866,1642.523849550087,-2214.8168348514955,84.90534325561923,own_visit,"visit,grid",T2-L11,1,model,True
AD000867,2915.3838814618503,-2555.563411736757,22.401488963356226,own_visit,"visit,grid",T1-L11,1,model,True
AD000868,849.1546990199132,415.1910486673263,31.065453796546223,own_visit,visit,T2-L02,1,model,True
AD000869,-2069.5821209683822,1570.5026543359193,68.95367314111357,own_visit,visit,T3-L07,1,model,True
AD000870,3337.2073454623337,-2386.4251517505368,26.8450294052612,own_visit,visit,T3-L10,1,model,True
AD000871,2498.4626293965753,-1254.8710344003514,165.66022585570374,blend,"grid,poi,lm",T2-L10,1,model,False
AD000872,2110.117585683958,2097.2361027286533,14.14578920377107,baseline,baseline,T2-L04,1,model,False
AD000873,-2436.8598665874624,1058.7958487435842,72.72270596415578,street_grid,grid,T1-L01,1,model,False
AD000874,-3868.630334639413,-581.6648752126029,26.507216941261227,own_visit,visit,T3-L01,1,model,True
AD000875,4023.1354600417335,233.28564379321625,110.97994587825167,street_grid,grid,T3-L05,1,oof_cv,False
AD000876,-1616.078654385616,-1361.9584439601879,1731.1096183355196,locality_centroid,"loccent,baseline,locgrp",T3-L01,5,model,False
AD000877,1568.5517859280444,-2111.5399625761725,1609.8548813937414,locality_centroid,"loccent,baseline,locgrp",T3-L08,3,model,False
AD000878,-1863.8389352380611,2307.668832423319,273.7631895416012,landmark_poi,"poi,baseline",T1-L10,1,model,False
AD000879,-513.7493318032103,-3402.3156835782074,116.62258558891415,street_key,"br,grid,lm",T3-L11,1,model,False
AD000880,2412.896336349418,-2161.8994450285977,53.49946666283133,street_grid,"grid,cm",T1-L11,1,model,False
AD000881,779.7002004955037,2092.2431077418487,225.78365223315208,landmark_poi,"poi,lm",T1-L07,1,model,False
AD000882,427.5651812265718,2493.5480330945397,46.58492793782685,street_grid,grid,T1-L07,1,model,False
AD000883,3028.626631853696,607.8573900858239,169.3898986518577,street_grid,"grid,lm",T2-L06,1,model,False
AD000884,913.866066056324,2744.389308956777,22.109703257218097,own_visit,visit,T2-L08,1,model,True
AD000885,3184.921434015244,-2346.3847218195874,32.07261343247674,own_visit,"visit,grid",T3-L10,1,model,True
AD000886,754.6069879795023,117.90873036784485,34.792669389055405,own_visit,visit,T2-L02,1,model,True
AD000888,709.03179152254,-3079.107447122799,60.13299835896013,street_grid,grid,T1-L04,1,model,False
AD000889,2977.5119270397036,-2493.6533021242303,51.8336565186717,street_grid,grid,T1-L11,1,model,False
AD000890,-609.5338910995137,3354.611999233493,99.1542398013288,baseline,"baseline,grid,poi,lm",T2-L03,1,model,False
AD000891,-781.1409247050356,-884.8641429474004,1181.1274401282656,locality_centroid,"loccent,baseline,locgrp",T2-L09,2,model,False
AD000892,-298.56015798467513,-3238.4554761564345,156.07727552955848,baseline,"baseline,grid,lm",T3-L11,1,model,False
AD000894,1171.9688169928966,-1096.967201719438,98.25215329716617,baseline,"baseline,grid",T3-L08,1,model,False
AD000895,481.72413634270936,2357.018297510559,28.89718869141882,own_visit,"visit,grid",T1-L07,1,model,True
AD000897,1656.2246661795998,-2594.2373779053173,39.23372145229396,own_visit,visit,T2-L11,1,model,True
AD000898,1171.3164560258076,-3323.6020861376796,23.848295993419807,own_visit,"visit,grid",T1-L04,1,model,True
AD000899,1858.1521229279529,-2135.7587106044693,1604.8262605509656,locality_centroid,"loccent,baseline,locgrp",T3-L08,3,model,False
AD000900,-2307.4362465231898,-238.75276813541842,88.11860670909003,street_grid,"grid,lm,poi",T3-L06,1,model,False
AD000901,1866.807933770451,-2093.986866273264,21.4079113291266,own_visit,visit,T2-L11,1,model,True
AD000902,771.6695089630394,2985.031001900331,23.243385695938088,own_visit,visit,T2-L08,1,model,True
AD000903,2975.568623790018,-2726.677488339659,49.51528809681676,street_grid,"grid,baseline,visit",T1-L11,1,model,True
AD000904,904.2595581465052,-2896.534977271306,22.851803183614006,own_visit,visit,T1-L04,1,model,True
AD000905,336.3124395220698,1748.4418396643434,126.53996274264382,baseline,"baseline,br,poi",T3-L09,1,model,False
AD000906,3639.3659983342022,450.43727931864015,402.72771299692056,street_grid,"grid,baseline,loccent",T3-L05,1,model,False
AD000907,3524.9404163197123,-2247.087958393007,221.40676307442385,landmark_poi,"poi,lm",T3-L10,1,model,False
AD000908,2324.294048536301,1942.79150750274,832.3618102008163,baseline,"baseline,loccent,locgrp",T2-L04,1,model,False
AD000910,2620.9166220828797,-2467.1948631762457,62.406407884798654,street_grid,"grid,baseline",T1-L11,1,model,False
AD000911,-738.7675116732519,-1725.5799712282414,76.13195600552946,street_grid,grid,T1-L12,1,model,False
AD000912,1642.6750129794295,-1721.9524518998978,24.888888095520738,own_visit,visit,T2-L11,1,model,True
AD000913,651.1584453742817,-823.3642865061718,61.096446920053815,street_grid,"grid,br",T3-L08,1,model,False
AD000914,1551.8318972287036,-2245.7876667311357,183.52167852359833,street_grid,grid,T2-L11,1,model,False
AD000915,-726.6282121988138,-758.502219282116,136.7172387956688,own_visit,"visit,poi",T3-L04,1,model,True
AD000916,1642.2092823119287,-479.6028695211473,348.06462301927814,blend,"lm,grid,poi,baseline",T1-L06,1,model,False
AD000917,1017.6385823769274,2424.1345046814627,47.00125787796347,own_visit,visit,T2-L08,1,model,True
AD000918,2019.412953562166,1941.9060734034701,28.51783162068701,own_visit,visit,T2-L04,1,model,True
AD000919,2996.9901205787937,-2510.9925086503454,57.09487081891949,own_visit,visit,T1-L11,1,model,True
AD000920,-1426.0484100917017,575.3629339640288,42.230593473292714,own_visit,visit,T1-L10,3,model,True
AD000921,1714.0645632430528,-2296.134224593064,23.290321661384464,own_visit,visit,T2-L11,1,model,True
AD000922,-1599.7600410702887,-3096.2969535503603,233.419261903937,street_grid,"grid,lm",T2-L05,1,model,False
AD000923,547.6030649575523,-3408.9835316724784,24.786958582552618,own_visit,"visit,grid",T1-L04,1,model,True
AD000924,508.69739362828597,-2713.9306142745572,36.88015576306917,own_visit,visit,T2-L01,1,model,True
AD000925,1212.2658966626293,-1699.3176957882074,18.7070046477633,baseline,baseline,T2-L11,1,model,False
AD000926,1126.101404732702,-568.4234039004068,93.77365755306766,blend,"baseline,grid,br,poi",T3-L08,1,model,False
AD000927,2614.9640547892045,-1296.3151651171888,197.98424892936788,landmark_poi,"poi,lm",T2-L10,1,model,False
AD000928,2691.432877205619,723.3613069007945,61.952721069832315,street_grid,grid,T1-L08,1,model,False
AD000929,1643.606969321616,-1654.3072413735044,1459.5076683853706,locality_centroid,"loccent,baseline,locgrp",T1-L03,4,model,False
AD000930,-2600.172894035759,1530.424373545792,15.95601690869901,baseline,"baseline,visit",T1-L01,1,model,True
AD000932,-3030.839042747161,-473.7746671988166,399.8852490267539,landmark_poi,"poi,lm",T3-L01,1,model,False
AD000933,1507.7759766409995,-2045.466509745375,140.77357864058206,street_grid,"grid,lm,poi",T2-L11,1,model,False
AD000934,640.1688054130497,2466.4089550162757,180.52059731641253,street_grid,"grid,poi,lm",T2-L08,1,model,False
AD000935,-217.01265528051036,-3341.230863020501,86.86031914158477,blend,"baseline,grid,br",T3-L11,1,model,False
AD000936,998.3595321690034,-2967.8236211475196,64.97701516824654,own_visit,visit,T1-L04,1,model,True
AD000937,-639.3245666249145,2941.929918129245,827.4125868464844,baseline,"baseline,loccent,locgrp",T2-L03,1,model,False
AD000938,1948.6548199372164,-1329.379389931783,185.4056303268673,street_key,"cm,poi,grid,lm",T1-L06,1,model,False
AD000939,2663.583391360322,1451.2293811144368,54.85359978034569,street_grid,"grid,cm",T1-L08,1,model,False
AD000940,455.4960789095609,-2896.29099411801,94.62377977527582,own_visit,"visit,lm,poi",T1-L04,1,model,True
AD000942,795.1496718153478,3232.868288201063,29.7527361320248,own_visit,visit,T2-L08,1,model,True
AD000943,-2643.7119050054444,-490.8510698862938,20.23855838312851,own_visit,visit,T3-L06,1,model,True
AD000944,-2341.163533393375,1313.9823586211564,22.070756694923006,own_visit,visit,T3-L07,1,model,True
AD000945,2795.1293625407498,729.6146579351462,58.7038677297802,street_grid,grid,T1-L08,1,model,False
AD000946,-2798.3112742014246,1323.8617091211688,101.48102122150921,street_grid,grid,T1-L01,1,model,False
AD000947,947.8119877367433,2775.6237005910293,175.29848797975973,street_grid,"grid,lm,poi",T2-L08,1,model,False
AD000948,937.7933818110416,-709.9318060738983,92.29832316831259,blend,"grid,baseline,visit,br",T3-L08,1,model,True
AD000949,-790.519103728796,-375.97751672503875,94.34837055070594,street_key,"br,lm,poi,lmbr",T3-L03,1,model,False
AD000950,-3017.700502892846,-241.29809582686073,21.529344215618487,own_visit,visit,T3-L06,1,model,True
AD000951,1073.8747232949363,35.58701718837761,202.09880823509602,street_grid,grid,T2-L02,1,model,False
AD000952,-500.54534160912453,3310.6252139455737,187.68805320738295,street_grid,grid,T2-L03,1,model,False
AD000953,342.8035486580054,-3178.4151485767934,153.64325359074851,own_visit,"visit,grid,poi,lm",T2-L01,1,model,True
AD000954,-2399.914578674212,1340.5346720794669,33.58711751674281,own_visit,visit,T3-L07,1,model,True
AD000955,3136.240486338595,-1917.921072350458,29.610982123338186,own_visit,"visit,grid",T1-L11,1,model,True
AD000957,2866.7340289172103,59.429457107629226,26.42797505731496,own_visit,visit,T2-L06,1,model,True
AD000958,2420.957125739363,-1096.261511490822,128.52057480651106,baseline,"baseline,grid",T2-L10,1,model,False
AD000959,2950.2664392613656,-2733.397632471207,23.664201714451924,own_visit,"visit,grid",T1-L11,1,model,True
AD000961,2911.7126964809995,646.9154187233165,143.19021701830496,street_grid,"grid,lm,poi",T2-L06,1,model,False
AD000962,2694.274754674008,270.0888580591741,40.42222419495025,own_visit,visit,T2-L04,1,oof_cv,True
AD000963,1682.7435415423977,-1263.0803537319516,410.29403558269854,own_visit,"visit,grid,lm,poi",T1-L06,4,model,True
AD000964,1073.509711431566,-1887.4298356246277,21.80228012223162,own_visit,visit,T2-L11,1,model,True
AD000965,-1898.6577196832432,-2630.6273426445828,216.68138893632928,blend,"poi,grid,lm",T1-L09,1,model,False
AD000967,-2469.193191959105,-510.8527289760221,250.17892859286064,landmark_poi,"poi,lm",T3-L06,1,model,False
AD000968,-2607.262449378272,1378.8550898488127,87.8336944652503,street_grid,"grid,br",T3-L07,1,model,False
AD000969,2156.28357295706,994.452759794609,23.793796042725315,own_visit,"visit,grid",T1-L08,1,model,True
AD000970,2688.5351013008194,1453.6870081637028,25.78076187635211,own_visit,"visit,grid",T1-L08,1,model,True
AD000971,810.1080128402643,-2976.2096884925886,19.87501438748613,own_visit,"visit,grid",T1-L04,1,model,True
AD000972,-1875.8220717728882,-1302.4702284008545,1741.114531549976,locality_centroid,"loccent,baseline,locgrp",T3-L01,5,model,False
AD000973,3753.896288678417,302.65336203579363,824.4475507310092,baseline,"baseline,loccent,locgrp",T3-L05,1,model,False
AD000974,1715.9446024541048,-2080.36608690898,1596.3737479475365,locality_centroid,"loccent,baseline,locgrp",T3-L08,3,model,False
AD000975,-525.1849950977129,-440.38980835776994,117.52920232721047,own_visit,"visit,grid,poi,lm",T2-L09,1,model,True
AD000976,-1570.775523349939,-2639.799411599767,372.88632745729853,landmark_poi,"poi,baseline,loccent",T1-L02,1,model,False
AD000978,-1190.9333435699048,-613.1686668526985,30.261683833520323,own_visit,"visit,br",T3-L03,1,model,True
AD000979,931.0949314495787,2664.623522744679,874.7092939984683,baseline,"baseline,loccent,locgrp",T2-L08,4,model,False
AD000980,1368.7452417728769,0.6891715176260629,29.76560726334194,own_visit,visit,T2-L02,1,model,True
AD000981,-2520.2228035124012,-199.1151676169061,26.334246326556702,own_visit,"visit,grid",T3-L06,1,model,True
AD000982,3950.607213233718,788.5402922181432,65.93434367781133,blend,"grid,br,baseline,visit",T3-L05,1,model,True
AD000984,-2361.9037451620366,-2263.3075187778027,20.944507525481814,own_visit,visit,T1-L09,1,model,True
AD000985,-2439.770327375724,-6.437029523422716,53.55044775133043,street_grid,"grid,br",T3-L06,1,model,False
AD000986,1175.889737398191,2505.0489939929166,19.285369980827028,baseline,baseline,T2-L08,1,model,True
AD000987,2838.2438315674963,1125.6498995726406,33.41637658595317,own_visit,"visit,grid",T1-L08,1,model,True
AD000988,-2796.17122260678,1326.8191293719724,109.52041364154346,street_grid,grid,T1-L01,1,model,False
AD000989,2662.5612567671888,-966.4335360684576,274.59253248409476,street_grid,grid,T2-L10,1,model,False
AD000990,1346.4366159956587,180.4510040121028,139.5402658280769,baseline,"baseline,grid",T2-L02,1,model,False
AD000991,-665.9081909429342,3236.030056033282,94.67876477289008,own_visit,"visit,grid,poi",T2-L03,1,model,True
AD000992,2589.395084174459,-1305.5697053645601,20.62439413159515,own_visit,visit,T2-L10,1,model,True
AD000993,3164.2677456387073,-2121.8003266725464,316.3727509690814,landmark_group,"lm,baseline,loccent",T1-L11,1,model,False
AD000994,-738.9087366244704,2877.661934732622,183.85796764478985,street_grid,grid,T2-L03,1,model,False
AD000995,777.5825297530209,-2709.7588115083768,107.62726489920864,baseline,"baseline,grid,poi",T2-L01,1,model,False
AD000996,1099.3665116766358,-1888.1856743336311,236.2338074028791,landmark_poi,"poi,lm",T2-L11,1,model,False
AD000997,-1461.4678354257164,-2606.6065704573134,126.04009363939159,baseline,"baseline,grid",T2-L05,1,model,False
AD000998,-638.8801707397162,3106.8995461790014,821.6639278669057,baseline,"baseline,loccent,locgrp",T2-L03,1,model,False
AD000999,-30.01136067195412,-3537.328963054791,23.4515032750154,own_visit,visit,T3-L11,1,model,True
AD001000,2242.756001738953,-1292.971384644439,32.68198030956518,own_visit,visit,T1-L06,1,model,True
AD001001,3637.1949453145926,608.2629173943631,23.10816889518476,own_visit,visit,T3-L05,1,model,True
AD001002,-2207.752475383738,1669.2581185522902,110.32977014394127,blend,"br,grid,poi,lm,lmbr",T3-L07,1,model,False
AD001003,-609.4008775466444,-257.47333452561077,22.21498084860389,own_visit,visit,T2-L09,1,model,True
AD001004,971.3100532885891,-536.1200635604781,71.34326468680673,street_grid,grid,T1-L03,1,model,False
AD001005,-1498.1863307300773,-2355.3663504856695,1307.1610084424062,locality_centroid,"loccent,baseline,locgrp",T1-L02,3,model,False
AD001006,1197.7474670325603,-1154.541379640158,21.326026461243554,own_visit,visit,T3-L08,1,model,True
AD001007,-2909.722109377024,913.0237640840454,82.68015578290826,street_grid,"grid,baseline",T1-L01,1,model,False
AD001008,-2115.95305469128,2323.506811162037,135.47565033739457,baseline,"baseline,poi",T1-L10,1,model,False
AD001009,1622.0100761595268,-2300.3567346770396,30.634951327518834,own_visit,visit,T2-L10,4,oof_cv,True
AD001010,1015.7381734283789,-312.06394292964166,216.27598240313506,street_grid,grid,T2-L02,1,model,False
AD001011,-794.8857150612996,3037.3116783132755,222.42334305709446,landmark_poi,"poi,lm",T2-L03,1,model,False
AD001012,841.1579706243009,-3274.902346412586,48.23841859493416,street_grid,"grid,visit,baseline",T1-L04,1,oof_cv,True
AD001013,1347.4063406641824,-2049.2544912023636,51.29058362466521,own_visit,"visit,baseline",T2-L11,1,model,True
AD001015,3377.090495927078,298.75833037140865,184.5051143374482,baseline,"baseline,poi,lm",T3-L05,1,model,False
AD001016,510.42330599623926,1893.9752311318066,279.2160865535723,landmark_poi,"poi,baseline",T3-L09,1,model,False
AD001017,-931.0084100387952,-724.7695434559632,21.509164308973393,own_visit,visit,T3-L03,1,model,True
AD001018,-1168.016620295882,-612.1572954866523,55.78309744255953,street_grid,"grid,br",T3-L03,1,model,False
AD001019,2915.122951152489,786.6726251086772,192.90444475079582,street_grid,"grid,lm",T2-L06,1,model,False
AD001020,2587.5403413825047,-1741.4238158508115,61.519409600921286,street_grid,"grid,baseline",T1-L11,1,model,False
AD001021,-280.10462746536695,-993.6855127502914,228.820779572664,landmark_poi,"poi,lm",T1-L12,1,model,False
AD001022,2027.8368977704092,-1123.46550011884,415.95644793000224,street_grid,"grid,baseline,loccent",T1-L06,1,model,False
AD001023,-1700.31471472238,-1433.3380767584877,1724.0839297313096,locality_centroid,"loccent,baseline,locgrp",T3-L01,5,model,False
AD001024,524.8700214591545,1648.345438486041,835.9072856004378,baseline,"baseline,loccent,locgrp",T3-L09,1,model,False
AD001025,-543.3250044414191,-656.3170561187106,184.00624720612964,street_grid,"grid,lm",T2-L09,1,model,False
AD001026,761.0993068805338,2302.589262420184,24.60268839689166,own_visit,visit,T2-L08,1,model,True
AD001027,899.7043880306471,2977.2488788528303,156.25518654850978,street_grid,"grid,lm,poi",T2-L08,1,model,False
AD001028,1617.1644256158602,1841.6109178791437,1436.3469949212194,locality_centroid,"loccent,baseline,locgrp",T2-L04,4,model,False
AD001029,812.8311817218731,2455.618427406722,169.21987742234086,street_grid,"grid,lm,poi",T2-L08,1,model,False
AD001031,1491.5952896883807,-2159.852593961475,76.84734060724148,own_visit,"visit,baseline,grid",T2-L11,1,model,True
AD001032,-476.9227841239725,-224.483543329911,195.6663768022904,street_grid,grid,T2-L09,1,model,False
AD001033,-1337.739318995394,-3359.782194130025,34.15540204332778,own_visit,visit,T1-L02,1,model,True
AD001034,3167.147015468217,-2005.596937289135,23.34065399456466,own_visit,"visit,grid",T1-L11,1,model,True
AD001035,977.9077111935005,-479.6122822326981,92.9556776086447,own_visit,"visit,poi",T1-L03,1,model,True
AD001036,-2514.129911630567,1711.8477266257707,204.1192813055764,own_visit,visit,T3-L06,1,model,True
AD001037,-2589.065450301717,1572.378208262629,207.15433164800615,street_grid,"grid,poi,lm",T3-L07,1,model,False
AD001039,2962.223227204278,-2368.7123140080853,30.32842554479414,own_visit,visit,T3-L10,1,model,True
AD001040,830.7595965897242,-1119.1019309270307,49.88581107962274,own_visit,"visit,grid,baseline,br",T3-L08,1,model,True
AD001041,1510.2563695876906,1659.1486159357378,1450.390472954982,locality_centroid,"loccent,baseline,locgrp",T1-L07,2,model,False
AD001042,-2990.205664504578,799.5359329397522,23.688696755858054,own_visit,"visit,grid",T1-L01,1,model,True
AD001043,-2568.7151440120233,1094.9041629275248,20.596898485876885,own_visit,"visit,grid",T1-L01,1,model,True
AD001044,2734.417782331404,-1973.8565828437054,50.75257647791339,street_grid,grid,T1-L11,1,model,False
AD001045,2630.9305791029233,1464.8912075241053,34.164664235039716,own_visit,"visit,grid",T1-L08,1,model,True
AD001046,-2989.3083455248357,-204.56082204877495,101.89709762681966,blend,"br,grid,lm",T3-L06,1,model,False
AD001047,2889.2422723835025,-1729.2694099833645,31.28669795501044,own_visit,visit,T1-L11,1,model,True
AD001048,2683.6659113838277,-2117.8251352949824,32.6605440906702,own_visit,visit,T1-L11,1,model,True
AD001049,-1092.7584737671077,-319.26227542830145,146.45957246900429,street_key,"br,poi,lm,lmbr",T3-L03,1,model,False
AD001050,2672.62735599639,721.7280754313107,418.2009383207002,landmark_group,"lm,baseline,loccent",T2-L06,1,model,False
AD001052,2794.026872312389,-2644.94219048752,57.70920848521682,street_grid,grid,T1-L11,1,model,False
AD001053,900.7674220330601,-723.268894841381,31.027503072073753,own_visit,visit,T3-L08,1,model,True
AD001054,-97.5057817368439,2788.6222569887113,25.00799397363023,own_visit,visit,T3-L02,1,model,True
AD001055,369.3828141930995,-3211.456519684205,76.11304782347506,own_visit,visit,T2-L01,1,model,True
AD001057,1087.817372836477,-2875.592956794827,26.369680287484396,own_visit,"visit,grid",T1-L04,1,model,True
AD001058,2981.7575625058143,-2739.9058593866844,55.44901352554767,street_grid,"grid,cm",T1-L11,1,model,False
AD001059,768.2933414427249,78.21615950485912,371.53143106084144,landmark_group,"lm,poi,baseline",T2-L02,1,model,False
AD001060,1005.4144654934795,-1657.2283236636802,31.428995851248793,own_visit,visit,T2-L11,1,model,True
AD001062,3635.1029677345427,576.7205665927721,333.85551139899854,landmark_group,"lm,baseline,loccent",T3-L05,1,model,False
AD001063,2916.8560315868644,-1840.5817271939854,30.211292370314588,own_visit,visit,T1-L11,1,model,True
AD001064,-2987.160112758778,-37.17517206553308,127.110962754498,own_visit,visit,T3-L01,1,model,True
AD001065,1605.9609624266527,-1492.2817803255757,1469.5483988106562,locality_centroid,"loccent,baseline,locgrp",T1-L03,4,model,False
AD001066,-3725.0540517952563,-885.4113800863013,817.8466809398271,baseline,"baseline,loccent,locgrp",T3-L01,1,model,False
AD001067,1082.9820229566033,-2739.5119206230634,35.065769048956966,own_visit,visit,T1-L11,4,model,True
AD001068,644.6781454053678,1371.1722557640167,411.7521850440417,landmark_group,"lm,baseline,loccent",T3-L09,1,model,False
AD001069,-134.33199166285922,-417.30356963086706,2584.5074993197663,locality_centroid,"loccent,baseline,locgrp",T3-L01,12,model,False
AD001070,-2108.8437719405456,-2136.1352007709174,226.2473061189018,blend,"poi,grid,lm",T1-L09,1,model,False
AD001071,-1143.063871745636,-578.946134257791,43.78709766804811,own_visit,visit,T3-L03,1,model,True
AD001073,1310.7065887173922,-949.4194032076266,232.62917871575337,landmark_poi,"poi,lm",T3-L08,1,model,False
AD001074,2542.5233968483767,-1883.3928350268463,22.44159873557631,own_visit,"visit,grid",T1-L11,1,model,True
AD001075,-3108.204265646318,1010.2806357094412,96.09528976690227,street_grid,"grid,baseline",T1-L01,1,model,False
AD001076,-506.79888398626986,-314.8526019116405,266.24201191072,landmark_poi,"poi,lm",T3-L03,1,model,False
AD001078,2964.8008825897955,-2019.546242592172,79.31021138750005,own_visit,"visit,br",T3-L10,1,oof_cv,True
AD001079,-2461.844617733038,-104.15378467321669,28.582376596950066,baseline,baseline,T3-L04,5,model,True
AD001080,-2292.6194179460986,-204.60949942795534,54.20108392630377,street_grid,"grid,visit,baseline,br",T3-L06,1,model,True
AD001081,1052.336041832995,-106.32803144586154,202.47170726276994,street_grid,grid,T2-L02,1,model,False
AD001082,862.0620083481901,2451.6782782107166,157.60782499864615,street_grid,"grid,lm,poi",T2-L08,1,model,False
AD001083,829.7234733854322,-3288.0951637995245,41.567769437615766,own_visit,"visit,grid,baseline",T1-L04,1,model,True
AD001084,-1744.91453430993,-2658.736427454247,169.36255680594795,street_grid,"grid,poi,lm",T2-L05,1,model,False
AD001086,-766.8556373468704,-489.11972370449865,817.4945181953321,baseline,"baseline,loccent,locgrp",T3-L03,1,model,False
AD001087,984.1081401616149,-2666.005520052772,26.78600563131428,own_visit,"visit,grid",T1-L04,4,model,True
AD001088,1333.209718097548,-221.37529381152524,39.89955065128263,own_visit,"visit,grid",T1-L03,1,model,True
AD001089,3531.5970148258643,511.72626334937974,281.1615478401224,landmark_poi,"poi,baseline",T3-L05,1,model,False
AD001091,-3693.1637416641197,-718.9565856734745,23.81191511546529,own_visit,visit,T3-L01,1,model,True
AD001092,-956.4949499035317,-432.7127295641751,142.78772966912422,street_key,"br,poi,lm",T3-L03,1,model,False
AD001094,-2466.5932124259507,1762.2316759340024,24.67418371547918,own_visit,visit,T3-L07,1,model,True
AD001095,931.9924717009616,-2474.2731664430553,1226.9080796628252,locality_centroid,"loccent,baseline,locgrp",T2-L01,4,model,False
AD001096,2694.167709816111,936.8910528382128,34.875718737645116,own_visit,"visit,grid",T1-L08,1,model,True
AD001097,1881.493026044943,-1160.0607952186456,248.0291153035474,landmark_poi,"poi,grid,lm",T1-L06,1,model,False
AD001098,1877.4339723197127,-1983.3979457649125,1626.4722038475427,locality_centroid,"loccent,baseline,locgrp",T3-L08,3,model,False
AD001099,-3103.1206003260445,-548.5413179987237,309.0082943880725,landmark_poi,"poi,grid,lm",T3-L01,1,model,False
AD001100,2904.4884429047993,-2545.532666640597,22.344235874393902,own_visit,visit,T1-L11,1,model,True
AD001101,975.1055565222425,-2600.2170860662864,77.71553744855333,street_grid,grid,T1-L04,1,model,False
AD001102,952.0907266783225,2522.0417781987408,197.54975379001075,street_grid,"grid,poi,lm",T2-L08,1,model,False
AD001103,145.7730700952512,-314.19680793239496,2368.981188263295,locality_centroid,"loccent,baseline,locgrp",T1-L01,12,model,False
AD001104,1613.1337880090641,1703.726779599784,1474.8213608988387,locality_centroid,"loccent,baseline,locgrp",T1-L07,2,model,False
AD001105,2839.272983212162,-2271.8766138774445,44.82726165920408,street_grid,"grid,visit",T1-L11,1,model,True
AD001107,1586.4920716059735,-1631.7626963947396,1457.5165339963175,locality_centroid,"loccent,baseline,locgrp",T1-L03,4,model,False
AD001108,318.00964550402205,2532.4982576345096,52.96854673758861,street_grid,"grid,baseline,visit",T1-L07,1,model,True
AD001109,-2512.1814763518405,-122.36573054204204,198.30396828903235,landmark_group,"lm,poi",T3-L06,1,model,False
AD001110,-390.99529344482056,-1185.2988984567069,22.007526874248057,own_visit,"visit,grid",T1-L12,1,model,True
AD001112,-1135.981726218916,-1995.2375506398769,272.12063242203135,landmark_poi,"poi,baseline",T3-L04,1,model,False
AD001113,820.5948094829928,-712.289541110989,93.19765074241734,street_grid,"grid,br,poi,lm",T3-L08,1,model,False
AD001114,2629.674498034985,-1236.3328727177934,163.50647212696853,blend,"grid,poi,lm",T2-L10,1,model,False
AD001115,-538.1572067868386,3353.913067997906,144.85151363146338,street_grid,"grid,poi,lm",T2-L03,1,model,False
AD001116,3118.9834190110932,-1943.8925445414015,41.26475732532206,own_visit,"visit,br",T3-L10,1,model,True
AD001117,2777.383453232713,-1104.235445524371,226.05435052223945,street_grid,"grid,lm",T2-L10,1,model,False
AD001118,-2409.1420083401804,1136.376513816093,111.72238508123112,street_key,"br,grid",T3-L07,1,model,False
AD001119,3936.8840191787795,541.1738629582067,87.5187813187949,street_key,"br,grid,lm",T3-L05,1,model,False
AD001120,-3960.620920273547,-1090.6653066906706,216.47905092696826,landmark_poi,"poi,lm,grid",T3-L01,1,model,False
AD001121,3729.6511131255534,642.8036228578418,25.675892400550847,own_visit,visit,T3-L05,1,model,True
AD001122,3379.481838949762,505.430393198394,53.14952319555518,own_visit,visit,T3-L05,1,model,True
AD001123,-2974.5932396176445,-0.4368415230642918,91.85129750954674,street_key,"br,grid",T3-L06,1,model,False
AD001124,1258.347221809362,-1736.3028846029458,32.607777236986415,own_visit,visit,T2-L11,1,model,True
AD001125,1286.2550721866742,1135.0916881888588,118.9674983721575,baseline,"baseline,poi",T2-L07,1,model,False
AD001126,3026.444160532185,685.5437317680946,170.18510775505922,street_grid,"grid,lm",T2-L06,1,model,False
AD001127,626.0163683681783,-3381.7864721935653,54.51913476690088,own_visit,visit,T2-L01,1,model,True
AD001128,856.5605571266481,-1370.6892897216644,34.637733485841125,own_visit,visit,T3-L08,1,oof_cv,True
AD001129,-670.7211247218047,3201.6584120727316,117.0157423879762,baseline,"baseline,grid",T2-L03,1,oof_cv,False
AD001130,-764.009641868196,-3321.962742964939,28.816854097169287,own_visit,visit,T1-L02,1,model,True
AD001131,1126.9128079758316,-1732.077538909618,32.714059049927755,own_visit,visit,T2-L11,1,model,True
AD001132,2574.6396067152914,-1804.5651484894508,110.03262818590538,baseline,"baseline,grid,poi",T2-L10,1,model,False
AD001133,2387.060133472241,-1265.1233078516295,21.449235967064407,own_visit,visit,T2-L10,1,model,True
AD001134,929.2546907414888,-2829.2365256893845,244.54530223313932,street_grid,"grid,lm",T2-L01,1,model,False
AD001135,-837.243452830336,2958.7954706885444,104.41663022322687,own_visit,"visit,grid",T2-L03,1,model,True
AD001136,845.9771347424368,-275.06084902683085,63.33747232704703,own_visit,visit,T2-L02,1,model,True
AD001137,-190.10820765952909,2119.7501047858573,1237.3354136462938,locality_centroid,"loccent,baseline,locgrp",T2-L03,2,model,False
AD001138,-360.63149726119883,-3300.112420315173,25.18166342607444,own_visit,visit,T3-L11,1,model,True
AD001139,1451.1325321086433,-1757.7722472514906,1486.245110933412,locality_centroid,"loccent,baseline,locgrp",T1-L03,4,model,False
AD001140,-440.3058970619984,-975.5650603251001,63.191229764601005,street_grid,grid,T1-L12,1,model,False
AD001141,-156.88563996151768,-3537.571755362532,116.93755314291545,street_grid,"grid,br,lm",T3-L11,1,model,False
AD001142,-722.8695953820337,-548.2937711908259,819.782439559745,baseline,"baseline,loccent,locgrp",T3-L03,1,model,False
AD001143,3365.5433827837373,-1692.5340774151093,159.35493434732916,street_grid,"grid,poi,lm",T3-L10,1,model,False
AD001144,-579.6644166869526,-1261.5696258597245,51.351462174748185,street_grid,"grid,baseline",T1-L12,1,model,False
AD001145,585.1444000703984,2303.581161285898,28.24635244711822,own_visit,"visit,grid,baseline",T1-L07,1,model,True
AD001146,-47.04838715365025,-437.0238541766982,2588.628783454622,locality_centroid,"loccent,baseline,locgrp",T3-L01,12,oof_cv,False
AD001147,-1568.0464191294852,2361.6948116314306,1434.053225239263,locality_centroid,"loccent,baseline,locgrp",T3-L02,2,model,False
AD001148,-1215.2762785449952,453.89631745976396,821.1113907745952,baseline,"baseline,loccent,locgrp",T1-L05,1,model,False
AD001149,1641.581920970552,-1617.2455612418157,48.53634288499508,own_visit,visit,T2-L11,1,model,True
AD001150,1930.6436651042955,1458.0993670811488,1261.2186571512484,locality_centroid,"loccent,baseline,locgrp",T2-L04,4,model,False
AD001151,655.9092003182602,-2928.8349943106455,69.34715401574925,own_visit,visit,T1-L04,1,model,True
AD001152,1468.085513727719,378.6865791475967,54.996944469934164,own_visit,"visit,baseline",T2-L02,1,model,True
AD001153,-404.9998000774352,2206.690499735513,1183.1519904402817,locality_centroid,"loccent,baseline,locgrp",T2-L03,2,model,False
AD001154,-2588.5713572425498,1704.3580914447994,29.102642810099063,own_visit,"visit,grid",T1-L01,1,model,True
AD001155,936.1942300066511,1003.9213826824287,128.85682532214344,baseline,baseline,T2-L07,1,model,False
AD001156,715.9944706413871,-339.0201080120001,86.8976375072972,own_visit,"visit,baseline,grid",T2-L02,1,model,True
AD001157,-1827.6125372908343,-2909.259175304212,26.676069090509856,own_visit,visit,T2-L05,1,model,True
AD001158,916.050751595834,2559.5316290479686,22.354158869044525,own_visit,visit,T2-L08,1,model,True
AD001160,-2673.11465158105,1768.6108426894439,24.19440067800722,own_visit,visit,T1-L01,1,model,True
AD001161,3396.1671278472636,418.10744902662077,88.16463228292203,baseline,"baseline,br,poi,lm",T3-L05,1,model,False
AD001162,-141.3960639939265,-3517.0211408693103,21.936770566132736,own_visit,visit,T3-L11,1,model,True
AD001163,-1729.512955096463,-2701.7191706358662,173.0148158852323,street_grid,"grid,poi,lm",T2-L05,1,model,False
AD001164,-781.6720343062096,-453.87646226550294,232.53676048600144,landmark_poi,"poi,lm",T3-L03,1,oof_cv,False
AD001165,-171.24450173237395,2824.339268261089,24.123831298424854,own_visit,visit,T3-L02,1,model,True
AD001166,-2634.7903267415995,1452.9026836793118,64.26629414446136,street_grid,"grid,cm",T1-L01,1,model,False
AD001167,1503.3878962545114,-1556.470682604814,1467.0832270341539,locality_centroid,"loccent,baseline,locgrp",T1-L03,4,model,False
AD001168,-383.444626088666,-227.7760014528658,170.90189815939505,street_grid,"grid,poi,lm",T2-L09,1,model,False
AD001170,3513.8351064955787,-1828.955506313068,77.10774240535844,own_visit,"visit,br",T3-L10,1,model,True
AD001171,-2681.151125841236,-629.1085751470314,26.232532065956498,own_visit,visit,T3-L06,1,model,True
AD001172,3119.7874736399203,-2161.8256413864997,56.70907799889583,street_grid,grid,T1-L11,1,model,False
AD001173,2570.7443577173785,714.2238187115288,56.00841612169319,street_grid,grid,T1-L08,1,model,False
AD001174,2596.1766184368994,-1927.0386799365267,14.239220403040216,baseline,"baseline,visit,grid",T1-L11,1,model,True
AD001175,945.3095654351422,-780.402459751329,70.25862186447826,street_grid,"grid,baseline,br",T3-L08,1,model,False
AD001176,3553.8391535558985,-9.926158195108266,57.26722682474331,street_grid,"grid,baseline,br,visit",T3-L05,1,model,True
AD001177,874.5342532551813,2678.734192935606,191.62364152963855,street_grid,grid,T2-L08,1,model,False
AD001178,1797.9531932219015,-2196.7912385964037,28.738041085672513,own_visit,visit,T2-L11,1,model,True
AD001180,1053.9160429594567,-3589.167181350223,837.5252513684339,baseline,"baseline,loccent,locgrp",T3-L12,1,model,False
AD001181,-835.5378152533945,-3853.182107844095,72.10771340957635,street_grid,"grid,br",T3-L11,1,model,False
AD001182,1354.008759907334,990.0445391329288,345.1308711297689,landmark_poi,"poi,grid,baseline",T2-L07,1,model,False
AD001183,3618.2493942059364,618.2378950607498,110.92938477596844,street_key,"br,grid,poi",T3-L05,1,model,False
AD001184,845.1458076783684,-1170.3612295337587,83.49686421920794,street_grid,"grid,br,poi,lm",T3-L08,1,model,False
AD001186,2854.4074459237127,-2029.4845986776609,24.535089536776052,own_visit,"visit,grid",T1-L11,1,model,True
AD001187,1374.6601924976612,-299.43613671485053,21.7949443680306,own_visit,"visit,grid",T1-L03,1,model,True
AD001188,3651.0343428905358,432.3058770774143,833.6991284531716,baseline,"baseline,loccent,locgrp",T3-L05,1,model,False
AD001189,-695.3678254804887,2969.1861990880793,827.6607419595085,baseline,"baseline,loccent,locgrp",T2-L03,1,model,False
AD001190,1214.2298045340099,308.3693301632399,202.76181480281892,street_grid,"grid,lm",T2-L02,1,model,False
AD001191,372.5703406327883,2790.3315304218386,19.883986773495465,own_visit,"visit,grid",T1-L07,1,model,True
AD001192,-1357.4604403446008,-2932.9873859911127,175.62416810221407,street_grid,"grid,poi,lm",T1-L02,1,model,False
AD001193,-364.75966201610527,3261.238618370491,179.25283196915248,street_grid,"grid,poi,lm",T2-L03,1,model,False
AD001194,2550.3049481761072,-1319.139650462294,188.18673500308398,street_grid,"grid,poi",T2-L10,1,model,False
AD001195,2529.2271935866447,-1131.1332523984343,171.64612171340605,blend,"grid,poi,lm",T2-L10,1,model,False
AD001196,1760.8509058278237,-1659.382070734345,1477.13590720026,locality_centroid,"loccent,baseline,locgrp",T1-L03,4,model,False
AD001197,853.5028628705826,-1209.4236654431802,93.85392202499395,street_grid,"grid,poi,lm",T3-L08,1,model,False
AD001198,570.8578478487254,-2780.3133132650873,35.97993194621713,own_visit,visit,T1-L06,4,model,True
AD001199,1244.8337923410975,-320.9395151667181,64.93612358903663,street_grid,grid,T1-L03,1,model,False
AD001200,-2822.583717256427,843.4173910318806,26.972799854690248,own_visit,"visit,grid",T1-L01,1,model,True
AD001201,658.4450141578506,-2621.77450325793,20.55789193170232,own_visit,"visit,grid",T1-L04,1,model,True
AD001202,-1527.41329154533,-2810.7612625451484,268.85242066596635,landmark_poi,"poi,baseline",T2-L05,1,model,False
AD001203,-579.8334364703652,-3535.990839127436,116.42295416342793,baseline,baseline,T3-L11,1,model,False
AD001204,1393.0684475003663,-2411.5341806364595,226.75823712942693,landmark_group,"lm,poi",T2-L11,1,model,False
AD001206,-2362.073022699134,-97.50203678850542,42.89980476675601,street_grid,"grid,br",T3-L06,1,model,False
AD001207,2467.3468182031334,923.0822359951387,51.164422591065616,street_grid,"grid,visit",T1-L08,1,model,True
AD001208,1611.1459333663895,-1085.8692528170266,22.277604895390308,own_visit,visit,T1-L06,1,model,True
AD001209,-899.9984964786549,3124.187989963059,161.61680002526992,baseline,"baseline,grid,lm",T2-L03,1,model,False
AD001210,895.0161352274267,2981.0250998635497,153.3070464983718,street_grid,"grid,lm,poi",T2-L08,1,model,False
AD001211,1122.7845116573887,377.21246332741634,224.25941559507572,street_grid,grid,T2-L02,1,model,False
AD001212,-2951.2511275045044,1354.8355115478091,112.15282394000948,own_visit,visit,T3-L07,2,model,True
AD001213,671.9700434406976,1304.7194855820148,165.46223150622626,street_key,br,T3-L09,1,model,False
AD001214,2870.0620892683046,-1584.7955821546834,28.683731287763923,own_visit,visit,T2-L10,1,model,True
AD001215,2269.1634107824584,1756.681062786167,837.0388376787373,baseline,"baseline,loccent,locgrp",T2-L04,1,model,False
AD001216,986.6786872150925,-980.8658867669292,30.72274238042363,own_visit,visit,T3-L08,1,model,True
AD001217,1307.5757303634127,-949.4558517650024,235.25039284004632,landmark_poi,"poi,lm",T3-L08,1,model,False
AD001218,-733.6892067727294,329.4662237250368,195.22744952014108,street_grid,grid,T1-L05,1,model,False
AD001219,-525.1283953544627,-3727.1659447268876,35.98493378308401,own_visit,visit,T3-L12,1,model,True
AD001220,-2226.5538832364855,1740.8973778550726,31.43549026907495,own_visit,visit,T3-L07,1,model,True
AD001222,3685.7335672745303,399.97924923249633,828.0352877213346,baseline,"baseline,loccent,locgrp",T3-L05,1,model,False
AD001223,711.652677521355,-3000.176186968604,19.66930275727339,own_visit,"visit,grid",T1-L04,1,model,True
AD001224,3045.5743443190972,-2606.153054129314,56.10111138882686,street_grid,grid,T1-L11,1,model,False
AD001225,527.2614427542143,-3081.40309725563,201.73821624084843,street_grid,"grid,poi,lm",T2-L01,1,model,False
AD001226,2337.1629790218244,734.1018176226382,1335.6568267172752,locality_centroid,"loccent,baseline,locgrp",T2-L06,4,model,False
AD001227,3240.6416836154704,-1729.8221783932695,114.24624838913145,street_key,"br,grid",T3-L10,1,model,False
AD001228,-884.330751750583,-3361.981128019632,195.40453880088108,street_grid,grid,T1-L02,1,model,False
AD001230,1175.9304900940715,1603.6050194160166,117.00619957559526,baseline,"baseline,poi",T2-L07,1,model,False
AD001231,3005.14352845437,-2143.082542270741,40.63515518927201,own_visit,"visit,grid",T1-L11,1,model,True
AD001232,391.2209742140574,-2971.323707340651,97.98578886280191,own_visit,visit,T2-L01,1,model,True
AD001233,2503.33194077845,-2360.0572531105304,78.91376118743497,own_visit,"visit,lm,poi",T1-L11,1,model,True
AD001234,-1588.933848541692,-1357.942755939699,1735.380651788359,locality_centroid,"loccent,baseline,locgrp",T3-L01,5,model,False
AD001236,2934.341354909575,-2635.2625135684652,42.792246911001975,own_visit,visit,T1-L11,1,model,True
AD001237,2576.1126886167967,762.9283092829207,71.45984410783265,own_visit,visit,T2-L06,1,model,True
AD001238,1461.672472720879,-2078.424832040583,210.61431297480476,landmark_poi,"poi,lm",T2-L11,1,model,False
AD001239,-725.1251747185952,-3102.030204458822,26.38676295886103,own_visit,visit,T1-L02,1,model,True
AD001240,1333.8963258159858,-223.99141084806504,44.73055040368304,own_visit,"visit,grid",T1-L03,1,model,True
AD001242,1524.7488877894175,-1870.9531593162783,54.16958182230524,own_visit,"visit,grid",T2-L11,1,model,True
AD001243,2878.175949350136,-2443.817042250234,49.738917699059506,street_grid,grid,T1-L11,1,model,False
AD001245,1494.259367203918,-2026.387260708389,25.758562491810363,own_visit,visit,T2-L11,1,model,True
AD001246,2787.1788524725102,-2248.364877697227,819.7636085478524,baseline,"baseline,loccent,locgrp",T1-L11,1,model,False
AD001247,-835.2492873732892,-388.5279704656851,25.464818291102866,own_visit,visit,T3-L03,1,model,True
AD001248,1401.172975787177,-805.111444953203,23.565273909263265,own_visit,visit,T3-L08,1,model,True
AD001249,868.2093167860925,-1261.9576529259157,137.68689718331552,blend,"grid,br,lm,poi",T3-L08,1,oof_cv,False
AD001250,3120.645370909564,-2161.9380586105744,54.61469725041719,street_grid,grid,T1-L11,1,model,False
AD001251,-1197.7106163887506,452.7485611256912,821.1588933355337,baseline,"baseline,loccent,locgrp",T1-L05,1,model,False
AD001252,727.009530200176,-2946.3116170807107,228.43272697606076,street_grid,"grid,poi,lm",T2-L01,1,model,False
AD001253,-808.6133587124515,-3227.763669287001,105.30967457024053,baseline,"baseline,grid,cm,poi",T1-L02,1,model,False
AD001254,2737.407977878889,260.26552688208466,32.36956851856475,own_visit,visit,T2-L06,1,model,True
AD001255,3565.908999308403,523.5360218634961,112.5243659059265,baseline,"baseline,br,grid",T3-L05,1,model,False
AD001256,3309.7713279040563,-1992.6991869919827,24.34045469179552,own_visit,visit,T1-L11,1,model,True
AD001257,2321.427910336274,1441.1561430384772,21.469650106464172,own_visit,"visit,grid",T1-L08,1,model,True
AD001258,160.04675294444337,1874.8019103735958,23.500153479126674,own_visit,"visit,grid",T1-L07,1,model,True
AD001259,-2319.6251521501035,-486.8808759303692,215.9984683432839,landmark_poi,"poi,lm",T3-L06,1,model,False
AD001260,2480.1777097536183,-1326.4973838633553,268.58058300558355,landmark_poi,"poi,baseline",T2-L10,1,model,False
AD001261,387.34296293206955,-3183.50917353726,78.14653933407094,street_grid,grid,T1-L04,1,model,False
AD001262,-981.5181127052285,-456.79588543762617,33.93260375465733,own_visit,visit,T3-L03,1,model,True
AD001263,-2490.8905659894585,-2158.878775958047,166.69639812879515,blend,"cm,poi,grid,lmcm",T1-L09,1,model,False
AD001264,-632.2766309006678,-3134.7603923382712,442.4848125678928,landmark_poi,"poi,baseline",T3-L04,1,model,False
AD001265,-1053.2733241490646,-1829.5280199578162,833.3604110206503,baseline,"baseline,loccent,locgrp",T3-L04,1,model,False
AD001266,2393.06924254569,-2458.438119649592,54.00781644778156,street_grid,grid,T1-L11,1,model,False
AD001267,-2376.2692715115913,-2105.332747000231,23.546508412720996,own_visit,visit,T1-L09,1,model,True
AD001268,-182.19282003513013,-839.5757628894683,169.14835271930204,own_visit,visit,T3-L03,1,model,True
AD001269,-2980.816327942967,-193.00167687145327,21.424201421947245,own_visit,visit,T3-L06,1,model,True
AD001270,-883.2901273710113,-1377.803153409732,59.13894301825221,street_grid,grid,T1-L12,1,model,False
AD001271,2933.06785371681,-1822.1374837195315,25.437403891132323,own_visit,"visit,grid",T1-L11,1,model,True
AD001272,3047.1968390406796,-2339.9086772048836,63.87294084831122,blend,"grid,visit,br",T3-L10,1,model,True
AD001273,2337.7021915124787,-2205.5012067808025,43.26772447672838,own_visit,visit,T1-L11,1,model,True
AD001274,686.7732717280971,-916.8428482987375,29.584049887189902,own_visit,visit,T3-L08,1,model,True
AD001275,-2674.0425487973657,-79.98403750170607,93.42469002010371,street_grid,"grid,br,poi,lm",T3-L06,1,model,False
AD001276,2383.6457351452427,-2215.31545347305,31.93659733815331,own_visit,visit,T1-L06,1,model,True
AD001277,2483.840213059557,-1197.0905877344192,114.69702712172507,baseline,"baseline,grid,poi,lm",T2-L10,1,model,False
AD001278,836.8388976779185,2155.264451469427,62.997637405676684,street_grid,grid,T1-L07,1,model,False
AD001279,1017.4176934636032,-147.55342694268776,24.87859455843827,own_visit,visit,T2-L02,1,model,True
AD001280,989.5317510148197,2941.5389525822325,196.00160751387344,street_grid,grid,T2-L08,1,model,False
AD001281,1553.921289501069,-2327.722021070909,29.079458861868314,own_visit,visit,T2-L11,1,model,True
AD001282,826.9069600735061,-1182.3726562876398,80.36790798313318,street_grid,"grid,br,poi",T3-L08,1,model,False
AD001283,3958.593304905443,653.1455527434512,92.39536861277269,street_grid,"grid,br,lm",T3-L05,1,model,False
AD001284,1532.8305205791983,-2107.958642506633,180.91226941554376,street_grid,grid,T2-L11,1,model,False
AD001285,-799.7093715093346,2752.256066647028,202.83142362670313,street_grid,grid,T2-L03,1,model,False
AD001286,1438.5777124657016,-4058.9694369911444,148.96219920544956,baseline,"baseline,br",T3-L12,1,model,False
AD001287,-3740.9708564231264,-791.0968980056315,820.0698704438283,baseline,"baseline,loccent,locgrp",T3-L01,1,model,False
AD001288,1144.221339631248,-340.56580210709615,63.37188740289458,street_grid,"grid,cm",T1-L03,1,model,False
AD001289,3993.43018509878,668.0385646353963,14.998066705729089,baseline,baseline,T3-L05,1,model,False
AD001290,978.310292055437,-1028.3206966588186,20.909319034720742,own_visit,visit,T3-L08,1,model,True
AD001291,894.788172534809,-808.9961210878134,62.74194013684907,own_visit,"visit,grid,br",T3-L08,1,model,True
AD001293,-966.756539145283,-148.30601043749417,121.66657511965359,baseline,baseline,T3-L03,1,model,False
AD001294,2713.0204745833585,-2463.9485315732336,50.13888652547073,own_visit,visit,T1-L06,4,model,True
AD001295,583.9173839328096,-2967.68489743931,824.8746956556687,baseline,"baseline,loccent,locgrp",T1-L04,1,model,False
AD001296,3028.7286226679275,578.9900632960105,163.1082526412756,street_grid,"grid,lm",T2-L06,1,model,False
AD001297,2427.6803393224936,1384.4747731477642,297.6134836385285,landmark_poi,"poi,grid",T2-L04,1,model,False
AD001298,-862.9404152301444,-3015.0802113311056,23.51553831961446,own_visit,visit,T1-L02,1,model,True
AD001299,-547.0233143272194,-1335.7386148378923,54.57118752590516,street_grid,grid,T1-L12,1,model,False
AD001300,1570.1808859108714,-2219.1646417182174,15.708754746983855,baseline,baseline,T2-L11,1,model,False
AD001301,-1874.0692528495583,-3030.444078274715,142.74460988067742,baseline,"baseline,grid,lm",T2-L05,1,model,False
AD001302,-3933.2832056449356,-770.857968728257,251.61741435944225,landmark_poi,"poi,lm",T3-L01,1,model,False
AD001303,2344.3927962966477,-1224.6701035870053,137.27019291892069,baseline,"baseline,grid",T2-L10,1,model,False
AD001304,-1936.2031780145933,-2735.403873925428,115.63608866339828,baseline,"baseline,poi,grid,lm",T1-L09,1,model,False
AD001305,-2654.737033571909,-504.3997850731199,202.15508088244263,landmark_poi,"poi,lm",T3-L06,1,model,False
AD001306,2715.4390256087304,-2291.3995820597424,27.924795291114627,own_visit,visit,T1-L11,1,model,True
AD001307,374.2326450183483,-3109.3278556148193,26.840009560370525,own_visit,"visit,grid",T1-L04,1,model,True
AD001308,-2653.541118834759,1324.2784588048398,86.76231776048563,street_grid,"grid,baseline",T1-L01,1,model,False
AD001309,-977.7385497919051,-1078.377840252601,368.5694165447965,landmark_group,"lm,baseline,loccent",T1-L12,1,model,False
AD001310,2272.061003640198,2062.061018413186,491.32207536545815,street_grid,"grid,baseline,loccent",T2-L04,1,model,False
AD001311,-3131.9907188940592,813.3899071832656,79.41704260096517,street_grid,"grid,poi",T1-L01,1,oof_cv,False
AD001312,-2470.6329051911766,1201.8980740218353,69.5138469897096,street_grid,"grid,cm",T1-L01,1,model,False
AD001314,-2455.6735510472745,1292.4681730548293,48.66471851173281,own_visit,"visit,grid,baseline",T1-L01,1,model,True
AD001315,-3123.313840306557,922.7715544619139,238.20664732798483,landmark_poi,"poi,lm",T1-L01,1,oof_cv,False
AD001316,-801.8058592476361,-2919.993277346539,161.89433855958478,street_grid,"grid,poi,lm",T1-L02,1,model,False
AD001317,1924.1080955301065,-1161.7682323619044,114.84531361392929,baseline,"baseline,grid",T1-L06,1,model,False
AD001318,1188.1658367437892,-34.750675603077745,105.16559499139069,baseline,"baseline,visit,grid,poi,lm",T2-L02,1,model,True
AD001319,-726.7307245030532,3430.1121934979715,245.5943132111849,landmark_poi,"poi,lm",T3-L02,1,model,False
AD001320,-611.5002571191468,-1121.2137437548258,61.71546683715154,street_grid,"grid,baseline",T1-L12,1,model,False
AD001321,551.4560431428451,2431.22257603073,64.31272031378268,street_grid,"grid,baseline",T1-L07,1,model,False
AD001322,73.69484832391959,1997.8379152305188,26.500250598874278,own_visit,"visit,grid",T1-L07,2,model,True
AD001323,690.2173698494854,-2774.3960443952333,19.723842492248004,own_visit,"visit,grid",T1-L04,1,model,True
AD001324,2632.7725316481456,-1926.1451371300097,22.09000611598449,own_visit,"visit,grid",T1-L11,1,model,True
AD001325,-1572.958488093678,-2930.9834118143854,218.00897834171244,street_grid,grid,T2-L05,1,model,False
AD001326,700.8916815275998,1437.4894241814086,326.5604880703555,landmark_poi,"poi,baseline,grid,loccent",T2-L07,1,model,False
AD001327,1562.3237772724044,-1788.0109273060505,179.30284662071725,street_grid,grid,T2-L11,1,model,False
AD001328,955.4721461192948,2703.732667526901,816.2159012216756,baseline,"baseline,loccent,locgrp",T2-L08,1,model,False
AD001329,912.6897101884637,-700.0156765682639,90.76361555854906,street_grid,"grid,br,poi",T3-L08,1,model,False
AD001330,-2368.2453483537247,-533.5376127707514,81.35776624497392,own_visit,visit,T3-L01,1,model,True
AD001331,-2936.82492477194,-58.969610186437386,29.758567621536795,own_visit,visit,T3-L06,1,model,True
AD001332,-731.2889882309537,-2969.9056751415983,766.2211674945681,landmark_poi,"poi,baseline,loccent",T3-L04,1,model,False
AD001333,-2836.042481509376,-252.45753867366417,168.2019756469266,own_visit,"visit,poi,lm",T3-L06,1,model,True
AD001335,857.3332007167675,-2933.969497668905,167.8412929056825,own_visit,visit,T1-L09,1,model,True
AD001336,2699.6601769939107,-1797.511560015389,43.85366470550658,street_grid,"grid,visit",T1-L11,1,model,True
AD001337,1361.5804341629212,-2516.6380679741055,22.205248294645795,own_visit,visit,T2-L11,1,model,True
AD001338,2852.535433107996,630.3910545792394,22.58402491389559,own_visit,visit,T2-L06,1,model,True
AD001339,772.0485889212757,2811.5826292883007,107.4978623886053,own_visit,"visit,grid",T2-L08,1,model,True
AD001340,964.8952782245502,2669.9376942836957,150.94856835973857,street_grid,"grid,poi,lm",T2-L08,1,oof_cv,False
AD001341,-967.7107234163409,-1715.8559048060788,103.12200264259465,baseline,"baseline,br",T3-L04,1,model,False
AD001342,2987.846953761926,303.22836286384745,183.74336564806936,street_grid,grid,T2-L06,1,model,False
AD001343,-1260.9353025671044,-498.0997075713441,33.88093925417143,own_visit,visit,T3-L03,1,model,True
AD001344,-633.8912319828132,-3118.622027345948,470.7502181777744,landmark_poi,"poi,baseline",T3-L04,1,model,False
AD001346,-786.5148988855763,-741.085712671211,23.4147960021949,own_visit,visit,T2-L09,1,model,True
AD001348,2793.667428323188,-2645.043979935789,57.65624155719298,street_grid,grid,T1-L11,1,model,False
AD001349,2010.851097340279,-1320.2544729276442,109.23976802744396,baseline,"baseline,cm,poi",T1-L06,1,model,False
AD001350,-1697.6144402717819,-2893.449243607441,398.2346970309845,landmark_group,"lm,baseline,loccent",T2-L05,1,model,False
AD001351,1498.6027326379728,350.6689216451192,26.458228743003854,own_visit,visit,T2-L02,1,model,True
AD001352,3947.958521559212,293.71464967497946,50.938683864619286,own_visit,"visit,br",T3-L05,1,model,True
AD001353,3897.6583142674813,514.3807196897445,285.32952435373767,landmark_group,"lm,baseline",T3-L05,1,model,False
AD001354,2945.9960663910015,-2040.0261435376262,54.4398531463818,street_grid,"grid,visit",T1-L11,1,model,True
AD001355,641.44009585266,-2619.467752018283,20.22658551151606,own_visit,"visit,grid",T1-L04,1,model,True
AD001356,433.0234790202065,2030.984066174658,52.14053012256919,street_grid,grid,T1-L07,1,model,False
AD001357,-568.8855586625746,3373.8915497631,21.363759041616884,own_visit,visit,T3-L02,1,model,True
AD001359,-690.412383839458,2592.500462615592,249.9213754846013,landmark_poi,"poi,lm",T2-L03,1,model,False
AD001360,-2307.094022159673,1211.7959957446094,38.815771363169425,own_visit,visit,T3-L07,1,model,True
AD001361,-454.755926402284,-2770.3057739664064,33.08476760860661,own_visit,visit,T1-L02,1,model,True
AD001362,-3051.690526044568,1458.8391782779147,27.00271548334661,own_visit,visit,T1-L01,3,model,True
AD001363,2924.2708547331663,-1810.7028952173132,30.105436239310567,own_visit,visit,T1-L11,1,model,True
AD001364,2952.5943231417687,-2507.308940351717,24.202460290177378,own_visit,visit,T1-L11,1,model,True
AD001365,2165.89400458461,-1430.4898667229108,1144.1095424003295,locality_centroid,"loccent,baseline,locgrp",T2-L10,4,model,False
AD001366,1648.9110056010472,-810.1562957497182,250.104721768302,landmark_poi,"poi,grid",T1-L06,1,model,False
AD001367,663.0017775282221,2878.6955440286215,57.60234854827245,street_grid,grid,T1-L07,1,model,False
AD001368,918.611691960677,2659.823202214445,823.068987767838,baseline,"baseline,loccent,locgrp",T2-L08,1,model,False
AD001369,-555.2495151508638,-538.5326012582834,104.83879470163787,baseline,"baseline,poi,lm",T3-L03,1,model,False
AD001370,1387.4433748693523,1599.9879473878007,1445.6645621467853,locality_centroid,"loccent,baseline,locgrp",T1-L07,2,model,False
AD001371,-2862.646805454123,-648.2786059270334,75.33441522006136,own_visit,"visit,grid,br",T3-L06,1,model,True
AD001372,2975.743037187301,-2489.7254063536457,47.34390918177232,street_grid,"grid,visit",T1-L11,1,model,True
AD001373,2710.1758097049933,1240.096264294216,462.58234504947245,landmark_poi,"poi,grid",T2-L04,1,model,False
AD001374,1794.6254574501174,-1154.3475824255668,307.3907580624801,landmark_poi,"poi,lm,baseline",T1-L06,1,model,False
AD001375,-3143.380010482084,835.4784193617414,214.53175303650244,landmark_group,"lm,poi",T1-L01,1,model,False
AD001376,-858.6703089111659,-918.1720836125141,241.71100689219014,street_key,br,T3-L03,1,model,False
AD001377,914.7865463951595,-1224.6786163889635,69.72974799526564,street_grid,"grid,br,baseline",T3-L08,1,model,False
AD001378,1358.8899695339876,-428.1912667783615,522.3822390179606,landmark_poi,"poi,lm,baseline,loccent",T1-L06,1,model,False
AD001380,1402.8055914079894,-1895.4209621724617,26.476884978806616,own_visit,visit,T2-L11,1,model,True
AD001381,1035.1297032355833,-437.6692271792438,22.91750529420298,own_visit,visit,T2-L02,1,model,True
AD001382,-394.7767803936142,-3394.193134769558,22.634101510299317,own_visit,visit,T3-L11,1,oof_cv,True
AD001383,2843.790908293361,-2343.852490466427,24.525508331311546,own_visit,visit,T1-L11,4,model,True
AD001384,-2705.4245816039643,-495.77768595696705,23.776293353648796,own_visit,visit,T3-L06,1,model,True
AD001385,1109.5634675275091,-3526.878292005513,844.8656080357988,baseline,"baseline,loccent,locgrp",T3-L12,1,model,False
AD001386,-418.7452931780208,-3401.6441607803,49.85505240411221,own_visit,"visit,br,grid",T3-L11,1,model,True
AD001387,3324.8770926118723,-2002.6719575474353,60.73396480625887,own_visit,visit,T1-L11,1,model,True
AD001388,1722.989603141795,-1564.4981399574162,1470.7900844990265,locality_centroid,"loccent,baseline,locgrp",T1-L03,4,model,False
AD001389,594.894261715731,2375.240462433244,26.0945445739389,own_visit,"visit,grid",T1-L07,1,model,True
AD001390,-471.723286111665,-3605.660038568654,822.2812756257402,baseline,"baseline,loccent,locgrp",T3-L11,1,model,False
AD001391,-2632.6436259658412,-51.225271925515926,24.330460223387682,own_visit,visit,T3-L06,1,model,True
AD001392,-3566.9633333043407,-901.5863815288676,393.23465535853995,landmark_group,"lm,baseline,loccent",T3-L01,1,model,False
AD001393,-1370.4040206427303,528.0531455987743,26.312263691228903,own_visit,visit,T1-L05,1,model,True
AD001394,3117.021470992451,-2397.996406880047,87.1810226055424,street_grid,"grid,br,lm,poi",T3-L10,1,model,False
AD001395,1354.5725749982976,-1060.3095378327837,28.383057396858455,own_visit,visit,T3-L08,1,model,True
AD001396,-651.8550400721986,-3389.6316560175333,21.548140672759626,own_visit,visit,T3-L11,1,model,True
AD001397,1669.3191485906136,-1691.6685345444707,85.68892321454312,own_visit,"visit,grid,lm",T2-L11,1,model,True
AD001399,-2024.536913940725,1769.4259203863032,115.59790787280112,baseline,"baseline,br,grid",T3-L07,1,model,False
AD001401,-1208.300402430996,-3330.5179610030455,167.78938756378957,street_grid,"grid,poi",T1-L02,1,model,False
AD001402,103.68246379051855,2475.962016773299,51.29125620109019,street_grid,grid,T1-L07,1,model,False
AD001403,1072.7243714684928,-75.0356891315874,205.8311351273406,street_grid,"grid,lm",T2-L02,1,model,False
AD001404,-1608.5926617886887,-2989.9462222034304,113.59914586882103,baseline,"baseline,grid,lm",T2-L05,1,model,False
AD001405,-3729.403985979271,-921.1500438935992,819.4748651933937,baseline,"baseline,loccent,locgrp",T3-L01,1,model,False
AD001406,-2763.8294754590697,-146.53155116716206,230.11662867199874,street_key,"br,poi,grid",T3-L01,1,model,False
AD001407,-454.67553000609416,2898.6557206803436,161.14545844826475,street_key,br,T3-L02,1,model,False
AD001408,2637.884930993118,934.1807687398095,26.602862963108056,own_visit,"visit,grid",T1-L08,1,model,True
AD001409,-1525.1955955745125,-3081.9978897065807,230.583074664566,street_grid,grid,T2-L05,1,model,False
AD001410,-794.3506515442771,2867.1929859836246,116.07718926293633,baseline,"baseline,grid",T2-L03,1,model,False
AD001411,2954.751935025896,-2338.7667319857487,64.02751813584774,street_grid,"grid,baseline",T1-L11,1,model,False
AD001412,-2857.0394867263158,988.8627043304201,61.04224063606431,street_grid,"grid,cm",T1-L01,1,model,False
AD001413,-2949.2435072416624,810.1655142747,76.03159902751958,street_grid,grid,T1-L01,1,model,False
AD001414,560.7015528367058,-2628.904849119092,21.424969648641277,own_visit,"visit,grid",T1-L04,1,model,True
AD001415,2877.722564334653,877.2018537785505,78.07598254340697,street_grid,grid,T1-L08,1,model,False
AD001416,2609.8199355996767,-1659.252921016269,23.160555119776927,own_visit,"visit,grid",T1-L11,1,model,True
AD001417,1175.354834663797,-437.4046296437717,68.4594738492032,own_visit,"visit,grid",T2-L02,1,model,True
AD001419,1490.993009997428,-1583.3518999464786,1466.879231467307,locality_centroid,"loccent,baseline,locgrp",T1-L03,4,model,False
AD001420,-2063.036413412766,-2083.4420733357865,21.692887810737012,own_visit,visit,T1-L09,1,model,True
AD001421,-2633.6004597619344,-492.0021636368138,66.50369859747123,street_grid,"grid,br",T3-L06,1,model,False
AD001422,3968.351119084021,667.8323352179679,85.20966090701249,own_visit,"visit,grid",T3-L05,1,model,True
AD001424,666.1344705913453,2361.497651435172,104.42359171632692,own_visit,"visit,grid,lm",T2-L08,1,model,True
AD001425,801.9539322475601,-3264.8283965800388,28.891173951952904,own_visit,visit,T2-L01,1,model,True
AD001426,-2112.0488259176454,1309.3330945563944,1311.2436327205799,locality_centroid,"loccent,baseline,locgrp",T1-L01,3,model,False
AD001427,792.868782080374,-1154.8845663332436,90.48855397234419,street_grid,"grid,br,poi,lm",T3-L08,1,model,False
AD001428,-2811.8168425642516,786.296716143067,71.10546121919607,street_grid,grid,T1-L01,1,model,False
AD001430,1285.875709648063,2874.076174043511,32.77308989170342,own_visit,visit,T2-L08,1,model,True
AD001431,1362.8499684124215,-445.8858660409356,100.13900513032024,street_grid,grid,T1-L03,1,model,False
AD001432,-517.5934503600579,-3366.0040380100722,22.874243682452388,own_visit,visit,T3-L11,1,model,True
AD001433,2734.1472453156707,-2466.889678970178,22.32822722362042,own_visit,"visit,grid",T1-L11,1,model,True
AD001434,700.7516884193759,-855.7275130047011,21.67846545785886,own_visit,"visit,grid",T3-L08,1,model,True
AD001435,-328.9927886257548,2954.115988946807,227.39749935469197,street_grid,grid,T3-L02,1,model,False
AD001436,-2320.714512125055,1224.624503215644,23.325184643740005,own_visit,visit,T3-L07,1,model,True
AD001437,-2431.671408158266,-603.129147253853,103.78584757385188,own_visit,"visit,poi",T3-L06,1,model,True
AD001438,-2741.2465819016716,1292.298092453551,99.17521892291192,street_grid,"grid,br",T3-L07,1,model,False
AD001439,-301.4527626335307,-3588.6820555359645,829.1412852264841,baseline,"baseline,loccent,locgrp",T3-L11,1,model,False
AD001440,-796.9850898586586,-570.3854155857215,821.8661514439452,baseline,"baseline,loccent,locgrp",T3-L03,1,model,False
AD001441,3546.4613678385726,53.17552878491547,65.8768012764827,street_grid,"grid,br",T3-L05,1,model,False
AD001442,1724.281377888191,-1679.7736578024499,1471.0077828629376,locality_centroid,"loccent,baseline,locgrp",T1-L03,4,model,False
AD001443,-680.2392737449525,-3268.365069735738,59.077455591291795,own_visit,visit,T3-L11,1,model,True
AD001444,756.167302814546,-284.90000805344994,21.58848375212684,own_visit,visit,T1-L03,1,model,True
AD001445,1003.686479464699,1115.9832791509937,845.8086315647025,baseline,"baseline,loccent,locgrp",T2-L07,1,model,False
AD001446,1483.6994391569003,-2118.1068692686604,999.1134826990856,locality_centroid,"loccent,baseline,locgrp",T2-L11,4,model,False
AD001447,-1340.9633087716736,-2878.713183954435,46.281174408825386,own_visit,"visit,baseline",T2-L05,1,model,True
AD001448,-2629.4066829058597,-448.7898031580637,98.59746614437238,street_grid,"grid,poi,lm",T3-L06,1,model,False
AD001449,1530.299870137757,-1711.0530605901763,1466.462369055626,locality_centroid,"loccent,baseline,locgrp",T1-L03,4,model,False
AD001450,2487.791870209011,-1042.9528312665739,66.61763549204225,own_visit,"visit,baseline",T2-L10,1,model,True
AD001451,-629.3748334371062,-626.3760988460668,102.39932522281046,baseline,"baseline,grid",T2-L09,1,model,False
AD001453,-2659.067183105468,1683.2146616354244,89.36992575495859,street_grid,"grid,lm",T3-L07,1,model,False
AD001454,-819.7624366246946,-3007.8892075232416,237.74222131618276,landmark_poi,"poi,lm",T1-L02,1,model,False
AD001455,1409.1515034131307,-2020.8342321589928,104.76383965942914,baseline,"baseline,grid,poi,lm",T2-L11,1,model,False
AD001456,715.5107792291528,-15.931161870770369,311.452243379249,landmark_group,"lm,baseline,loccent",T2-L02,1,model,False
AD001457,1023.9809909708783,2583.5727697580646,24.06935955527007,own_visit,visit,T2-L08,1,model,True
AD001458,-2844.0432882726423,-474.8159212356839,69.37375265192834,own_visit,"visit,br,grid",T3-L06,1,model,True
AD001460,3158.3559337907404,-1916.7796091325326,80.44322689779052,street_grid,"grid,baseline,br",T3-L10,1,model,False
AD001461,-2745.91571704752,950.2579826779132,62.99789932355442,street_grid,grid,T1-L01,1,model,False
AD001462,961.5889323607424,-3345.680602128132,23.702112772754013,own_visit,"visit,grid",T1-L04,1,model,True
AD001463,-2226.92625813006,1313.6526308437492,245.19788765567287,landmark_poi,"poi,lm",T3-L07,1,model,False
AD001465,-786.2064410142431,-747.1090872458208,24.12562389534035,own_visit,visit,T2-L09,1,model,True
AD001466,3620.068608888734,-16.282318280221148,32.18561766094821,own_visit,"visit,grid",T3-L05,1,model,True
AD001467,3087.7493362358146,-1835.6116209063257,241.112849495828,landmark_poi,"poi,lm",T3-L10,1,model,False
AD001468,361.13050464431785,-2696.1868674529646,21.946133827385786,own_visit,visit,T1-L04,1,model,True
AD001469,-2617.8002231259875,1438.3580820639647,23.048748422025856,own_visit,visit,T3-L07,1,oof_cv,True
AD001470,289.0583039008489,2027.7180949096576,116.5353685844516,baseline,"baseline,poi",T3-L09,1,model,False
AD001471,3091.031546752294,-1987.2869264884603,56.81401994326804,street_grid,grid,T1-L11,1,model,False
AD001472,-422.74695553878996,-3925.2924265954557,42.542661338783056,own_visit,visit,T3-L12,1,model,True
AD001473,678.4301237753089,1291.2271701608047,22.045436777798766,own_visit,visit,T3-L09,1,model,True
AD001474,1354.5223979249733,-2006.1578727669714,162.68898021476173,street_grid,"grid,lm,poi",T2-L11,1,model,False
AD001475,1107.0152865066257,21.693139570112834,816.537033256456,baseline,"baseline,loccent,locgrp",T2-L02,1,model,False
AD001476,-716.7702142982167,3401.3794738024544,128.58165483665869,street_key,"br,poi,lm,lmbr",T3-L02,1,model,False
AD001477,-445.8184136424815,-970.6834732785148,62.5328698492262,street_grid,grid,T1-L12,1,model,False
AD001478,-260.7968054698546,1055.7559136610655,255.88118577076796,landmark_poi,"poi,lm",T2-L12,1,oof_cv,False
AD001479,2981.619850630515,-2494.6913063813113,64.94094246233811,own_visit,"visit,lm",T1-L11,1,model,True
AD001480,3686.389786325296,-2211.432905776461,83.81597049040474,own_visit,visit,T3-L10,1,model,True
AD001481,2880.7226147976285,-1828.5700234238388,48.88591029195504,own_visit,"visit,br",T3-L10,1,model,True
AD001482,3415.620704218512,-1686.8376645595417,288.26660538353735,landmark_poi,"poi,baseline",T3-L10,1,model,False
AD001483,-634.3426304559563,2986.5400039893007,229.9408506250657,landmark_poi,"poi,lm",T3-L02,1,model,False
AD001484,2778.0434763390567,-1923.4454221928381,274.69774061540977,landmark_group,lm,T1-L11,1,model,False
AD001485,741.3371411706526,-3018.824888440707,311.159068272118,landmark_group,"lm,baseline,loccent",T1-L04,1,model,False
AD001486,-161.42712147552245,-328.41908631438366,2597.233572559227,locality_centroid,"loccent,baseline,locgrp",T3-L01,12,model,False
AD001487,1690.8848236836247,-1846.3581701501935,27.061028592125645,own_visit,visit,T2-L11,1,model,True
AD001488,-1513.2676387290348,-2864.8802040183364,21.487869088210683,own_visit,visit,T2-L05,1,model,True
AD001489,1284.3100874097124,-1777.1522483991675,30.42933476196887,own_visit,visit,T2-L11,1,model,True
AD001490,-1603.6957207720052,404.00088688097696,23.033394958461717,own_visit,visit,T1-L05,1,model,True
AD001491,3632.486049590641,-2220.4687979931555,98.9120942608122,baseline,"baseline,br,poi,lm",T3-L10,1,model,False
AD001493,659.8593027896874,-2908.562640152175,22.48145996218487,own_visit,visit,T2-L01,1,model,True
AD001494,726.3448886828054,-3046.1203933452925,21.954816257967376,own_visit,visit,T2-L01,1,model,True
AD001495,1254.8109651144373,-1855.7632779868857,43.160633323090906,own_visit,visit,T2-L01,4,model,True
AD001496,1814.4862653755736,-1308.2852573410282,26.2139893868465,own_visit,visit,T1-L06,1,model,True
AD001497,1595.5146767378412,-1925.3871938276236,198.61679691389563,street_grid,"grid,lm",T2-L11,1,model,False
AD001498,2938.6865190124736,-2533.104418041483,82.56040027897414,street_grid,grid,T1-L11,1,model,False
AD001499,3556.5189100938046,13.447287357817055,50.38752776875794,blend,"grid,visit,baseline,br",T3-L05,1,model,True
AD001500,-2835.53680044738,1404.075526577161,71.31593526488214,street_grid,"grid,br,baseline",T3-L07,1,model,False
AD001501,1687.937793836766,-2045.093653883152,1601.2788206688845,locality_centroid,"loccent,baseline,locgrp",T3-L08,3,model,False
AD001502,-1927.2789112912442,-1406.0064947275644,1746.48910327864,locality_centroid,"loccent,baseline,locgrp",T3-L01,5,model,False
AD001503,2880.490832836602,-1507.5294765851836,80.5908036394197,own_visit,"visit,baseline",T2-L10,1,model,True
AD001504,1021.0446210126122,3009.3496065251634,197.93773893377445,street_grid,grid,T2-L08,1,model,False
AD001505,1060.1352815277958,2653.464043043753,24.271483434117563,own_visit,visit,T2-L08,1,model,True
AD001506,-574.5942884504161,3190.829804787963,179.4962700862954,street_grid,grid,T2-L03,1,model,False
AD001507,-2532.286830964243,1711.6199096022165,828.3832916073682,baseline,"baseline,loccent,locgrp",T3-L07,1,model,False
AD001508,-2145.4936655592282,-2421.2134342844624,212.63301580674033,landmark_poi,"poi,lm",T1-L09,1,model,False
AD001509,3097.3246187051873,-2558.115211977563,28.732978569902652,own_visit,"visit,grid",T1-L11,1,model,True
AD001510,1036.3049695061127,-181.80401753266196,204.76730171468373,street_grid,grid,T2-L02,1,model,False
AD001511,817.1778092391942,1294.8359973837632,356.52547276892193,landmark_poi,"poi,grid,baseline,loccent",T2-L07,1,model,False
AD001512,-836.7278445567996,-402.1209427635253,104.30365062262,street_key,"br,poi,lm,lmbr",T3-L03,1,oof_cv,False
AD001513,528.2363398019558,1711.4894098252526,838.7940622267821,baseline,"baseline,loccent,locgrp",T3-L09,1,model,False
AD001514,-1398.6583099278505,-2304.8712027013576,1271.1298498911644,locality_centroid,"loccent,baseline,locgrp",T1-L02,3,model,False
AD001515,1588.4568618889803,-2341.1553567802625,157.52432886138632,street_grid,"grid,lm,poi",T2-L11,1,model,False
AD001516,678.535070365831,-2625.680204271648,110.45154848067492,own_visit,"visit,grid",T1-L06,4,model,True
AD001517,1166.4964166365319,-3071.5786015479184,75.69477517287923,street_grid,"grid,baseline",T1-L04,1,model,False
AD001519,1345.9824156730376,-4049.426640770636,314.9399487551686,landmark_poi,"poi,baseline",T3-L12,1,oof_cv,False
AD001520,-640.6359764917039,-3711.867957181072,46.14609373389199,own_visit,"visit,baseline,grid",T3-L11,1,model,True
AD001521,-735.1218085820149,3287.325546857598,24.170294337147933,own_visit,visit,T3-L02,1,model,True
AD001523,2946.205909505195,262.7986981857405,22.193446549813196,own_visit,visit,T2-L06,1,model,True
AD001524,4215.265320266129,154.53497387154817,44.61050332872032,own_visit,"visit,grid,br",T3-L05,1,model,True
AD001525,-876.0228525243889,-800.6546203939121,110.1387661968265,baseline,"baseline,poi,lm",T3-L03,1,model,False
AD001526,768.3414575488282,-2824.979920706053,174.71157473461508,street_grid,"grid,poi,lm",T2-L01,1,oof_cv,False
AD001528,1247.5911767371897,-2555.8113226427317,50.97317735151874,own_visit,visit,T2-L11,1,model,True
AD001530,1156.8345295597612,-344.44101527050213,20.105454617184506,own_visit,"visit,grid",T1-L03,1,model,True
AD001531,-1875.9066113788017,1493.1369660262733,1334.2467883845547,locality_centroid,"loccent,baseline,locgrp",T1-L01,3,model,False
AD001532,-1332.8559454399756,-2180.4533986413053,1263.267620554503,locality_centroid,"loccent,baseline,locgrp",T1-L02,3,model,False
AD001533,881.3817587797707,-2936.988055828627,288.3504232527732,landmark_group,"lm,baseline",T1-L04,1,oof_cv,False
AD001534,-2579.4205113492667,-187.73128619760178,40.7088545826164,own_visit,visit,T3-L04,5,model,True
AD001535,-451.32868785460903,2894.009875867323,155.1200360623995,street_key,br,T3-L02,1,model,False
AD001536,-2441.794718575782,1661.6934299015206,816.5571712548943,baseline,"baseline,loccent,locgrp",T3-L07,1,oof_cv,False
AD001537,-1627.2151288101252,-2655.8670781625656,194.88304726633993,street_grid,"grid,poi",T2-L05,1,model,False
AD001538,1073.8462652153023,1758.3628234562216,125.01790821257997,baseline,baseline,T2-L07,1,model,False
AD001539,240.3882175326503,1987.9957125045055,26.98003025537543,own_visit,"visit,grid",T1-L07,1,model,True
AD001540,-2369.3655529739185,1818.2824056102197,30.50585158310642,own_visit,visit,T3-L07,1,model,True
AD001541,-2015.5052677120154,2530.524676773258,275.0011991519106,landmark_poi,"poi,baseline",T1-L10,1,model,False
AD001542,-817.5971996705847,-3379.098430854185,122.5984206855319,baseline,baseline,T3-L11,1,model,False
AD001543,2619.6081409754784,-1277.2169129965905,156.95882154988752,blend,"grid,poi,lm",T2-L10,1,model,False
AD001544,-461.6889866858603,3060.402683293188,823.6517853999947,baseline,"baseline,loccent,locgrp",T3-L02,1,model,False
AD001545,3528.7928638323338,-2248.2924457215136,219.63094029542467,landmark_poi,"poi,lm",T3-L10,1,model,False
AD001546,-1287.1917475695245,-3541.862673915205,23.685574308839804,own_visit,visit,T1-L02,1,model,True
AD001548,1785.587129799494,-1261.6140046247142,424.4239086217765,street_grid,"grid,baseline,loccent",T1-L06,1,model,False
AD001549,2301.3097032694336,-1312.5048165999033,26.985713157978942,own_visit,visit,T2-L10,1,model,True
AD001551,1560.930235821299,-2474.4607636266323,161.43742723732484,street_grid,"grid,visit",T2-L11,1,model,True
AD001552,2693.283918003524,654.8385077644695,65.49939738420672,street_grid,grid,T1-L08,1,model,False
AD001553,1022.486489026466,2847.1738557551757,193.9988892503573,street_grid,"grid,lm",T2-L08,1,model,False
AD001554,2631.716060710641,-2176.8819782543114,25.54378832871154,own_visit,"visit,grid",T1-L11,1,model,True
AD001555,-2584.1541165454996,1798.7165770452073,49.0496926389833,own_visit,visit,T3-L07,1,model,True
AD001556,1047.0294654228844,2598.1950906890333,74.21562087476488,own_visit,"visit,poi",T2-L08,1,model,True
AD001557,1478.9880504451658,-1776.0635606092458,185.02717967433108,street_grid,grid,T2-L11,1,model,False
AD001558,2551.184331818784,985.784507562579,1232.997874810559,locality_centroid,"loccent,baseline,locgrp",T2-L06,4,model,False
AD001559,2555.853260845411,-1616.0290811233515,268.140777334739,street_grid,grid,T2-L10,1,model,False
AD001560,-3965.598271416688,-1097.4320541725122,222.4061524016165,landmark_poi,"poi,lm",T3-L01,1,model,False
AD001561,1160.9978328710395,-37.27233486639148,63.29795179668783,street_grid,grid,T1-L03,1,model,False
AD001563,-708.5471952519191,-739.3600064090019,22.855336166943804,own_visit,visit,T3-L03,1,model,True
AD001564,-228.31209252354319,-3295.941244500126,36.431055848741735,own_visit,visit,T3-L11,1,model,True
AD001565,-410.25227962207043,3220.3787252818142,820.433225915077,baseline,"baseline,loccent,locgrp",T3-L02,1,model,False
AD001566,1596.0540985045673,-1926.0318278894079,198.90943296377634,street_grid,"grid,lm",T2-L11,1,model,False
AD001567,2891.0248306468534,-2136.9632553889123,47.89543227786642,street_grid,"grid,visit",T1-L11,1,model,True
AD001568,2984.298574023282,-1929.038194498085,55.09606721470309,street_grid,grid,T1-L11,1,model,False
AD001569,1725.0732074801554,-2426.104239851403,1641.531869345032,locality_centroid,"loccent,baseline,locgrp",T3-L08,3,model,False
AD001570,2740.4675159538897,1179.2174494964945,32.20230426190353,own_visit,"visit,grid",T1-L08,1,model,True
AD001571,2223.4060664381227,1131.005000047136,50.57928899866391,street_grid,"grid,baseline",T1-L08,1,model,False
AD001572,-539.575780368303,-1701.2107490429275,127.02138471647986,baseline,baseline,T3-L04,1,model,False
AD001573,1140.672761912297,-587.687975222026,94.93379181840753,street_key,"br,grid,poi",T3-L08,1,model,False
AD001574,3896.254348985809,47.664459624219525,80.69830914270871,own_visit,"visit,baseline,grid",T3-L05,1,oof_cv,True
AD001575,774.5269612908179,-2652.416637599006,23.253698122412374,own_visit,visit,T2-L01,1,model,True
AD001576,932.4059081722321,-3262.6310945728915,64.15784946241837,street_grid,"grid,baseline",T1-L04,1,model,False
AD001577,936.2419336464455,399.605614786863,42.39491186237869,own_visit,visit,T2-L02,1,model,True
AD001578,-2253.4039355254467,1702.397240588953,43.92137393802119,own_visit,visit,T3-L07,1,model,True
AD001579,2506.5878171263444,-2334.9988183406745,29.35476053364186,own_visit,"visit,grid",T1-L11,1,model,True
AD001581,2723.0837207010254,-1812.0114735776215,51.691531589871374,street_grid,"grid,visit,baseline",T1-L11,1,model,True
AD001582,838.0863022082526,-1177.3197582925088,79.10593859939172,street_grid,"grid,br",T3-L08,1,model,False
AD001583,-682.6466109551832,-593.5252723421314,160.20222394401713,street_key,"br,poi,lm",T3-L03,1,model,False
AD001584,1334.3394161108447,-2007.2176182109324,108.04309480384936,own_visit,"visit,grid",T2-L11,1,model,True
AD001585,1057.7784003975169,-427.8599815670583,234.90935112707606,landmark_poi,"poi,lm",T3-L08,1,model,False
AD001586,1515.7119501979673,-1880.976292602277,101.79214525856807,own_visit,"visit,grid,poi,lm",T2-L11,1,oof_cv,True
AD001587,-808.7764181669025,2990.1475927124,22.543554413262708,own_visit,visit,T3-L02,1,model,True
AD001588,-106.31023945596723,-319.484181482513,2356.3773699557296,locality_centroid,"loccent,baseline,locgrp",T1-L01,12,model,False
AD001589,696.7039239548582,3113.1122479283495,32.79908667564529,own_visit,visit,T2-L08,1,model,True
AD001590,-481.72896274003807,-3339.196913083554,226.4258390486394,landmark_poi,"poi,lm",T3-L11,1,model,False
AD001591,-1699.1853356335953,-2944.993967864561,33.84880775771974,own_visit,visit,T2-L05,1,model,True
AD001592,1546.9390907507177,-2458.9987044780855,25.41313495563732,own_visit,visit,T2-L11,1,model,True
AD001593,-873.5663454162063,-2219.8366623013944,16.74577963452428,baseline,baseline,T3-L04,1,model,False
AD001594,920.0278782979987,2706.9932502091947,157.64817045582353,street_grid,"grid,lm,poi",T2-L08,1,model,False
AD001596,741.6232457109146,-3229.9990961192284,21.808862362675992,own_visit,"visit,grid",T1-L04,1,model,True
AD001597,533.5621910080499,-2995.2583685627847,220.29884220376346,blend,"grid,poi,lm",T2-L01,1,model,False
AD001598,1964.3730678059078,-2070.989084467254,1634.3733022718402,locality_centroid,"loccent,baseline,locgrp",T3-L08,3,model,False
AD001600,1410.334075524743,-1984.2807413565345,252.90257516549235,landmark_poi,"poi,lm",T2-L11,1,model,False
AD001601,-328.79406698852915,1434.6484279635108,166.87685076633704,street_grid,"grid,poi",T2-L12,1,model,False
AD001602,1654.402515416495,-1799.693413426192,1482.1540070225255,locality_centroid,"loccent,baseline,locgrp",T1-L03,4,model,False
AD001603,1207.4934445803963,189.5442432363675,76.62033751923792,street_grid,"grid,cm",T1-L03,1,model,False
AD001604,-1696.7955526953485,2084.6269433018283,240.43250621668048,street_key,"cm,poi",T1-L10,1,model,False
AD001605,3649.9703764014225,553.3382615576745,26.165798048634333,own_visit,visit,T3-L05,1,model,True
AD001606,-2491.2275472363112,-428.4723686426787,109.33334870374061,baseline,"baseline,grid,poi",T3-L06,1,model,False
AD001607,3223.8713243427014,-1957.0217383040554,816.3625827103795,baseline,"baseline,loccent,locgrp",T3-L10,1,model,False
AD001608,2.4944346500504393,1570.2834333367725,488.09626776707313,landmark_poi,"poi,baseline",T2-L03,1,model,False
AD001609,2356.077363721299,1861.1619578755547,284.53643145024853,landmark_poi,"poi,grid,baseline",T2-L04,1,model,False
AD001610,-1348.151061025291,-3419.414583167512,349.00894375964094,landmark_poi,"poi,baseline,loccent",T1-L02,1,model,False
AD001611,376.0384967109477,-2749.6394750560894,189.64064243061523,baseline,"baseline,grid",T2-L01,1,model,False
AD001612,1280.4521747396182,-451.4971974133839,1214.835196015267,locality_centroid,"loccent,baseline,locgrp",T2-L02,4,model,False
AD001613,1095.4987140636938,108.84747051102178,202.20410045340202,street_grid,grid,T2-L02,1,model,False
AD001614,2774.397454013301,-1184.762212593537,194.45633154854417,street_grid,"grid,lm",T2-L10,1,model,False
AD001615,-1867.738497917741,2319.3627703474513,281.3772111372822,landmark_poi,"poi,baseline",T1-L10,1,model,False
AD001616,2527.853349467347,1370.4848605667353,58.09483758074967,street_grid,"grid,visit,baseline",T1-L08,1,model,True
AD001617,101.12691892769861,1943.7517581345105,22.44311667549644,own_visit,visit,T1-L07,1,model,True
AD001618,1152.2805791383885,-392.54453840328523,28.227222899275798,own_visit,visit,T3-L08,1,model,True
AD001619,2639.6255711720123,-1093.7703212778847,62.66213845182832,own_visit,visit,T2-L10,1,model,True
AD001620,-25.81666720551596,-3371.3494189616254,38.79360241820091,own_visit,visit,T3-L11,1,model,True
AD001621,-61.27051447265643,3222.482841428361,22.29651042448294,own_visit,visit,T3-L02,1,model,True
AD001622,1121.9440419493712,-1089.432483445868,33.12133122572869,own_visit,visit,T3-L08,1,model,True
AD001623,3077.9296454100986,-2531.093961687615,55.757454754633976,street_grid,"grid,cm",T1-L11,1,model,False
AD001624,-2933.8094753035593,885.2601660884025,67.11672071889618,street_grid,grid,T1-L01,1,model,False
AD001625,-2757.8253206213435,1234.3630851526166,23.81357963828231,own_visit,visit,T1-L01,1,model,True
AD001626,-788.1884789236098,-3210.9312972179323,25.360231156548075,own_visit,visit,T1-L02,1,model,True
AD001627,1321.9551191834087,-2072.1589567889123,30.373739087170243,own_visit,visit,T2-L10,4,model,True
AD001628,670.4637246870849,2948.928587488774,28.60866754157834,own_visit,visit,T2-L08,1,model,True
AD001629,565.7810051959009,-3014.049771078737,55.97176754184014,street_grid,"grid,visit",T1-L04,1,model,True
AD001630,593.0824496331626,2861.262081793234,72.37756639419702,street_grid,"grid,baseline,visit",T1-L07,1,model,True
AD001631,2709.6158506438437,503.83847536186744,22.115024312937297,baseline,"baseline,visit",T2-L04,4,model,True
AD001633,1736.8156293299398,-568.938236851005,348.73747174683734,landmark_group,"lm,grid,poi,baseline,loccent",T1-L06,1,model,False
AD001634,564.7898087833155,-2872.637641915297,59.09221609684307,street_grid,grid,T1-L04,1,model,False
AD001635,-2395.275526736645,1585.3074991386559,178.13691119066226,street_grid,grid,T3-L07,1,model,False
AD001637,718.7921670333595,-2682.4689167156776,235.1971247757108,landmark_poi,"poi,lm",T2-L01,1,model,False
AD001638,888.5410219510613,-2903.1133874505326,197.17402510200458,own_visit,visit,T1-L04,1,model,True
AD001639,762.1164235820862,2443.1310171533346,60.45533863285652,street_grid,grid,T1-L07,1,model,False
AD001640,1156.5065481079728,-3706.9022387546015,839.081182141568,baseline,"baseline,loccent,locgrp",T3-L12,1,model,False
AD001641,3401.2899202354065,454.2704222767941,220.10944839815278,landmark_poi,"poi,lm",T3-L05,1,model,False
AD001642,1599.901923735225,-1608.4799944180347,1457.4706961749496,locality_centroid,"loccent,baseline,locgrp",T1-L03,4,model,False
AD001643,1521.4228372657094,-2232.593585832465,174.370359864665,street_grid,grid,T2-L11,1,model,False
AD001644,729.9039677713408,2807.008747024818,452.50263986800184,landmark_group,"lm,baseline,loccent",T2-L08,1,model,False
AD001645,2436.203943177901,-2007.6260282053095,88.75937051809541,street_grid,"grid,baseline",T1-L11,1,model,False
AD001646,1236.559371583014,223.82045326440502,17.04380843018725,baseline,baseline,T1-L03,1,model,False
AD001647,-1633.1128225114371,-2906.048820179646,55.64719315784838,own_visit,visit,T2-L05,1,model,True
AD001649,2305.8347708931283,-2427.585049629268,42.285781616011384,street_grid,"grid,visit",T1-L11,1,model,True
AD001651,-835.9748148184324,-2892.2515768163453,114.23512879417234,own_visit,"visit,grid",T1-L02,1,model,True
AD001652,1221.9192021486826,-2478.30380475798,33.10465765088047,own_visit,visit,T2-L11,1,model,True
AD001653,950.1998424191444,226.58812695839546,21.632453046856373,own_visit,"visit,grid",T1-L03,1,model,True
AD001654,1055.465992775853,2418.977349031436,64.23158274833729,own_visit,visit,T2-L08,1,model,True
AD001655,-2344.2223638796618,-2298.068297480311,204.02086884125944,landmark_poi,"poi,grid",T1-L09,1,model,False
AD001656,1241.1545143862195,-64.6517543121435,23.444357788550718,own_visit,visit,T2-L02,1,model,True
AD001657,1865.5276043751655,1635.8502967707518,1373.2267887592445,locality_centroid,"loccent,baseline,locgrp",T2-L04,4,model,False
AD001658,-83.26424767470832,3494.425193550692,307.50117415311837,landmark_poi,"poi,baseline",T3-L02,1,model,False
AD001659,-2677.095354788551,1904.0321232660501,115.98505539543598,street_key,"br,grid,poi,lm",T3-L07,1,model,False
AD001660,560.6915562949266,2676.906086445593,30.561843845118478,own_visit,visit,T2-L08,1,model,True
AD001662,-481.83247864363653,3196.5272419437965,87.95135955841062,own_visit,"visit,grid",T2-L03,1,model,True
AD001663,-699.3693774071663,-764.4111668490013,156.61474854872674,street_grid,"grid,lm,poi",T2-L09,1,model,False
AD001664,1420.8597970778278,-1686.6851616256372,28.698746184426913,own_visit,visit,T2-L11,1,model,True
AD001665,-443.3615782619964,3390.1956636334507,249.4374310220808,landmark_poi,"poi,lm",T3-L02,1,model,False
AD001666,3068.397583400407,-2312.383120557027,199.416849150594,landmark_group,"lm,poi",T3-L10,1,model,False
AD001667,276.41997869999557,1903.4098016952953,279.6302208574658,landmark_poi,"poi,baseline",T3-L09,1,model,False
AD001669,2809.505336943175,-2120.903612962075,814.6383000010935,baseline,"baseline,loccent,locgrp",T1-L11,1,model,False
AD001671,2788.1835556025994,800.1332538473349,59.152855587643536,street_grid,grid,T1-L08,1,model,False
AD001673,1088.161941829559,-1737.0933606614333,39.28790642714334,own_visit,visit,T2-L11,1,model,True
AD001674,3146.8287234012337,-2387.7500346917227,78.23438487437701,blend,"grid,baseline,br",T3-L10,1,model,False
AD001676,1083.014383219623,-3402.13121217533,152.48347691750263,own_visit,visit,T1-L04,4,model,True
AD001677,-928.4877791673684,-2924.1296104279086,29.0031798347305,own_visit,visit,T1-L02,1,model,True
AD001678,1031.0970116545304,-241.91249309334626,212.17870700457405,street_grid,grid,T2-L02,1,model,False
AD001679,-1647.2485014799445,-2890.8867527146012,107.53424295814649,baseline,"baseline,grid,poi,lm",T2-L05,1,model,False
AD001680,1449.191602804083,-2439.396048677456,22.809650427474477,own_visit,visit,T2-L11,1,model,True
AD001681,-1496.3138843644401,2355.232421112057,1427.2672885270256,locality_centroid,"loccent,baseline,locgrp",T3-L02,2,model,False
AD001682,-635.2814874662417,-318.0737711065191,126.65873548614006,own_visit,visit,T2-L09,1,model,True
AD001683,2696.90233579492,-1379.357263015585,36.13254866076726,own_visit,visit,T2-L10,1,model,True
AD001684,1022.5854542011223,3004.707712416979,201.65158963699244,street_grid,grid,T2-L08,1,model,False
AD001685,433.329872047516,1495.0675832406807,241.458766573282,landmark_poi,"poi,lm",T3-L09,1,model,False
AD001686,518.7494426540612,1638.5525123978919,835.553674425169,baseline,"baseline,loccent,locgrp",T3-L09,1,model,False
AD001687,-2739.835038818343,1285.1794572305323,22.25620512478457,own_visit,visit,T3-L07,1,model,True
AD001689,-323.60995471683026,-726.8725304477555,43.07814647442359,own_visit,"visit,baseline",T2-L09,1,model,True
AD001690,569.6623817084519,-3082.762923518259,836.1046463894294,baseline,"baseline,loccent,locgrp",T2-L01,1,model,False
AD001691,674.2778139281731,-3754.0636985136243,249.0576841382094,landmark_poi,"poi,lm",T3-L12,1,model,False
AD001692,-2891.6693256778417,1447.4938903453974,76.36737739877526,blend,"visit,baseline,br",T3-L07,1,model,True
AD001693,-608.7015525682535,3416.4952422300144,23.011539843138188,own_visit,visit,T2-L03,1,model,True
AD001694,1745.1020604812047,-2201.5276989215663,26.995468646578043,own_visit,visit,T2-L11,1,model,True
AD001695,2403.3222709668753,-2072.088565514933,23.446534342444043,own_visit,visit,T1-L11,1,oof_cv,True
AD001696,-2082.351009581379,1794.7162384051992,127.64859129861618,baseline,"baseline,br,grid",T3-L07,1,model,False
AD001697,843.6180407923483,3219.192424595908,73.89494256122322,own_visit,"visit,baseline,grid",T2-L08,1,model,True
AD001698,1362.587698824495,-446.75223121559935,99.5966863310765,street_grid,grid,T1-L03,1,model,False
AD001699,-1489.0888170938063,720.3378962725701,101.45067214836669,baseline,"baseline,grid",T1-L05,1,model,False
AD001700,2963.088790814338,396.3353269241823,90.27361019710307,own_visit,"visit,grid,poi,lm",T2-L06,1,model,True
AD001701,423.86896807396755,1494.3700139677228,241.77953510048107,landmark_poi,"poi,lm",T3-L09,1,model,False
AD001702,2460.8988436264012,-2260.6353078720226,21.400623651170932,own_visit,"visit,grid",T1-L11,1,model,True
AD001703,-1619.175797852431,-2842.189722453179,118.0492397948218,baseline,"baseline,grid,lm",T2-L05,1,model,False
AD001704,-420.14178327180025,-537.5110068482535,820.971301917992,baseline,"baseline,loccent,locgrp",T2-L09,1,model,False
AD001705,-947.8077563869709,-1907.4163338456926,274.0790141155087,landmark_poi,"poi,baseline",T3-L04,1,model,False
AD001706,3396.6368937420566,-2271.4960651032698,24.131548882762655,own_visit,visit,T3-L10,1,model,True
AD001707,-529.1442229341297,2563.43597332311,23.09351341908592,baseline,baseline,T2-L03,1,model,False
AD001709,-823.7860097681715,-2994.0138831215727,237.15254624510797,landmark_poi,"poi,lm",T1-L02,1,model,False
AD001710,-197.6219276953809,1040.8469478719824,160.60906520586553,street_grid,"grid,poi,lm",T2-L12,1,model,False
AD001711,403.96849221861976,-3403.601104529777,62.90455113880866,street_grid,grid,T1-L04,1,oof_cv,False
AD001712,3010.3927789841664,749.2810180758437,51.14507488296677,own_visit,"visit,grid",T2-L06,1,model,True
AD001713,1726.721240466731,-2057.5976131051366,17.674331161076505,baseline,baseline,T2-L11,1,model,True
AD001714,2401.9217437935667,2154.695455846007,24.161624571983428,own_visit,visit,T2-L04,1,model,True
AD001715,-312.6074806331801,-3396.736512768064,114.07536955189467,own_visit,visit,T3-L04,5,model,True
AD001716,1515.4031828224652,-1973.3340192517878,182.29548364565997,street_grid,grid,T2-L11,1,model,False
AD001717,2336.698371325106,2140.4675533149357,354.22551158439035,landmark_poi,"poi,grid,baseline",T2-L04,1,model,False
AD001718,-441.7481658454378,3382.3410153190207,256.1707779276664,landmark_poi,"poi,lm",T3-L02,1,model,False
AD001719,-264.78285040148853,2888.1663153353456,127.08949035380897,street_key,"br,grid",T3-L02,1,model,False
AD001720,797.3966376673603,338.5230619180035,29.954106961624124,own_visit,visit,T2-L02,1,model,True
AD001721,526.1991643598018,-3325.368792321927,69.73594080076295,street_grid,"grid,cm",T1-L04,1,model,False
AD001722,-2267.651535660771,1304.2726442850742,78.2204227432305,own_visit,"visit,grid,br",T3-L07,2,model,True
AD001723,855.7311773791446,-1229.112805888265,82.8573955112311,street_grid,"grid,baseline,poi",T3-L08,1,model,False
AD001724,1931.6426988651776,-1052.8938369659988,827.5692652926965,baseline,"baseline,loccent,locgrp",T1-L06,1,model,False
AD001725,2971.1269229753475,-2162.337562769392,28.433720558196526,own_visit,"visit,grid",T1-L11,4,model,True
AD001726,2917.7639811917993,878.2632762481303,42.26703201685948,own_visit,"visit,baseline",T2-L06,1,model,True
AD001727,1259.769545189717,1749.1048274979678,1455.9697818613363,locality_centroid,"loccent,baseline,locgrp",T1-L07,2,model,False
AD001729,-1374.1668059240917,-1789.7715059386985,118.56419814147284,baseline,baseline,T3-L04,1,model,False
AD001730,-2538.66584225001,1022.7426081373168,70.49903863537635,street_grid,grid,T1-L01,1,model,False
AD001731,1274.3434927802873,-1917.7805294136117,48.08923238337377,own_visit,"visit,baseline",T2-L11,1,model,True
AD001732,-1998.7041442851157,-2743.198545553415,27.298010671706905,own_visit,visit,T1-L09,1,model,True
AD001733,-1611.4567763946288,-2705.977911928644,184.18290242998873,street_grid,"grid,poi",T2-L05,1,model,False
AD001734,-2898.9999808160305,1421.381337061815,29.29274240283047,own_visit,visit,T3-L07,1,oof_cv,True
AD001735,-2773.6596024117093,1202.9376382884523,344.90566091071196,landmark_group,"lm,baseline,loccent",T1-L01,1,model,False
AD001736,-259.39524648204906,-1136.9900450697623,66.09401126330067,street_grid,grid,T1-L12,1,model,False
AD001738,-844.2051573353352,-1434.324815437538,55.452689274274576,street_grid,"grid,visit",T1-L12,1,model,True
AD001739,21.58199606218332,-358.95286992427697,2349.501126385818,locality_centroid,"loccent,baseline,locgrp",T1-L01,12,model,False
AD001740,750.2784934166889,2517.1899246897774,54.510400704340384,street_grid,grid,T1-L07,1,model,False
AD001741,1575.004352655244,-1865.4114411380256,23.434332672413063,own_visit,visit,T2-L11,1,model,True
AD001742,-1434.29192038931,-3083.2746002090225,24.822384843585443,own_visit,visit,T1-L02,1,model,True
AD001743,1254.268192109733,2809.541659490743,30.95631797640073,own_visit,visit,T2-L08,1,oof_cv,True
AD001744,-2388.6621101873334,1642.2061835747054,165.94740646722653,street_grid,"grid,lm",T3-L07,1,model,False
AD001745,-516.1058624809933,-3502.208274709502,128.12959168577402,baseline,"baseline,grid,br",T3-L11,1,model,False
AD001746,3026.7774653808374,-2190.4568812963576,32.462980255432655,own_visit,visit,T1-L11,1,model,True
AD001747,-917.420169075676,-1650.0746904908415,14.00180956708536,baseline,baseline,T3-L04,1,model,False
AD001748,3899.22585899097,135.77390550303897,29.086043606017174,own_visit,visit,T3-L05,1,model,True
AD001749,2388.009027284286,923.4465440636604,1776.7485711529594,locality_centroid,"loccent,baseline,locgrp",T3-L05,2,model,False
AD001750,808.2549798431832,1331.4036591189804,437.06253434530873,landmark_group,"lm,poi,baseline,loccent",T2-L07,1,model,False
AD001751,-273.6115143562965,-951.7037354908952,238.76818036945275,baseline,baseline,T3-L03,1,model,False
AD001752,1461.443812665701,-2276.9508217414914,56.99592604301267,own_visit,"visit,grid",T2-L11,1,model,True
AD001753,922.3582626431065,-2900.8932837507655,42.412710489070136,own_visit,"visit,grid,baseline",T1-L04,1,model,True
AD001754,-2365.8798163968777,-90.55438622038659,46.65706280396744,street_grid,"grid,br,baseline",T3-L06,1,model,True
AD001755,596.5803806068036,-860.4387820677539,42.53325334730503,own_visit,visit,T3-L12,3,model,True
AD001756,-1433.2767672516184,-2115.7894533176054,25.488928940549265,own_visit,visit,T3-L04,1,model,True
AD001757,-2544.7759176265085,-2407.243110778877,327.9511474162803,street_grid,"grid,baseline,loccent",T1-L09,1,model,False
AD001758,-362.3999574099714,-1648.3590058084942,16.655712569500437,baseline,baseline,T1-L12,1,model,False
AD001759,-3147.0235070916124,1353.3314816234767,73.45695999739232,street_grid,grid,T1-L01,1,model,False
AD001760,3172.258888766856,-2421.1256191870475,28.34516286998077,own_visit,visit,T1-L11,1,model,True
AD001761,-1751.63959592827,-2627.4171369981827,68.53384584305422,own_visit,"visit,grid",T2-L05,1,model,True
AD001763,-2363.483799614635,-515.18543575717,173.19502170534994,blend,"grid,poi,lm",T3-L06,1,model,False
AD001764,-2736.6492564417313,1508.6857560884764,76.36460038023846,street_grid,"grid,cm",T1-L01,1,model,False
AD001765,2259.6953739487362,-1092.7436784630145,30.549592640171728,own_visit,visit,T2-L10,1,model,True
AD001766,2327.574215683611,-770.7750591140447,36.55403234213265,own_visit,visit,T3-L10,1,model,True
AD001767,903.7099304377577,2428.679791433645,142.94934076024617,own_visit,"visit,grid,lm,poi",T2-L08,1,model,True
AD001768,785.1663670267325,2297.2005265114717,29.97118403330332,own_visit,visit,T2-L08,1,model,True
AD001769,1126.3006285992033,134.68420909632795,199.9074266222041,street_grid,"grid,lm",T2-L02,1,model,False
AD001770,2499.9738060721293,-2356.3351094549716,53.35762839996273,own_visit,visit,T1-L11,1,model,True
AD001771,1025.6774798198962,269.9292889223273,174.4372598756694,street_grid,"grid,poi,lm",T2-L02,1,model,False
AD001772,2925.3403821153556,-2518.9249367537177,252.83406495845466,landmark_group,lm,T1-L11,1,model,False
AD001773,1854.5106307826386,-1229.4780504445157,116.62210812435768,baseline,"baseline,poi",T1-L06,1,model,False
AD001774,-2311.9322197104375,1207.3409988421336,122.48341920897838,baseline,"baseline,poi,lm",T3-L07,1,model,False
AD001775,2903.9712564060264,-2378.7377030363677,33.61011110454669,own_visit,"visit,grid",T1-L11,1,model,True
AD001776,-2569.6737909636654,-91.2007283670564,133.53007456193725,own_visit,visit,T3-L01,1,model,True
AD001777,-1726.4815853220314,-2425.3972346451787,243.28648256346636,street_grid,grid,T2-L05,1,model,False
AD001778,-247.78946472924665,-3738.2838000922784,187.35353058493092,street_grid,grid,T3-L11,1,model,False
AD001779,3069.080728501296,-1817.5582145461815,21.20741692049079,own_visit,visit,T3-L10,1,model,True
AD001780,-3591.4796706443026,-914.0059151064426,400.41981558809545,landmark_group,"lm,baseline,loccent",T3-L01,1,model,False
AD001781,-217.37405242082264,-3849.6789217587857,95.22862016268384,street_grid,"grid,br,poi",T3-L11,1,model,False
AD001782,1008.4420576837823,-2605.185691408837,82.21390505305615,street_grid,"grid,baseline",T1-L04,1,model,False
AD001783,-216.37377629875243,-1622.565563405705,65.51863761770346,street_grid,"grid,baseline",T1-L12,1,model,False
AD001784,2422.020512358687,1956.9264844086515,295.43406237137157,landmark_poi,"poi,baseline,loccent",T2-L04,1,oof_cv,False
AD001785,1145.474103408909,-484.18247304056285,91.07616085454244,baseline,"baseline,grid,poi",T3-L08,1,model,False
AD001786,-3169.0244483996325,-427.2683507983711,768.3235096990309,landmark_group,"lm,baseline,loccent",T3-L01,1,oof_cv,False
AD001787,-795.8438255243841,2892.0814366711147,247.81112941169908,landmark_poi,"poi,lm",T3-L02,1,model,False
AD001788,-1310.9268697968234,646.177671065777,103.48751198424213,own_visit,"visit,grid,poi",T1-L05,1,model,True
AD001789,-784.4704385664409,-3189.235768506341,26.37942443158405,own_visit,visit,T1-L02,1,model,True
AD001790,-3114.7851229918665,1534.790131550192,30.611067419540746,own_visit,visit,T1-L01,1,model,True
AD001791,-2764.4908076698766,1092.4615955367433,76.71788330727247,street_grid,"grid,poi",T1-L01,1,oof_cv,False
AD001792,-2802.4905304363965,-489.0541688236865,82.07744079810331,blend,"baseline,visit,br,grid",T3-L06,1,model,True
AD001794,929.4381242748264,-2909.8085425279196,27.023639469422758,own_visit,visit,T2-L01,1,model,True
AD001795,1802.8952517490989,1798.2862829799094,1393.2514086888275,locality_centroid,"loccent,baseline,locgrp",T2-L04,4,model,False
AD001797,2401.0055069201603,-2221.077739475229,63.1601284839701,street_grid,grid,T1-L11,1,model,False
AD001798,-3974.827374513295,-1071.371218435035,21.66154381004746,own_visit,visit,T3-L01,1,model,True
AD001799,3190.9556383170343,-2183.5985154276664,24.227183333821944,own_visit,visit,T1-L11,1,oof_cv,True
AD001800,2533.0724033813694,-2201.7891335569193,39.11648720861082,street_grid,"grid,visit",T1-L11,1,model,True
AD001801,3563.6137004884736,-17.52586651425665,63.79165107311364,street_grid,"grid,br",T3-L05,1,model,False
AD001802,3256.635581083415,-1716.7947913169937,24.0530927911185,own_visit,visit,T3-L10,1,oof_cv,True
AD001803,-2654.692459552794,1058.802875891685,64.0829329737199,street_grid,grid,T1-L01,1,model,False
AD001804,753.6205426370669,2052.187733087619,60.164859197885434,street_grid,grid,T1-L07,1,model,False
AD001805,2662.5362984381354,-1016.0627503913533,253.29504306093213,street_grid,grid,T2-L10,1,model,False
AD001806,901.4904823365421,296.0946159011061,241.01653307524347,landmark_poi,"poi,lm",T2-L02,1,model,False
AD001807,1020.7323054898094,3116.919628943469,45.73421283642292,own_visit,visit,T2-L04,4,model,True
AD001808,978.5807766986565,-3193.235750647264,68.58484699454895,own_visit,visit,T1-L04,1,model,True
AD001809,1312.8156061821776,320.4107474974553,16.228827256957658,baseline,baseline,T2-L02,1,model,False
AD001810,1144.787002907143,2662.448581114803,211.49203861254657,landmark_poi,"poi,lm",T2-L08,1,model,False
AD001811,897.6211859687746,3086.0672977523936,53.24866770875594,own_visit,"visit,grid",T2-L08,1,oof_cv,True
AD001812,3841.4406194945923,537.9220504372705,118.68607287234805,own_visit,"visit,poi,lm",T3-L05,1,model,True
AD001813,3181.8554808048675,-1932.9916242806623,815.6907789135796,baseline,"baseline,loccent,locgrp",T3-L10,1,model,False
AD001815,-2496.5888593053414,1032.9230117859506,67.78270865149499,own_visit,visit,T1-L01,1,model,True
AD001816,-1921.6142801160777,1627.5090285367094,789.2677824481557,landmark_poi,"poi,loccent,baseline",T1-L10,1,model,False
AD001817,-2852.1237758040793,1558.00178210752,544.5586637509716,landmark_poi,"poi,baseline,loccent",T1-L10,1,model,False
AD001818,44.19329353827658,-433.0383040206375,2343.5675231850905,locality_centroid,"loccent,baseline,locgrp",T1-L01,12,model,False
AD001820,-1762.0976852625715,2170.6041856589213,269.692550420269,landmark_poi,"poi,lm",T1-L10,1,model,False
AD001821,2482.157202291451,-2429.8964831770513,24.451900306481168,own_visit,"visit,grid",T1-L11,1,model,True
AD001822,-2671.182315188656,-621.3703847851763,62.816866648548476,own_visit,"visit,grid,baseline,br",T3-L06,1,model,True
AD001823,1913.606845977362,-1997.5565984583786,1631.4696296262748,locality_centroid,"loccent,baseline,locgrp",T3-L08,3,model,False
AD001824,-2449.137929306333,-456.1324576412405,206.32954270168545,landmark_poi,"poi,grid,lm",T3-L06,1,model,False
AD001825,2911.610070913757,724.708970755628,138.8439865941685,street_grid,"grid,lm,poi",T2-L06,1,model,False
AD001827,1155.148326217061,-3639.9792280592037,270.31037389697224,landmark_poi,"poi,baseline",T3-L12,1,model,False
AD001829,2176.321401085283,2218.904035396415,127.79850746272642,baseline,"baseline,poi",T2-L04,1,model,False
AD001830,1075.5348648831737,2922.212439909975,48.556584648007025,own_visit,"visit,baseline",T2-L08,1,model,True
AD001831,-1611.1960846241939,2424.663789191978,108.77022516032835,baseline,"baseline,poi",T1-L10,1,model,False
AD001832,4028.442591582735,138.8434571273524,55.550734264893684,own_visit,"visit,baseline,grid",T3-L05,1,oof_cv,True
AD001833,1533.5900148671687,-2406.4723022402177,23.964275039178673,own_visit,visit,T2-L11,1,model,True
AD001834,1047.3369945906459,-3182.871038881141,72.80026094046735,street_grid,grid,T1-L04,1,model,False
AD001835,754.0367713291696,2470.584861497734,212.70619453423518,street_grid,"grid,lm",T2-L08,1,model,False
AD001836,-2687.023620914047,1437.0395284142842,31.454006414301173,own_visit,"visit,grid",T1-L01,1,model,True
AD001837,-1552.1795326494039,2319.034005162193,21.71776315573971,own_visit,visit,T1-L10,1,model,True
AD001838,-503.64031476098893,-3689.6413500868252,157.88035832753113,street_key,br,T3-L11,1,model,False
AD001839,-622.6375011072209,-624.962097284398,189.85187363329285,street_grid,grid,T2-L09,1,model,False
AD001840,662.3163079143638,-841.9155581556307,77.39249207507663,street_grid,"grid,br",T3-L08,1,model,False
AD001841,3959.533417539764,665.9290719696836,96.76613784283599,street_grid,"grid,br",T3-L05,1,model,False
AD001842,-3655.4966606824896,-737.7723837707622,24.159185437928546,own_visit,visit,T3-L01,1,model,True
AD001844,-599.0086861606687,-186.37999560633122,96.2919565708874,blend,"visit,baseline,grid,poi",T2-L09,1,model,True
AD001845,3591.8958318880977,24.37305753595559,26.105996419243606,own_visit,"visit,grid",T3-L05,1,model,True
AD001846,-3686.4978169824035,-832.0752552618555,820.0786872277168,baseline,"baseline,loccent,locgrp",T3-L01,1,model,False
AD001847,-2410.2725349433904,1151.6045914005656,27.50155593941433,own_visit,visit,T3-L07,1,model,True
AD001848,-3135.782676758448,-638.7206784150457,361.2582819920964,landmark_poi,"poi,lm",T3-L01,1,model,False
AD001849,441.92400084911463,2768.9199671911083,28.07775141623292,own_visit,"visit,grid",T1-L07,1,model,True
AD001850,-1010.6798737537861,-3323.6364820208128,196.52726564799153,street_grid,"grid,lm",T1-L02,1,model,False
AD001851,960.3013487678955,-2830.6518981573195,35.0407777875444,own_visit,visit,T2-L01,4,model,True
AD001852,690.5958528962626,-3293.2951087938486,23.062051768509395,own_visit,visit,T2-L01,1,model,True
AD001853,-603.1816759631773,-510.91209886834406,824.5119960635791,baseline,"baseline,loccent,locgrp",T2-L09,1,model,False
AD001854,891.0190172223374,-790.073134290824,27.021280993990704,own_visit,visit,T3-L08,1,model,True
AD001855,2439.9520709759336,-1218.7042107427055,65.04581120476028,own_visit,"visit,grid",T2-L10,1,model,True
AD001856,-1107.5406761820745,-221.01202733069292,28.29105219104474,own_visit,visit,T3-L03,1,model,True
AD001857,1647.7036721721547,-2231.542592622484,22.55009454480933,own_visit,visit,T2-L11,1,model,True
AD001858,1580.0014745731894,-1566.9338719657076,1442.076701408139,locality_centroid,"loccent,baseline,locgrp",T2-L01,4,model,False
AD001859,-208.33310052742377,2818.9305443215108,153.6466693312401,street_grid,grid,T3-L02,1,model,False
AD001860,-2589.863953679945,-518.8118660531128,78.63587424705017,blend,"grid,br,baseline",T3-L06,1,model,False
AD001861,2850.1815804143844,-1839.2758213926838,121.96715666004712,baseline,baseline,T3-L10,1,model,False
AD001862,-3246.7242930045,1281.6124860052885,193.53671701405602,own_visit,visit,T1-L10,3,model,True
AD001863,-650.3747402934644,-772.0026768924657,1091.5555448932937,locality_centroid,"loccent,baseline,locgrp",T2-L09,2,model,False
AD001864,-187.2822467648547,-3903.9516181255876,15.716704902175671,baseline,baseline,T3-L11,1,model,True
AD001865,419.6759690009031,1323.397781201732,24.564003598683335,own_visit,visit,T3-L09,1,model,True
AD001866,550.1663866648387,-3468.112804509542,23.904178203590888,own_visit,visit,T2-L01,1,model,True
AD001867,2783.834590437343,1199.2585893613261,74.42070630896056,street_grid,"grid,baseline,visit",T1-L08,1,model,True
AD001868,-2323.9171407672306,-229.9505994213148,54.757420891396265,street_grid,"grid,br",T3-L06,1,model,True
AD001870,1379.629121197394,1674.9617119490708,1440.2794639018282,locality_centroid,"loccent,baseline,locgrp",T1-L07,2,model,False
AD001871,1461.1591646640013,-1795.325984521711,1492.4298275449346,locality_centroid,"loccent,baseline,locgrp",T1-L03,4,model,False
AD001872,-2584.7312625347035,-304.7269404922918,815.0781729773495,baseline,"baseline,loccent,locgrp",T3-L06,1,model,False
AD001873,-772.7241925312446,-2185.738845334102,14.307366013348215,baseline,baseline,T3-L04,1,model,True
AD001874,-581.9010415143226,-518.4012509595681,156.60151292212007,street_grid,"grid,poi",T2-L09,1,model,False
AD001875,2831.6880485588663,-1788.8912448892438,184.67112604630597,baseline,"baseline,grid",T2-L10,1,model,False
AD001876,-365.3148077754081,1499.6060533625177,181.86546016412345,street_grid,grid,T2-L12,1,model,False
AD001877,2669.087106775397,-954.5367394356888,258.32681874211244,street_grid,grid,T2-L10,1,model,False
AD001878,-2819.220340288153,954.4582993380342,216.88222798875074,landmark_poi,"poi,lm",T1-L01,1,model,False
AD001879,564.2549722951359,-2854.1014798562906,20.861485306539777,own_visit,"visit,grid",T1-L04,1,model,True
AD001880,3553.6055223057574,156.486596824771,104.35431278554316,blend,"grid,baseline,br,visit",T3-L05,1,model,True
AD001881,710.9514730854104,19.724471123666312,26.667623166766237,own_visit,visit,T1-L03,1,model,True
AD001882,697.7601540069614,-2997.174293302624,19.972144948368857,own_visit,"visit,grid",T1-L04,1,model,True
AD001883,2722.661690957671,-2515.0058897002214,84.61399327131492,street_grid,grid,T1-L11,1,model,False
AD001884,1010.6458936569929,-3627.758116832769,837.4307259175075,baseline,"baseline,loccent,locgrp",T3-L12,1,model,False
AD001885,-79.20741721640667,-453.64841617268075,2584.2566099417227,locality_centroid,"loccent,baseline,locgrp",T3-L01,12,model,False
AD001886,3539.687770429153,-2137.0692746169666,23.31166217722559,own_visit,visit,T3-L10,1,model,True
AD001888,-996.9260881548912,-1132.41092822054,381.16292094636196,landmark_group,"lm,poi,baseline,loccent",T1-L12,1,model,False
AD001889,-2034.2100973068975,-2406.7016197486987,191.96181824368009,street_key,"cm,grid",T1-L09,1,model,False
AD001890,1106.8779785313723,-485.74136533760077,53.30966597935682,own_visit,"visit,grid",T3-L08,1,model,True
AD001891,-2985.410346396389,-21.122823934820847,28.61465901743031,own_visit,visit,T3-L06,1,model,True
AD001892,-489.10757788031384,-303.87572063978934,247.22419860823896,landmark_poi,"poi,lm",T3-L03,1,model,False
AD001894,2927.396414297786,484.06436193377453,196.41049498686309,street_grid,"grid,lm",T2-L06,1,model,False
AD001895,673.7201342548448,-3752.084699671353,248.95099857526867,landmark_poi,"poi,lm",T3-L12,1,model,False
AD001896,-2356.9322704503084,-96.88397308608154,42.21789202994654,street_grid,"grid,br",T3-L06,1,model,False
AD001897,-236.61239871841104,-3682.616804805218,105.15554064510944,baseline,"baseline,grid,poi",T3-L11,1,model,False
AD001898,1786.3502643636666,1625.2389006867365,1373.2409322585465,locality_centroid,"loccent,baseline,locgrp",T2-L04,4,model,False
AD001899,3035.173234828103,-2604.097595737639,23.81656302520701,own_visit,visit,T1-L11,1,model,True
AD001900,702.3592467929302,-2704.259063746141,41.84618329396066,own_visit,visit,T1-L02,1,oof_cv,True
AD001901,-3659.5713100748776,-773.1698991405394,29.66335241013166,own_visit,visit,T3-L01,1,model,True
AD001902,-1125.551609858911,-672.1865284994064,95.62583416778727,street_grid,grid,T3-L03,1,model,False
AD001903,1474.815345059753,1769.0404037949322,1449.551002444087,locality_centroid,"loccent,baseline,locgrp",T1-L07,2,model,False
AD001904,-1293.9970073176942,-3395.848224368675,212.287701959901,street_grid,grid,T1-L02,1,model,False
AD001905,1014.5770378998294,-310.9217389586228,216.81287704091451,street_grid,grid,T2-L02,1,model,False
AD001906,-1737.4209172062758,-1414.4736818715407,1723.0348706908112,locality_centroid,"loccent,baseline,locgrp",T3-L01,5,model,False
AD001907,2829.195533859315,-1639.4726945676605,133.66256112963836,baseline,"baseline,grid,poi",T2-L10,1,model,False
AD001908,-2409.7447561588365,-57.48752429411754,48.263281000261195,street_grid,"grid,baseline,br",T3-L06,1,model,False
AD001909,-2015.7581712640963,1349.101160826645,1310.34567038651,locality_centroid,"loccent,baseline,locgrp",T1-L01,3,oof_cv,False
AD001910,-662.5808566837834,-1045.5134214404497,66.46508296672556,street_grid,grid,T1-L12,1,model,False
AD001911,1357.6667293586506,-536.9156064228988,1291.3584298498508,locality_centroid,"loccent,baseline,locgrp",T2-L02,4,model,False
AD001912,2988.6219287916033,638.8720263646054,816.5181662936795,baseline,"baseline,loccent,locgrp",T2-L06,1,model,False
AD001913,-1513.161046857798,-2758.385498575046,107.24436123577567,baseline,"baseline,grid,poi",T2-L05,1,model,False
AD001914,869.2585870420945,982.2353602853956,32.181584975278845,own_visit,visit,T2-L12,1,model,True
AD001916,-354.15732835184514,-119.93619203155347,218.12438575222748,landmark_poi,"poi,lm",T2-L09,1,model,False
AD001917,1154.8680050110404,-104.0515834412841,176.1510018792821,street_grid,"grid,lm,poi",T2-L02,1,model,False
AD001918,-393.9540048664505,3222.010208542572,190.70218094152344,street_grid,"grid,poi,lm",T2-L03,1,model,False
AD001919,-547.8223966318741,-3721.7094598270905,397.3950862748581,landmark_group,"lm,baseline,loccent",T3-L11,1,model,False
AD001920,3584.8247690795065,623.0580281275373,27.03202593994208,own_visit,visit,T3-L05,1,model,True
AD001921,1073.3855847957275,-443.80364094523577,82.243335851585,blend,"br,grid,poi,lmbr",T3-L08,1,model,False
AD001922,-812.7658867188844,-3728.2016685533245,34.12478857133931,own_visit,"visit,grid",T3-L11,1,model,True
AD001923,986.7685053389013,2946.213813693476,25.26814593175949,own_visit,visit,T2-L08,1,model,True
AD001924,1304.9434177782698,1216.4370597989982,359.64175487117967,landmark_poi,"poi,baseline,loccent",T2-L07,1,model,False
AD001925,-703.8756396359186,-3726.54375012624,81.00767831710678,street_grid,"grid,baseline,br",T3-L11,1,model,False
AD001926,651.6933894037719,1354.441010892423,405.31057804026926,landmark_group,"lm,baseline,loccent",T3-L09,1,model,False
AD001927,1063.2036027755898,2410.2651229080543,34.39240558466031,own_visit,visit,T2-L07,4,model,True
AD001928,834.858486484554,2722.880652774622,103.99745619990081,baseline,"baseline,grid,poi,lm",T2-L08,1,model,False
AD001929,3089.1937600086967,214.2659120749669,34.47463575045332,own_visit,visit,T2-L06,1,model,True
AD001930,2806.976098971576,-2572.585470944289,57.21820383040215,street_grid,"grid,baseline",T1-L11,1,model,False
AD001931,-697.4826716938558,-806.6081756472747,1115.8213955334622,locality_centroid,"loccent,baseline,locgrp",T2-L09,2,model,False
AD001932,-473.2842657951447,-3365.6204294255626,79.0780053723926,blend,"baseline,br,grid,poi",T3-L11,1,model,False
AD001933,3534.0046749798967,-2228.6413416786877,22.711655789139638,own_visit,visit,T3-L10,1,model,True
AD001934,-3011.0890497882137,-682.3976500952434,29.2355403252711,own_visit,visit,T3-L06,1,model,True
AD001935,-3153.223423095511,846.7698425108383,211.18193832439314,landmark_poi,"poi,lm",T1-L01,1,model,False
AD001937,746.2697121763717,3085.4232053254973,26.701059174542994,own_visit,visit,T2-L08,1,model,True
AD001938,-558.724244092374,-695.6745853926691,187.13442677326555,street_grid,"grid,lm",T2-L09,1,model,False
AD001939,-3891.964188901507,-987.590630605116,593.8756508968603,landmark_group,"lm,baseline,loccent,locgrp",T3-L01,1,model,False
AD001940,2900.7148107967982,661.1463656055639,70.20947756124214,street_grid,grid,T1-L08,1,model,False
AD001941,62.30287564486754,2217.098091324701,58.51086377088915,street_grid,grid,T1-L07,1,model,False
AD001942,-348.6762931512201,-350.5426713608314,214.38970563198808,landmark_poi,"poi,lm",T2-L09,1,model,False
AD001943,3129.2557834038216,-1989.7132721189005,101.9658702142521,street_grid,grid,T3-L10,1,model,False
AD001944,2488.574816816861,-713.0997011174398,29.434516107469562,own_visit,visit,T2-L10,1,model,True
AD001945,-3020.4372503481177,711.3367086480813,46.6273063442982,own_visit,"visit,grid",T1-L01,1,model,True
AD001946,-760.4411772329418,-778.6413448461464,210.29827005871113,landmark_poi,"poi,lm",T3-L03,1,model,False
AD001947,-456.0544475054109,-3786.4158141157836,21.47771677278686,own_visit,visit,T3-L11,1,model,True
AD001948,-657.4860200637977,-737.8306390217211,196.28792440244328,street_grid,grid,T2-L09,1,model,False
AD001949,2793.741649795884,-2644.5986510996104,59.12120577770354,street_grid,grid,T1-L11,1,model,False
AD001950,1214.5406956190095,-2019.779117481009,207.41801712159975,landmark_group,"lm,poi",T2-L11,1,model,False
AD001951,-107.7984478803415,1006.9014896582609,214.40227491882112,street_grid,grid,T2-L12,1,model,False
AD001952,957.0733937000113,2621.6326163364383,21.493645676708603,own_visit,visit,T2-L08,1,model,True
AD001953,-359.3862818516968,-83.61090543523379,136.15023077701468,baseline,"baseline,grid",T2-L09,1,model,False
AD001954,1134.946432982702,-1879.9305380071416,56.52264512787341,own_visit,visit,T2-L11,1,model,True
AD001955,3025.549850233644,577.1549777774406,163.91824049887992,street_grid,"grid,lm",T2-L06,1,model,False
AD001956,603.5150821469574,-3864.6123887406598,126.32473716695215,baseline,baseline,T3-L12,1,model,False
AD001957,1201.9976607020076,-542.3044080788324,341.3096597715376,landmark_group,"lm,baseline,loccent",T3-L08,1,model,False
AD001958,3656.052151536041,560.9728668103648,180.1031383899569,blend,"poi,lm,grid",T3-L05,1,model,False
AD001959,2069.4054034737696,-1352.9823135331678,125.89927771442146,baseline,"baseline,poi",T1-L06,1,model,False
AD001960,2593.5720891664105,-2071.4362449710816,21.212358194554007,own_visit,"visit,grid",T1-L11,1,model,True
AD001961,-2536.2005116326286,1569.1839685791697,94.40924853403277,street_grid,"grid,cm",T1-L01,1,model,False
AD001962,1434.3118473200313,-1985.1759789519149,85.23532936954165,own_visit,"visit,grid,poi,lm",T2-L11,1,model,True
AD001963,-325.1852509873293,-732.5375699800815,49.230684765406345,own_visit,visit,T2-L09,1,oof_cv,True
AD001964,3122.3398854394127,-1962.0073263437166,114.4736749894063,street_grid,"grid,poi,lm",T3-L10,1,model,False
AD001965,1195.943026978633,1445.156963564941,279.299986463748,landmark_poi,"poi,grid,baseline",T2-L07,1,model,False
AD001966,2478.709205238945,-1435.880954855612,221.16477733193315,street_grid,"grid,poi",T2-L10,1,model,False
AD001967,-1806.1253448823647,2411.008925840821,848.4396877168303,baseline,"baseline,loccent,locgrp",T1-L10,1,model,False
AD001968,2904.5130694055883,763.8217757920402,141.53073020289068,street_grid,"grid,lm,poi",T2-L06,1,model,False
AD001969,-1304.538111092268,-3092.603823352447,29.419190866092837,own_visit,visit,T2-L05,1,model,True
AD001970,-3149.559718800757,846.6538414965135,213.484924276966,landmark_group,"lm,poi",T1-L01,1,model,False
AD001971,2811.194876377953,-1267.9293135189669,36.144170099356856,own_visit,visit,T2-L10,1,oof_cv,True
AD001972,684.6969285600471,-2852.170193950359,39.63766118953634,own_visit,"visit,grid,baseline",T1-L04,1,model,True
AD001973,885.5989593831657,-408.31943293504304,56.989941658624886,own_visit,visit,T1-L06,4,model,True
AD001974,919.226117575117,1279.6927178325777,123.71158774735846,baseline,"baseline,poi,lm",T2-L07,1,model,False
AD001976,3368.765872164856,-1779.743016623788,22.72818054380173,own_visit,visit,T3-L10,1,model,True
AD001977,3713.189931693846,481.3429031477018,30.910899025384605,own_visit,visit,T3-L05,1,model,True
AD001978,3071.233014463843,-2539.337475826234,15.230374465182022,baseline,"baseline,grid",T1-L11,1,model,True
AD001980,758.7514315649722,-2621.6037735417713,185.47945256115042,blend,"grid,poi,lm",T2-L01,1,model,False
AD001982,-2532.5569976856327,-489.7837902166603,31.58168530213578,own_visit,"visit,grid",T3-L06,1,model,True
AD001983,3738.5238402689833,379.2190295155765,825.8876109790448,baseline,"baseline,loccent,locgrp",T3-L05,1,model,False
AD001984,-947.211273016925,-1912.6130748570247,272.5155776287322,landmark_poi,"poi,baseline",T3-L04,1,model,False
AD001985,-148.496069077384,-3396.8263985300623,97.14147625136509,street_grid,"grid,br,poi",T3-L11,1,model,False
AD001986,1607.9227763125073,-2079.093050153646,1605.2750013276914,locality_centroid,"loccent,baseline,locgrp",T3-L08,3,model,False
AD001987,1493.6574177762109,-1503.9756046027367,1441.0817393305188,locality_centroid,"loccent,baseline,locgrp",T2-L01,4,oof_cv,False
AD001988,-1998.9954304851497,1703.4775572445335,99.72666805289693,baseline,"baseline,br,grid",T3-L07,1,model,False
AD001989,2948.118016342275,-2267.499952362111,171.08611353959643,street_grid,grid,T3-L10,1,model,False
AD001990,-2903.729976797316,1513.9943453770477,22.298613095014087,own_visit,visit,T3-L07,1,model,True
AD001991,354.5353463541306,-3261.606451542425,22.949802903254266,own_visit,"visit,grid",T1-L04,1,model,True
AD001992,3102.4528573647813,-2171.3489243053446,206.9927135670799,landmark_group,"lm,poi",T1-L11,1,model,False
AD001993,1207.64217074972,-3328.437595755044,21.31858214739404,own_visit,"visit,grid",T1-L04,1,model,True
AD001994,3146.9990921933163,-2434.9330734797945,91.64833212629021,street_grid,"grid,baseline,br",T3-L10,1,model,False
AD001995,958.0730090714189,-755.6705937406654,91.50512230375337,street_grid,"grid,br,visit",T3-L08,1,model,True
AD001996,1431.4792144957348,-1606.1238746895456,232.31932264858088,own_visit,"visit,grid",T2-L02,4,model,True
AD001998,3054.63465969486,510.8301278613592,203.4658744350772,street_grid,"grid,lm",T2-L06,1,model,False
AD001999,-2052.3501406400337,1237.577830358328,1300.832483388552,locality_centroid,"loccent,baseline,locgrp",T1-L01,3,oof_cv,False
AD002000,-2852.9324111859396,-531.2904489307329,229.50034457607964,landmark_poi,"poi,lm",T3-L06,1,model,False
AD002001,-948.5763815071449,-1650.3512760733618,156.89375604862354,street_key,br,T3-L04,1,model,False
AD002002,675.7248622714208,-3257.939172609097,141.72836992416376,street_grid,"grid,poi,lm",T2-L01,1,model,False
AD002003,-1524.7201422532726,-2474.5578650395432,119.49206682303605,baseline,"baseline,grid,poi",T2-L05,1,model,False
AD002004,3113.088338577042,227.21148795905904,123.77064698092178,baseline,"baseline,grid,poi,lm",T2-L06,1,model,False
AD002005,-101.58867152401042,3136.3520041662405,24.795028829173642,own_visit,visit,T2-L03,1,model,True
AD002007,1182.901477883371,-2103.9014425271835,33.30338407219837,own_visit,visit,T2-L11,1,model,True
AD002008,540.7835263523967,1617.1304865800655,837.180867423615,baseline,"baseline,loccent,locgrp",T3-L09,1,model,False
AD002009,-1154.6187355696388,-700.04780594916,32.46623063366408,own_visit,visit,T3-L03,1,model,True
AD002011,-1186.8151421746884,-2215.5791052639106,1259.4530405471598,locality_centroid,"loccent,baseline,locgrp",T1-L02,3,model,False
AD002013,2457.33591675701,853.4288994179584,52.70354338808898,street_grid,grid,T1-L08,1,model,False
AD002014,-2541.9813696247443,-2193.161103653936,120.5875807955446,baseline,"baseline,poi,grid",T1-L09,1,model,False
AD002015,-1405.704497664793,-2713.266806803001,24.147615590602292,own_visit,visit,T1-L02,1,model,True
AD002016,2778.42741181698,-2321.405834459264,50.88106542218198,own_visit,visit,T1-L11,1,model,True
AD002018,1053.166097430398,1269.0633914472792,274.12859631461964,blend,"lm,poi,grid",T2-L07,1,model,False
AD002019,1147.6284143157407,-1961.7177648629954,21.75254404726523,own_visit,visit,T2-L11,1,model,True
AD002021,3121.132003226173,-2483.3698345431158,22.457121068900328,own_visit,"visit,grid",T1-L11,1,model,True
AD002022,-868.7751883151174,-686.7663195197667,241.31923096754463,landmark_poi,"poi,lm",T3-L03,1,model,False
AD002023,-2773.2744915542416,1748.6765675134984,25.66786632181695,own_visit,visit,T3-L07,1,model,True
AD002024,2157.397316669368,-791.4175133124426,482.9552670009161,street_grid,"grid,baseline,loccent",T1-L06,1,model,False
AD002025,-2408.6546662500036,1137.6165741934506,113.50708734566125,street_key,"br,grid",T3-L07,1,model,False
AD002026,-1688.3399495435083,-2744.0718196901776,822.7256946992331,baseline,"baseline,loccent,locgrp",T2-L05,1,model,False
AD002027,-444.3986769691596,-608.1904306420377,120.9689860558713,own_visit,"visit,grid",T2-L09,1,model,True
AD002028,-356.0896105952818,1488.571740808873,171.89637414746215,street_grid,"grid,poi",T2-L12,1,model,False
AD002029,2692.0270456717767,1456.0653475012036,22.058832693966057,own_visit,"visit,grid",T1-L08,1,model,True
AD002030,2658.668362810116,1478.1404757158075,297.87151268996723,landmark_poi,"poi,baseline",T2-L04,1,model,False
AD002031,3945.3037890608,749.4603317581035,103.33793119164096,blend,"grid,baseline,br,poi",T3-L05,1,model,False
AD002033,-2906.980680789622,-539.9646073262867,28.780853472527674,own_visit,visit,T3-L06,1,model,True
AD002034,2317.9689943174917,-1043.645144891655,59.67536679131687,own_visit,visit,T2-L11,4,model,True
AD002035,-1132.3288816763445,-678.7130076735566,84.15550948935508,street_grid,grid,T3-L03,1,model,False
AD002036,-1281.773342407158,-2213.556054908858,256.0782845826707,landmark_poi,"poi,lm",T3-L04,1,model,False
AD002037,790.776077411904,-3845.926857759793,243.25619923613593,landmark_poi,"poi,lm",T3-L12,1,model,False
AD002038,3032.9515420251155,-2445.119557672417,23.15195992429361,own_visit,"visit,grid",T1-L11,1,model,True
AD002039,2763.8808391637954,-2482.779332010243,22.330526423377883,own_visit,"visit,grid",T1-L11,1,model,True
AD002040,-3762.7205273431973,-806.1239433685893,818.9750063752152,baseline,"baseline,loccent,locgrp",T3-L01,1,model,False
AD002042,-2438.1699001833,-612.9730270840386,138.54669038993183,street_key,"br,grid",T3-L06,1,model,False
AD002043,2906.372095279891,94.04189962460595,24.406387630805256,own_visit,visit,T2-L06,1,model,True
AD002044,3207.0964113260334,-2207.0716587802076,90.23989555260073,own_visit,"visit,lm,poi",T3-L10,1,model,True
AD002045,-936.1897314558308,-687.6560760484658,40.30753862683787,own_visit,visit,T2-L09,1,model,True
AD002046,-1010.70471060965,-3541.1830379333783,25.718031340783195,own_visit,visit,T1-L02,1,model,True
AD002047,-2923.691094451474,-42.75246159126095,216.41740821997152,landmark_poi,"poi,lm",T3-L06,1,model,False
AD002048,1391.9980776123907,-805.1002423062044,126.20821459787739,street_key,br,T3-L08,1,model,False
AD002049,4057.744073999173,90.895367324604,21.8246371761306,own_visit,visit,T3-L05,1,model,True
AD002050,-765.4302643933837,2945.175887312309,153.49956007444246,street_grid,"grid,poi,lm",T2-L03,1,model,False
AD002051,-281.947330979191,-3812.2547575784,28.73079138547657,own_visit,visit,T3-L11,1,model,True
AD002052,-263.62664366276033,1351.7255783019687,170.5827086612483,street_grid,"grid,poi",T2-L12,1,model,False
AD002053,-369.0145976833306,1461.2070666079169,330.4161470697889,street_grid,"grid,poi",T2-L12,1,model,False
AD002054,1072.5042355110224,-33.046422526850215,204.4671260117753,street_grid,grid,T2-L02,1,model,False
AD002055,2865.4999958597673,380.79378878207314,169.70599039984523,street_grid,"grid,poi,lm",T2-L06,1,model,False
AD002056,2978.5084607948097,576.636464468868,175.36231328646883,street_grid,grid,T2-L06,1,model,False
AD002057,733.4130408476423,2959.2963098160526,365.72682577327384,own_visit,visit,T2-L04,12,model,True
AD002059,1225.4003895694436,-2019.1331482492612,43.480823152878116,own_visit,visit,T2-L11,1,model,True
AD002060,761.8587576635107,-352.6581875870633,34.93061833602684,own_visit,"visit,grid",T1-L03,1,model,True
AD002061,787.2896111645123,-3007.366103389275,60.40050535890907,street_grid,"grid,baseline,visit",T1-L04,1,model,True
AD002062,902.1068177194259,-92.43407868086427,33.503698853362344,own_visit,visit,T1-L06,1,model,True
AD002063,985.850757854672,-349.90005027417413,159.2820053292193,street_grid,"grid,lm,poi",T2-L02,1,model,False
AD002064,342.70025646180125,-3059.869444204582,187.5601659016926,own_visit,"visit,grid,poi,lm",T2-L01,1,model,True
AD002065,2828.6913503734777,886.077320622482,115.73231425098633,baseline,"baseline,grid,poi",T2-L06,1,model,False
AD002066,1492.0029080380227,-2274.5342900879555,102.06564498256418,own_visit,"visit,grid,lm,poi",T2-L11,1,model,True
AD002067,1033.9880844920667,-372.2988442473519,60.14988215287326,street_grid,"grid,visit",T1-L03,1,model,True
AD002068,-2064.52388703254,1512.1370702488775,42.442493754528016,own_visit,visit,T3-L07,1,oof_cv,True
AD002069,3845.0044983320727,531.6198064633118,27.137808792295555,own_visit,visit,T3-L05,1,model,True
AD002070,-255.0598142873365,-3858.818569167674,21.56227345553707,own_visit,visit,T3-L11,1,model,True
AD002071,3708.62261682168,-2280.156271025536,15.469560100078198,baseline,baseline,T3-L10,1,model,False
AD002072,-646.2884776990531,-3350.5297927432707,223.58045436941447,landmark_poi,"poi,lm",T3-L11,1,model,False
AD002073,-2317.6036237561425,-2324.5618519960285,121.71383208550618,baseline,"baseline,grid,lm",T1-L09,1,model,False
AD002074,1754.6505728235402,-1656.378707740105,29.13139266254384,own_visit,visit,T2-L11,1,model,True
AD002075,1514.8208413140624,-2305.8481363310298,179.13203686114167,street_grid,grid,T2-L11,1,model,False
AD002077,1703.1521355468503,-2212.078816570566,1595.6937131079612,locality_centroid,"loccent,baseline,locgrp",T3-L08,3,model,False
AD002078,1024.2234359653744,-1116.5049942500998,154.14341096025757,street_grid,"grid,poi,lm",T3-L08,1,model,False
AD002079,-2002.8947405049662,-2110.8015383806437,188.40504280535532,street_key,"cm,grid,poi",T1-L09,1,model,False
AD002080,574.9455021927083,-2934.307281041895,54.80473137410714,street_grid,"grid,cm",T1-L04,1,model,False
AD002081,905.7374456814144,-1229.4275699593059,22.86997759142826,own_visit,visit,T3-L08,1,model,True
AD002082,3051.4235832911095,-2412.17699993165,80.92423247774687,street_grid,"grid,baseline,br",T3-L10,1,model,False
AD002083,-413.52822430227894,-3910.0335318603693,167.83096274006252,own_visit,visit,T3-L11,1,model,True
AD002085,3451.373818936738,580.0229592470439,25.767480640619752,own_visit,visit,T3-L05,1,model,True
AD002086,1679.709629442537,-2160.5363528180355,1594.3685665656103,locality_centroid,"loccent,baseline,locgrp",T3-L08,3,model,False
AD002087,-501.1496208865286,-3335.5733240479485,222.511196350643,landmark_poi,"poi,lm",T3-L11,1,model,False
AD002088,3100.688057822297,-2175.244051208016,209.07343590098262,landmark_group,"lm,poi",T1-L11,1,model,False
AD002089,1028.968972128447,247.16592951361307,26.267776192664794,own_visit,visit,T2-L02,1,model,True
AD002090,1021.1797715911194,-3093.4253662051983,83.33378031474462,street_grid,"grid,visit",T1-L04,1,model,True
AD002091,1768.1156648852832,-2198.582483664875,28.634853603723943,own_visit,visit,T2-L11,1,model,True
AD002092,3766.3524205085687,411.39737007680225,829.7785639345108,baseline,"baseline,loccent,locgrp",T3-L05,1,model,False
AD002094,-2204.0226148209968,1639.8935671166644,111.49622615471864,street_key,"br,grid,poi,lm",T3-L07,1,model,False
AD002095,-3952.834184210066,-674.6819570115044,120.17715160969696,baseline,"baseline,poi,lm",T3-L01,1,model,False
AD002096,3578.566497828514,634.0012806815312,35.84255051202891,own_visit,"visit,br,baseline",T3-L05,1,model,True
AD002097,1458.0110267666832,-424.5833638417391,116.7147453341521,street_grid,"grid,poi",T1-L03,1,model,False
AD002098,-3952.297328231569,-1098.9487604979033,214.27051937300945,landmark_poi,"poi,lm,grid",T3-L01,1,model,False
AD002099,-1052.610037086973,-1847.0796160623936,833.1605737668518,baseline,"baseline,loccent,locgrp",T3-L04,1,model,False
AD002100,-1722.6967277978172,-1244.351704879517,1736.72719490605,locality_centroid,"loccent,baseline,locgrp",T3-L01,5,model,False
AD002101,-545.4380186261984,3242.1877573356805,115.76478304546576,baseline,baseline,T3-L02,1,model,False
AD002102,2956.0014221198594,-1810.012360083282,25.432202615126474,own_visit,visit,T3-L10,1,model,True
AD002103,305.39169133273464,-2742.526873280613,67.86969729279467,own_visit,visit,T1-L04,1,model,True
AD002104,2688.883505767459,792.0316005504089,61.15715651593103,street_grid,grid,T1-L08,1,model,False
AD002105,2943.871310758455,936.8240717887877,162.33451918032497,street_grid,"grid,poi",T2-L06,1,model,False
AD002106,2431.4846782532936,-1257.0270602133617,205.11371596926097,landmark_poi,"poi,lm",T2-L10,1,model,False
AD002107,-812.8961967039576,-1370.7352011548408,256.6949175268452,landmark_poi,"poi,lm",T1-L12,1,model,False
AD002108,2271.285614018121,-2412.7013640309624,25.919835332939723,own_visit,visit,T1-L11,1,model,True
AD002110,1997.027087126592,-1382.637360239969,22.49372480412037,own_visit,visit,T1-L06,1,model,True
AD002111,3072.064351420197,-1249.030077089093,87.01864245807644,own_visit,visit,T2-L02,4,model,True
AD002112,-368.4052881468101,3284.0299299977137,35.38722800953649,own_visit,"visit,baseline",T2-L03,1,model,True
AD002113,770.2245434155335,-3172.579614036396,208.39594239046124,landmark_group,"lm,poi",T1-L04,1,model,False
AD002114,-1060.5892500102873,-517.3918925113153,217.00876522618833,landmark_poi,"poi,lm",T3-L03,1,model,False
AD002115,-376.35722665978676,-3695.967612258523,172.94580450248222,street_grid,"grid,poi,lm",T3-L11,1,model,False
AD002116,890.4204715098907,-2920.2851196900288,74.6486366294843,own_visit,"visit,cm",T1-L04,1,model,True
AD002117,1957.781343099853,1736.7100747644554,285.08924127983335,landmark_poi,"poi,baseline",T2-L04,1,model,False
AD002118,1899.2736578819467,-2236.317186572392,31.222042122655495,own_visit,visit,T2-L11,1,model,True
AD002119,-1094.6878126116576,-1470.4231782829477,1453.0396802738828,locality_centroid,"loccent,baseline,locgrp",T2-L05,2,model,False
AD002120,724.0958201014291,2761.1548699833747,23.268491121394568,own_visit,visit,T2-L08,1,model,True
AD002121,2787.4716533833994,-2406.0153828989905,56.45522935194634,street_grid,grid,T1-L11,1,model,False
AD002122,857.6930563799327,-696.0465305996955,84.16210834240403,street_grid,"grid,br",T3-L08,1,model,False
AD002123,1133.6051994224576,452.4011067041893,153.1989823729878,own_visit,"visit,grid",T2-L02,1,model,True
AD002124,2369.544455031187,-2293.4763213813094,20.538984615864198,own_visit,"visit,grid",T1-L11,1,model,True
AD002125,1232.7008096232921,-248.78771711537232,19.768226200126335,own_visit,"visit,grid",T1-L03,1,model,True
AD002126,2240.4974008385757,-1538.8432729615406,28.898632720197053,own_visit,visit,T2-L10,1,model,True
AD002127,2451.9016261417196,2032.8324272170864,285.1657873814338,landmark_poi,"poi,baseline",T2-L04,1,model,False
AD002128,-2693.8795918019105,1249.667264517547,61.81349536134517,street_grid,"grid,baseline",T1-L01,1,model,False
AD002129,1020.0810845201744,-301.7762718246965,19.758018930591025,own_visit,"visit,grid",T1-L03,1,model,True
AD002130,-184.30888571108986,3386.9165929502333,120.0564193659608,baseline,baseline,T3-L02,1,model,False
AD002131,-1523.6166571948718,-2455.5549137339826,24.369279737407393,own_visit,visit,T2-L05,1,model,True
AD002132,2449.7151936173955,1300.497350027791,401.6506984605731,landmark_poi,"poi,grid",T2-L04,1,model,False
AD002133,-1342.4127344853453,369.40692701432783,98.10223050310259,baseline,"baseline,grid,poi",T1-L05,1,model,False
AD002134,3132.216025697009,-1902.3929760372891,26.465502321321996,own_visit,visit,T3-L10,1,model,True
AD002135,1320.7228071151194,-948.7640454580672,226.19269127999348,landmark_poi,"poi,lm",T3-L08,1,model,False
AD002136,1699.507361739368,-2344.5627240205254,94.97879208394082,baseline,"baseline,visit,grid",T2-L11,1,model,True
AD002138,3886.482934823031,589.1507970495054,31.864554624157613,own_visit,visit,T3-L05,1,model,True
AD002139,-3781.9272555349407,-726.5526264158535,20.97326528542374,own_visit,visit,T3-L01,1,model,True
AD002140,949.9361964819478,-118.47443953044655,23.70436293443847,own_visit,visit,T2-L02,1,model,True
AD002141,-1788.179131216411,-2731.790006630676,23.55817686090294,own_visit,visit,T2-L05,1,model,True
AD002142,-816.2678744857105,-3140.3544731731913,39.29300595664712,own_visit,visit,T1-L02,1,model,True
AD002143,-2610.2011576081204,1349.9222993861936,31.637002225607382,own_visit,visit,T3-L07,1,oof_cv,True
AD002145,-392.2198708238452,3240.5296957694486,823.0984526873332,baseline,"baseline,loccent,locgrp",T3-L02,1,model,False
AD002146,1917.133015457508,1105.832561566898,1764.361830111591,locality_centroid,"loccent,baseline,locgrp",T3-L05,2,model,False
AD002147,-1345.6595856365982,29.602778382996693,94.10981524639402,baseline,"baseline,grid,cm,poi,lm",T1-L05,1,model,False
AD002148,-1223.909402275195,409.7825522719225,821.1905421131555,baseline,"baseline,loccent,locgrp",T1-L05,1,model,False
AD002149,1109.895000329892,1332.659264688244,115.88771238333365,baseline,baseline,T2-L07,1,model,False
AD002150,3998.6767669504748,544.3394372792948,46.77500192432784,own_visit,visit,T3-L05,1,model,True
AD002151,1389.4426276813135,-2929.6062247749965,43.639088685540884,own_visit,visit,T1-L04,1,model,True
AD002152,-344.91829574371667,-1498.9601643508665,262.68767953170044,landmark_poi,"poi,lm",T1-L12,1,model,False
AD002153,3424.646240177491,-1925.7777731782155,133.69313209311852,baseline,"baseline,visit",T3-L10,1,model,True
AD002154,758.0574839548403,-2686.838597677787,30.566528746967684,own_visit,"visit,grid",T1-L04,1,model,True
AD002155,-2507.807171218538,1353.3665955215886,110.28008216025937,street_grid,"grid,lm,poi",T3-L07,1,model,False
AD002157,650.3661059932148,-807.1014705735264,55.73605687580737,street_grid,"grid,visit,br",T3-L08,1,model,True
AD002158,1607.375763339372,-1489.5752046664606,1470.0741630713233,locality_centroid,"loccent,baseline,locgrp",T1-L03,4,model,False
AD002159,-516.4012582611841,3341.5197832913573,147.84026676334202,street_grid,"grid,poi,lm",T2-L03,1,oof_cv,False
AD002160,-428.8141037080359,1640.8313234229108,204.60854273254435,street_grid,grid,T2-L12,1,model,False
AD002161,2054.3037464458653,-778.3189142148462,23.278999420106608,own_visit,visit,T1-L06,1,model,True
AD002162,1517.5851039256036,-2021.4353618219832,814.2137413958823,baseline,"baseline,loccent,locgrp",T2-L11,1,model,False
AD002163,1496.021363828322,-1548.6946815516485,1434.8456457250018,locality_centroid,"loccent,baseline,locgrp",T2-L01,4,model,False
AD002164,-199.30124356680253,-3925.505767048598,22.14286904061892,own_visit,visit,T3-L11,1,model,True
AD002165,-2930.553642616846,-41.509143926261935,215.2109705768587,landmark_poi,"poi,lm",T3-L06,1,model,False
AD002166,-975.2870639365003,3028.6977258351385,24.509454621520177,own_visit,visit,T2-L03,1,model,True
AD002167,-719.6120898840898,2921.092688845498,836.3019078043076,baseline,"baseline,loccent,locgrp",T2-L03,1,model,False
AD002169,1177.136081262558,-169.90039546991798,67.06922141711482,street_grid,"grid,baseline,cm",T1-L03,1,model,False
AD002170,2655.727976062333,-2122.340894510207,198.33500998296404,landmark_group,"lm,poi",T1-L11,1,model,False
AD002171,428.14442502191116,-3470.920306776234,38.66656891982891,own_visit,"visit,grid",T1-L04,1,model,True
AD002172,981.8250217505778,2595.738996947449,176.31622813999527,street_grid,"grid,poi,lm",T2-L08,1,model,False
AD002173,3118.5942792375636,-2397.9251351501657,88.02135252162289,street_grid,"grid,br,lm,poi",T3-L10,1,model,False
AD002174,-1056.621850966492,-549.4805978838838,1015.5803699620435,blend,"baseline,poi,loccent,lm,locgrp",T3-L03,1,model,False
AD002175,897.0846253903019,-1292.1010867387572,85.52313920038617,street_grid,grid,T3-L08,1,model,False
AD002176,771.7013399327634,2471.6226084266827,21.41052154573445,own_visit,visit,T2-L08,1,model,True
AD002177,-1546.2496629031386,-3104.927902638491,226.89987771927687,street_grid,"grid,lm",T2-L05,1,model,False
AD002178,2999.7427882312727,-2391.339541121808,26.593327668412414,own_visit,"visit,grid",T3-L10,1,model,True
AD002179,1165.6753656546184,-1670.8637757279712,29.139176514696864,own_visit,visit,T1-L06,4,model,True
AD002180,783.8459080545786,-2690.4946984661674,20.552603683753922,own_visit,"visit,grid",T1-L04,1,model,True
AD002181,-2450.1897459125935,32.441082656910154,24.049173661635354,baseline,baseline,T3-L06,1,model,True
AD002182,3176.035879471676,-2276.8029707822893,72.76764906413727,street_grid,grid,T1-L11,1,model,False
AD002183,-2136.2173812431524,-2436.6972389475977,210.3331747771515,landmark_poi,"poi,lm",T1-L09,1,model,False
AD002184,-2071.9109369079897,-2462.731982727418,22.9453958336926,own_visit,visit,T1-L09,1,model,True
AD002185,-2395.4758337010494,1839.0460294578497,129.37179032995812,street_key,"br,grid",T3-L07,1,model,False
AD002186,1060.2921218527497,-32.75736053321869,202.31034637951637,street_grid,grid,T2-L02,1,model,False
AD002187,-4058.3995585087678,-882.7847754798864,118.73405314375562,baseline,baseline,T3-L01,1,model,False
AD002188,-203.57239379594472,-3291.2448237848807,50.98971886096604,own_visit,"visit,baseline",T3-L11,1,model,True
AD002189,395.31625946857935,-2993.2764273831026,33.792896978101986,own_visit,"visit,grid",T1-L04,1,model,True
AD002190,-1176.5519778823652,371.1580565079074,823.5533781063266,baseline,"baseline,loccent,locgrp",T1-L05,1,model,False
AD002191,2962.100308506887,-1998.292414576076,50.562872996146545,street_grid,grid,T1-L11,1,model,False
AD002192,-695.5653347627992,2931.511303487371,832.2140683852058,baseline,"baseline,loccent,locgrp",T2-L03,1,model,False
AD002193,1465.3855121056804,-1910.1662845770545,166.42418137973235,street_grid,"grid,poi,lm",T2-L11,1,model,False
AD002194,1717.572365332196,-1753.3172407842078,28.743541687405703,own_visit,visit,T2-L11,1,model,True
AD002195,-1315.86866836651,-2239.286623816989,1256.5210171708015,locality_centroid,"loccent,baseline,locgrp",T1-L02,3,model,False
AD002196,249.816172919995,2289.498555168384,41.15270940853066,street_grid,"grid,visit",T1-L07,1,model,True
AD002197,894.0585720213842,-270.6151957038165,25.341680023855144,own_visit,visit,T2-L02,1,model,True
AD002198,2675.396996890953,-2442.8096388442177,67.69712213188511,street_grid,"grid,baseline",T1-L11,1,model,False
AD002199,1717.576451823565,-1420.5575253590287,1496.4295209759844,locality_centroid,"loccent,baseline,locgrp",T1-L03,4,model,False
AD002200,2870.9226883517053,522.3701529697076,110.80925806834735,baseline,"baseline,grid",T2-L06,1,model,False
AD002201,-210.92581738979624,1051.8557590632633,183.33644983481884,street_grid,"grid,poi",T2-L12,1,model,False
AD002202,-2001.7509376597934,-2134.296543031862,202.9371684808067,blend,"poi,grid,lm",T1-L09,1,model,False
AD002204,877.6082798747958,-1283.8722607414306,92.65948277968342,street_grid,"grid,poi,lm",T3-L08,1,model,False
AD002205,-766.8556373468704,-483.0050721309115,817.5503839117777,baseline,"baseline,loccent,locgrp",T3-L03,1,model,False
AD002206,1039.4520214312515,2918.6338676912837,28.755645894777164,own_visit,visit,T2-L08,1,model,True
AD002207,-1872.3856988518608,-2259.2480976151683,324.27535383483314,street_grid,"grid,loccent",T1-L09,1,model,False
AD002209,-66.24847334612943,-3835.2440175676625,23.609028273025036,own_visit,visit,T3-L11,1,model,True
AD002210,1649.5098319404412,-1603.5120487574177,26.60009351992111,own_visit,visit,T2-L11,1,model,True
AD002211,1873.7530060734261,1469.0504524087,1393.1098383481371,locality_centroid,"loccent,baseline,locgrp",T2-L04,4,model,False
AD002212,-1479.466280730155,586.3999754257027,150.41543391307007,street_grid,"grid,poi",T1-L05,1,model,False
AD002213,2857.081163292244,634.2738766479546,36.96835894659587,own_visit,"visit,baseline",T2-L06,1,model,True
AD002214,789.9511727635195,-3837.25954976409,244.13829311901898,landmark_poi,"poi,lm",T3-L12,1,model,False
AD002215,519.6214607437761,-3069.0895148204,283.13639473269285,own_visit,"visit,baseline",T1-L04,1,model,True
AD002216,2873.083254279562,153.3233450756429,116.40413495737859,baseline,"baseline,grid",T2-L06,1,model,False
AD002217,-865.0376679909162,-3087.2932999226464,68.042084286427,own_visit,"visit,grid,cm",T1-L02,1,model,True
AD002218,1026.2581758772644,2583.603574670105,24.05388121431807,own_visit,visit,T2-L08,1,model,True
AD002220,-718.5606289236325,2964.9112182817125,24.16556069300186,own_visit,visit,T2-L03,1,model,True
AD002221,2764.808724931864,1284.3314940085743,93.94454300890898,street_grid,grid,T1-L08,1,model,False
AD002222,-1925.3531577147514,1353.4409392313926,1300.5083762982456,locality_centroid,"loccent,baseline,locgrp",T1-L01,3,model,False
AD002223,1309.480693752641,221.5245970618358,74.391465705682,street_grid,grid,T1-L03,1,model,False
AD002224,1631.7544846689507,-1851.1923617126058,31.99811420610517,own_visit,visit,T2-L10,4,model,True
AD002225,-842.342463778968,-598.3546896651831,149.72146069994108,own_visit,"visit,grid,lm",T2-L09,1,model,True
AD002226,-705.6694262332528,2940.3697975444584,179.38751433322895,street_grid,grid,T2-L03,1,model,False
AD002227,-1243.8697673804743,-499.4525365045833,197.65084734445009,street_key,br,T3-L03,1,model,False
AD002228,-744.7420928226749,3021.847737442116,210.0468262876662,blend,"poi,br,lm,lmbr",T3-L02,1,model,False
AD002229,-2339.863016513659,1308.1338024254683,26.354902094336538,own_visit,visit,T3-L07,1,model,True
AD002230,3396.0173814317127,-1818.7653940225537,22.221356993541004,own_visit,visit,T3-L10,1,oof_cv,True
AD002231,2672.7926453764157,1458.6190084617967,20.609421532169765,own_visit,"visit,grid",T1-L08,1,model,True
AD002232,-685.071882014489,-3103.1673124729637,106.08031374329452,baseline,"baseline,grid,poi,lm",T1-L02,1,model,False
AD002233,-2589.093344577479,-535.2515697600578,42.75104005316044,own_visit,"visit,grid,baseline",T3-L06,1,model,True
AD002234,-593.6848168429102,-3397.1052350822324,126.23314929666343,own_visit,"visit,grid,lm",T3-L11,1,model,True
AD002235,3195.510484409003,1021.2272222349911,156.20661251015596,baseline,"baseline,grid",T2-L06,1,model,False
AD002236,-574.8782827475939,-510.79933733532727,186.40542936605266,street_grid,grid,T2-L09,1,model,False
AD002237,1630.7417095084024,-2382.6746644861723,32.08685049286615,own_visit,visit,T2-L10,4,model,True
AD002238,-3364.4980346340076,1287.5207551982899,303.6985428070698,landmark_poi,"poi,baseline",T1-L01,1,model,False
AD002239,1548.2816354874565,1629.4298401597073,1459.7005253246805,locality_centroid,"loccent,baseline,locgrp",T1-L07,2,model,False
AD002240,1149.1436029635745,-3023.4332176768817,27.952855130337657,own_visit,visit,T1-L04,1,model,True
AD002241,-173.88325069814854,-1053.5624874825046,63.34836304803008,street_grid,"grid,baseline",T1-L12,1,model,False
AD002242,-348.55110084067127,-118.13450840612599,214.51885782624367,landmark_poi,"poi,lm",T2-L09,1,model,False
AD002243,-1768.228213886109,-2490.1644820769266,188.05531723277034,street_grid,"grid,poi",T2-L05,1,model,False
AD002244,1237.6837173266943,-1851.7035712816084,31.717434687159916,own_visit,visit,T2-L01,1,model,True
AD002245,2773.8408649059206,-1922.5999143790805,45.77580210124839,street_grid,"grid,visit,baseline",T1-L11,1,model,True
AD002246,2439.260988149403,-2339.537422287542,12.26912152718315,baseline,"baseline,visit,grid",T1-L11,1,model,True
AD002247,2666.46368233213,-1768.4385745297593,32.09173974543748,own_visit,visit,T1-L06,1,model,True
AD002248,-201.88295323029197,-406.21636708683485,2584.924735344253,locality_centroid,"loccent,baseline,locgrp",T3-L01,12,model,False
AD002249,539.8654395316328,1754.3844662842807,843.807995206566,baseline,"baseline,loccent,locgrp",T3-L09,1,model,False
AD002250,-1922.5711588927475,-2591.868590795396,253.29774931672458,landmark_poi,"poi,lm",T1-L09,1,model,False
AD002251,-4174.7418701936285,-1078.8321950234217,22.738765746634567,own_visit,visit,T3-L01,1,model,True
AD002252,-2926.6724237615526,-600.976119973468,46.142903956451036,own_visit,visit,T3-L06,1,model,True
AD002253,-2325.7794806537504,-429.28898707600365,36.08731739422784,own_visit,visit,T3-L06,1,model,True
AD002254,-510.03141222833585,-337.8812998518578,33.709219014882365,own_visit,"visit,baseline",T3-L03,1,model,True
AD002255,638.3862675041486,2468.557448524248,180.89612687173968,street_grid,"grid,poi,lm",T2-L08,1,model,False
AD002256,-1269.703289186756,478.3935148184796,173.10420044164454,street_grid,grid,T1-L05,1,model,False
AD002257,196.67635402393537,2738.7975718947246,21.674476477372274,own_visit,visit,T1-L07,1,model,True
AD002258,1042.0698465411617,-995.9223857616902,124.61145960803678,baseline,"baseline,br,grid,poi",T3-L08,1,model,False
AD002259,3170.029273183683,-1953.89266259251,624.9674137678567,blend,"grid,baseline,loccent,locgrp",T3-L10,1,model,False
AD002260,1612.6497728808213,-1234.1709996976704,33.10563906187465,own_visit,visit,T1-L06,1,oof_cv,True
AD002261,2680.7905865239704,248.23143962603356,32.27562302950224,own_visit,visit,T2-L06,1,model,True
AD002262,2601.915099825101,-1670.76649122488,89.02018055987087,own_visit,"visit,grid,poi",T2-L10,1,oof_cv,True
AD002263,1755.3195014509372,-2431.523016626216,24.729249177295014,own_visit,visit,T2-L11,1,model,True
AD002264,897.0523927271869,2416.426795579863,62.85042144063809,own_visit,"visit,baseline,grid",T2-L08,1,model,True
AD002265,357.1138678797542,-3103.9982512324314,34.66113968364973,own_visit,visit,T1-L02,1,model,True
AD002266,-1876.6281908761446,2444.083055064374,849.9574492317083,baseline,"baseline,loccent,locgrp",T1-L10,1,model,False
AD002267,930.1366929183043,2811.6338136114077,191.47724691884818,street_grid,grid,T2-L08,1,model,False
AD002269,1147.9097386192288,-175.84042191826632,389.12831232298964,landmark_group,"lm,baseline,loccent",T1-L03,1,model,False
AD002270,573.6744287514974,-2937.9720165433614,42.39933771742789,street_grid,"grid,visit",T1-L04,1,model,True
AD002271,1584.7787924562938,-2436.5282198970185,193.65983072828917,street_grid,grid,T2-L11,1,model,False
AD002272,2854.973162132601,579.6884702826043,193.45815679766477,street_grid,"grid,poi,lm",T2-L06,1,model,False
AD002273,2632.9962676391788,-1187.906507194027,179.22847778788102,blend,"grid,poi,lm",T2-L10,1,model,False
AD002274,688.5088390324108,-2762.3247317486034,121.04279504279629,baseline,"baseline,grid,poi,lm",T2-L01,1,model,False
AD002275,1054.2029008861252,2773.1168866265293,165.74012536458739,street_grid,"grid,poi,lm",T2-L08,1,model,False
AD002276,-2641.53354845224,992.9196097756112,68.24162668055509,street_grid,"grid,cm",T1-L01,1,model,False
AD002277,1925.7238795396854,-2096.015583594857,22.008438873000486,own_visit,visit,T2-L11,1,model,True
AD002278,965.803000105824,1375.8454733948106,632.8449543291597,blend,"grid,baseline,loccent",T2-L07,1,model,False
AD002279,-665.3893064483448,-1600.3451899291515,83.49050476916118,street_grid,"grid,baseline",T1-L12,1,oof_cv,False
AD002280,774.9327030477589,-2767.875560550444,55.337004210206786,street_grid,grid,T1-L04,1,model,False
AD002281,-2633.1913842112126,980.653402977674,55.2465677819236,own_visit,"visit,grid,baseline",T1-L01,1,model,True
AD002282,-875.933131546667,-525.1172692586811,826.4845325790112,baseline,"baseline,loccent,locgrp",T3-L03,1,model,False
AD002283,-733.5313758846982,-3776.4633112448614,74.46931530759822,street_grid,"grid,br",T3-L11,1,model,False
AD002284,682.0005693932453,-22.28209602517023,32.61124688249443,own_visit,visit,T2-L02,1,oof_cv,True
AD002286,2092.08310017802,1728.1326919353598,259.6916428991731,landmark_poi,"poi,lm",T2-L04,1,model,False
AD002287,1672.9543386779208,-1996.0308644195536,25.49844708490452,own_visit,visit,T2-L11,1,model,True
AD002288,1608.5445119194444,-1504.9842319984675,1467.3206840257303,locality_centroid,"loccent,baseline,locgrp",T1-L03,4,model,False
AD002289,2684.997910505635,-2124.0779031855977,67.21236369255811,street_grid,grid,T1-L11,1,model,False
AD002291,-1698.6341996211102,-3217.853736016533,121.67763584958132,baseline,"baseline,grid,lm",T2-L05,1,model,False
AD002292,-3455.1421805036775,-861.2000389747546,14.130624688629295,baseline,baseline,T3-L01,1,model,False
AD002293,-832.582003199423,-922.1024219376786,94.39898572234179,baseline,"baseline,br,poi,lm",T3-L03,1,model,False
AD002294,1167.4127786583344,-1864.721824729336,31.42947321974592,own_visit,visit,T2-L11,1,model,True
AD002295,-1592.6322396976607,-1439.67142380107,1736.9409354175252,locality_centroid,"loccent,baseline,locgrp",T3-L01,5,oof_cv,False
AD002296,3243.183869968864,-1950.731647107748,817.9581153756874,baseline,"baseline,loccent,locgrp",T3-L10,1,model,False
AD002297,1941.9358055586724,-1249.9294161933078,272.8779468878053,landmark_poi,"poi,grid,lm",T1-L06,1,model,False
AD002298,2958.215114879018,-2055.5873318863214,24.63500611778694,own_visit,visit,T3-L10,1,model,True
AD002299,941.001574920043,2304.7766064651873,22.599432546860136,own_visit,visit,T2-L08,1,model,True
AD002300,3034.3411783749752,498.43362213607656,180.9208884084973,street_grid,"grid,lm",T2-L06,1,oof_cv,False
AD002301,1448.9688636134508,-2376.0257476608285,146.7033805263759,street_grid,"grid,lm,poi",T2-L11,1,model,False
AD002302,1069.7600450677837,2567.917666935172,22.591958266182385,own_visit,visit,T2-L08,1,model,True
AD002303,-1253.6753224510203,-2402.3147041557418,1270.03400315077,locality_centroid,"loccent,baseline,locgrp",T1-L02,3,model,False
AD002304,2819.3403000373273,-2197.6023304579285,164.13953255195392,own_visit,"visit,lm,poi",T1-L11,1,model,True
AD002305,2179.702676949148,929.8687788935543,32.74007228810863,own_visit,visit,T1-L08,1,model,True
AD002306,2825.4393325572646,-2016.5077545425108,44.52580068159353,street_grid,"grid,visit",T1-L11,1,model,True
AD002307,2470.6081722540393,-2349.0529260667204,31.64159071599611,own_visit,"visit,grid",T1-L11,1,model,True
AD002308,2890.6764950785528,-2441.356252259845,90.63362888662728,own_visit,"visit,lm",T1-L11,1,model,True
AD002309,2298.8284446163257,891.7547947147052,1755.6351711526654,locality_centroid,"loccent,baseline,locgrp",T3-L05,2,model,False
AD002310,2455.876426035032,710.1517500622161,60.01393896231059,street_grid,grid,T1-L08,1,model,False
AD002311,3119.347699541563,-1870.6312670297712,822.7538482701336,baseline,"baseline,loccent,locgrp",T3-L10,1,model,False
AD002312,1001.6638103167631,-284.6965896186287,152.55369666224598,street_grid,"grid,poi,lm",T2-L02,1,model,False
AD002314,-976.796212074154,-3202.1778740883356,188.2675457067208,street_grid,"grid,lm",T1-L02,1,model,False
AD002315,374.75879786349304,2714.443179567867,45.50518020981493,street_grid,grid,T1-L07,1,model,False
AD002316,1887.2899347163489,-1000.007878819856,826.8230195419062,baseline,"baseline,loccent,locgrp",T1-L06,1,model,False
AD002317,-2378.0971983777927,-2025.7385999210983,57.21601691461973,own_visit,visit,T1-L09,1,model,True
AD002318,-71.5764197569531,900.5688180892067,107.77769748230725,baseline,"baseline,grid",T2-L12,1,model,False
AD002319,2890.0693901439417,-1885.0675887949747,51.73230617729344,street_grid,grid,T1-L11,1,model,False
AD002321,3379.6489581582096,-1813.5427345378525,105.15859788040747,own_visit,"visit,br,poi",T3-L10,1,model,True
AD002322,1145.6147137038436,2654.085942270643,211.2931034615846,landmark_poi,"poi,lm",T2-L08,1,model,False
AD002323,-391.37130573397553,2107.782093661256,1198.9864446487995,locality_centroid,"loccent,baseline,locgrp",T2-L03,2,model,False
AD002324,-1698.5538713533942,-2383.1394246324567,179.48807053117025,street_grid,"grid,poi,lm",T2-L05,1,model,False
AD002325,2983.2140710004346,436.75274442528604,174.93308065069215,street_grid,grid,T2-L06,1,model,False
AD002327,1700.1091251838143,1521.8248808620428,1392.59456645163,locality_centroid,"loccent,baseline,locgrp",T2-L04,4,model,False
AD002328,-196.84546225693825,-3901.402708033145,90.90462513530122,street_key,"br,grid,poi",T3-L11,1,model,False
AD002330,1487.7537804883812,-2094.6962963247565,169.56076671477973,street_grid,"grid,poi,lm",T2-L11,1,model,False
AD002332,3123.0067388031316,-2073.9354975479396,36.48813698368483,own_visit,"visit,grid",T1-L11,4,model,True
AD002333,-2288.0794937475557,-521.5575037020398,47.37130226310742,own_visit,"visit,br",T3-L06,1,model,True
AD002334,-2760.8607691442726,1698.6448602806086,24.360106191159353,own_visit,visit,T3-L07,1,model,True
AD002335,3024.4985429232697,-1786.1846499721391,591.5688516923888,blend,"grid,br,baseline,loccent",T3-L10,1,model,False
AD002336,3930.501253177059,760.7139374060092,25.638613086142513,own_visit,visit,T3-L05,1,model,True
AD002337,1972.047208921928,1560.0409205215312,14.668631423554789,baseline,baseline,T2-L04,1,model,False
AD002339,1099.143692970769,2983.6010570693493,23.864511369492018,own_visit,visit,T2-L08,1,model,True
AD002340,2104.0328589617466,1684.3550510601117,1430.6716013972373,locality_centroid,"loccent,baseline,locgrp",T2-L04,4,model,False
AD002341,-755.0974528622602,2722.0435536574814,59.01180632384573,own_visit,visit,T2-L08,1,model,True
AD002342,-180.53991523655463,1635.1433005371296,280.4733546088173,landmark_poi,"poi,lm",T2-L12,1,model,False
AD002343,-1400.5781848131505,2291.1624351056976,1434.1107315622173,locality_centroid,"loccent,baseline,locgrp",T3-L02,2,model,False
AD002344,2175.305833961093,1758.5301185450094,1078.189653529985,locality_centroid,"loccent,baseline,locgrp",T2-L04,4,model,False
AD002345,787.3225062378153,1421.922458632091,293.5765181135964,landmark_poi,"poi,grid,baseline",T2-L07,1,model,False
AD002346,671.1046913359571,-863.8381346569532,61.132950503534786,street_grid,"grid,br",T3-L08,1,model,False
AD002347,-185.37286794528245,-3886.4436607469784,159.27375297008072,street_grid,"grid,poi,lm",T3-L11,1,model,False
AD002348,1107.3214878728666,-2737.167850163756,58.33003413361568,street_grid,"grid,baseline",T1-L04,1,model,False
AD002349,-612.4415105806513,-795.3166741870609,106.66632643926425,baseline,"baseline,grid,lm,poi",T2-L09,1,model,False
AD002350,-3039.307128029764,-466.76069757080165,402.80550546572465,landmark_poi,"poi,lm",T3-L01,1,model,False
AD002351,3431.7500052139776,-1685.870520038479,162.09023313372188,street_grid,"grid,poi",T3-L10,1,model,False
AD002352,-46.078017375354236,2666.1367817685727,20.62568054197142,own_visit,"visit,grid",T1-L07,1,model,True
AD002353,-642.1428655582883,224.15716215580227,24.485289026934378,own_visit,visit,T1-L05,1,model,True
AD002354,-2821.6062681086623,946.7641697043205,214.15807645728273,landmark_poi,"poi,lm",T1-L01,1,model,False
AD002355,3192.6539416248056,-2264.6582125251307,54.61815775665755,street_grid,grid,T1-L11,1,model,False
AD002356,-2041.374584882201,1190.8012064888544,1307.2013508393306,locality_centroid,"loccent,baseline,locgrp",T1-L01,3,model,False
AD002357,1029.2549703173372,316.3209262708849,62.07409618657143,own_visit,"visit,grid",T2-L02,1,model,True
AD002358,2163.980051136521,1011.9932917446415,1734.2582493757566,locality_centroid,"loccent,baseline,locgrp",T3-L05,2,model,False
AD002359,1628.2644546329689,-1596.3853817439126,59.65216482098067,own_visit,"visit,baseline,grid",T2-L11,1,model,True
AD002360,-500.90890607102784,3313.2897553823664,187.21540681459376,street_grid,grid,T2-L03,1,model,False
AD002361,531.2662263716657,-3040.9556434420656,208.72881959558273,street_grid,"grid,poi,lm",T2-L01,1,model,False
AD002362,2537.9115019283663,-2127.6450200710206,74.89040053521063,own_visit,"visit,lm,poi",T1-L11,1,model,True
AD002363,3420.711407076557,-1785.3117947616443,87.04206313804166,street_grid,"grid,br,poi",T3-L10,1,model,False
AD002364,2400.6643936563887,2006.5301677791674,268.27809650253045,landmark_poi,"poi,grid,baseline",T2-L04,1,model,False
AD002365,875.9206916780216,-708.4023187659162,101.89384332651031,blend,"grid,baseline,br,poi",T3-L08,1,model,False
AD002366,1211.6508314050664,-3613.1167058478654,845.653605752334,baseline,"baseline,loccent,locgrp",T3-L12,1,model,False
AD002367,2112.604157840123,787.858229512527,37.02527921319921,own_visit,"visit,grid",T1-L08,1,model,True
AD002368,1187.404314676814,-503.3899070980265,92.25050397598535,blend,"baseline,grid,br,poi",T3-L08,1,model,False
AD002369,-1683.9429425037538,-2571.076040487058,225.00929713691238,street_grid,grid,T2-L05,1,model,False
AD002370,-2132.035107759449,1685.9683294383087,162.84291173197738,baseline,"baseline,grid,poi,lm",T3-L07,1,model,False
AD002371,1025.7129595763877,311.69043833876236,177.31886103159786,street_grid,"grid,poi,lm",T2-L02,1,model,False
AD002372,2865.238720253559,-1622.6135004009816,23.572721284206917,own_visit,visit,T3-L10,1,model,True
AD002373,-1455.4761914051421,-2594.989389536506,128.9865722504208,baseline,"baseline,grid,poi",T2-L05,1,model,False
AD002374,2666.5213246782337,1476.4126842974058,61.955680648332525,street_grid,"grid,baseline,cm",T1-L08,1,model,False
AD002375,1391.53292221149,-3570.479802968175,120.4491012663855,baseline,baseline,T3-L12,1,model,False
AD002376,-1064.2361770469906,295.53288387705084,221.90736430019007,landmark_poi,"poi,lm",T1-L05,1,model,False
AD002377,1165.4409338027583,-3621.918187459931,278.5608006111158,landmark_poi,"poi,baseline",T3-L12,1,model,False
AD002378,-2853.2843933718787,985.2028534177574,59.099706154918366,street_grid,"grid,cm",T1-L01,1,model,False
AD002380,3069.2349347982185,-2425.624181554113,24.848622604203197,own_visit,visit,T3-L10,1,model,True
AD002381,931.3747479012752,-333.67527497987544,98.80778370869005,baseline,"baseline,grid,poi,lm",T2-L02,1,model,False
AD002382,1190.3760652410924,-275.53850521003307,120.5443724046494,baseline,"baseline,grid,lm",T2-L02,1,model,False
AD002383,433.35718791190004,-3499.935555885918,721.2543020583491,landmark_poi,"poi,baseline,loccent",T3-L11,1,model,False
AD002384,-569.4122372683302,-742.6279428470116,190.4503811608229,street_grid,"grid,lm",T2-L09,1,model,False
AD002385,-542.4006608236814,-538.7663249513787,182.70682740681005,street_grid,"grid,lm",T2-L09,1,model,False
AD002387,-1601.4897506684244,-2327.7151384519543,24.852533679633893,own_visit,visit,T2-L05,1,model,True
AD002388,1320.9798299495283,-683.3559435953263,1380.2459302361149,locality_centroid,"loccent,baseline,locgrp",T2-L02,4,model,False
AD002389,-398.8304067846673,2805.6182955523345,1070.0467415902892,locality_centroid,"loccent,baseline,locgrp",T2-L03,2,model,False
AD002391,-83.70868021729721,3502.9117387701626,301.1559967009161,landmark_poi,"poi,baseline",T3-L02,1,model,False
AD002392,2343.0712924456643,983.3506602273411,60.24181143010785,street_grid,grid,T1-L08,1,model,False
AD002393,443.3212678185249,-2908.74030338087,65.04161156668661,street_grid,"grid,visit",T1-L04,1,model,True
AD002394,-2008.5427399268622,2540.4694322851265,274.9744694865236,landmark_poi,"poi,baseline",T1-L10,1,model,False
AD002395,-3742.300942054339,-778.4727088450019,38.88208415329288,own_visit,visit,T3-L03,1,model,True
AD002396,2881.185722992875,-1279.462898718444,268.211251361357,landmark_group,"lm,baseline",T2-L10,1,model,False
AD002397,-3933.4753100054163,-1024.7166410681289,274.6640885055185,landmark_poi,"poi,lm",T3-L01,1,model,False
AD002398,670.8551358791291,-917.3419365150214,23.358487798196506,own_visit,visit,T3-L08,1,model,True
AD002399,1166.9225839852288,-3507.7909387277773,117.5427777903058,baseline,baseline,T3-L12,1,model,False
AD002400,-2370.4138419187702,1166.9010451779916,119.65331983481785,street_key,"br,grid,poi,lm",T3-L07,1,model,False
AD002401,667.7276349393554,-3575.5414113727797,100.98711330829366,own_visit,"visit,grid,poi,lm",T2-L01,1,model,True
AD002402,-218.43108132000432,-3835.6952400805753,192.80345363879653,own_visit,"visit,poi",T3-L12,1,model,True
AD002403,2337.029556777217,922.2520840393711,25.584789873411847,own_visit,"visit,grid",T1-L08,1,model,True
AD002404,3081.4864036083286,-1971.2914143926719,42.822158762443884,street_grid,"grid,visit",T1-L11,1,model,True
AD002405,-909.2638776722584,-909.5517882836662,129.52219814092146,baseline,"baseline,poi,lm",T3-L03,1,model,False
AD002407,4011.1068245521,322.08918012616743,91.29331495557207,street_key,"br,grid",T3-L05,1,model,False
AD002408,-1260.4779273555325,139.78231144273255,127.93672469294738,baseline,"baseline,grid,poi",T1-L05,1,model,False
AD002410,1204.9197262849914,-1144.400929847656,85.75967788464871,street_grid,"grid,br",T3-L08,1,oof_cv,False
AD002411,860.3552433207582,-856.1403648582565,815.0874940233012,baseline,"baseline,loccent,locgrp",T3-L08,1,model,False
AD002412,-2603.113921155252,-150.20238632265128,60.77375652682031,blend,"visit,grid,br",T3-L06,1,model,True
AD002413,2975.10969809226,-1917.8237627178994,70.35450645171119,own_visit,visit,T1-L11,1,model,True
AD002414,2918.859010521699,-1815.7439228594772,41.78820027067433,street_grid,"grid,visit,baseline",T1-L11,1,model,True
AD002415,-2665.258487834277,-35.52052073426917,64.44821993284523,street_grid,"grid,br,baseline",T3-L06,1,model,True
AD002416,-141.36961093840478,-3813.8208565446525,108.3507334656381,blend,"grid,br,poi",T3-L11,1,model,False
AD002417,-454.20889316623,-1551.7202182620833,63.12561636533058,street_grid,grid,T1-L12,1,model,False
AD002418,1439.6910986405665,-1539.7083674432495,1480.51509269133,locality_centroid,"loccent,baseline,locgrp",T1-L03,4,model,False
AD002419,2789.132319280534,-2362.6417737801426,54.9132480814253,street_grid,"grid,visit,baseline",T1-L11,1,model,True
AD002421,617.9628990617833,-2968.732344323238,823.4615743529137,baseline,"baseline,loccent,locgrp",T2-L01,1,model,False
AD002422,696.5935873044148,-3698.323207154926,317.84587154505886,landmark_poi,"poi,baseline",T3-L12,1,oof_cv,False
AD002423,-2772.6243836509434,1383.7381487075356,35.23008683527916,own_visit,visit,T3-L07,1,model,True
AD002424,-517.5700246230783,-3322.296489446444,22.503051538015274,own_visit,visit,T3-L11,1,model,True
AD002425,-3797.861976518761,-532.6374827079195,120.61352399917565,baseline,"baseline,poi,lm",T3-L01,1,model,False
AD002427,-512.5631395630855,-3401.6077606782396,116.70570451184152,street_key,"br,grid,lm",T3-L11,1,model,False
AD002428,1261.196083119734,-202.81899119488688,232.0135946086068,landmark_poi,"poi,lm",T2-L02,1,model,False
AD002429,-2190.5526934266927,-2616.812455279304,254.34871103603376,street_grid,"grid,lm",T1-L09,1,model,False
AD002430,2636.4678662542,-1991.0620612831626,63.08593334251616,street_grid,"grid,baseline,cm",T1-L11,1,model,False
AD002431,2835.0383059321716,-1216.6584050399981,31.391493563948153,own_visit,visit,T2-L10,1,model,True
AD002432,794.744759733625,2490.659631313877,102.12389145703915,baseline,"baseline,grid",T2-L08,1,model,False
AD002433,780.3207825240564,-2607.6513808499144,179.67625493472042,street_grid,"grid,poi,lm",T2-L01,1,model,False
AD002434,-2871.755602361278,1055.8479085352099,61.90576533960781,street_grid,"grid,cm",T1-L01,1,model,False
AD002435,1969.3838516046972,-1252.6034480578257,278.1612036637047,landmark_poi,"poi,grid,lm",T1-L06,1,model,False
AD002436,631.6930364954425,2821.610609861895,140.2159561991625,baseline,"baseline,grid,poi,lm",T2-L08,1,model,False
AD002437,1500.5403370543693,-2092.401649406102,139.41968977622903,street_grid,"grid,lm,poi",T2-L11,1,model,False
AD002438,2842.727813771518,795.7864004102647,242.50586741094088,landmark_poi,"poi,lm",T1-L08,1,model,False
AD002439,2894.917024223025,872.6481384925289,59.45145217501658,street_grid,grid,T1-L08,1,model,False
AD002440,1130.7894589811135,-1808.2152380715197,28.29615109873793,own_visit,visit,T2-L10,1,oof_cv,True
AD002441,-463.65383241237004,-533.6966889536902,28.365604883108933,own_visit,visit,T2-L09,1,model,True
AD002442,-2942.619959079962,880.7474809773507,67.08419401791453,street_grid,grid,T1-L01,1,model,False
AD002444,-2834.608825069234,1110.7992307295476,227.409730013294,own_visit,"visit,poi,lm",T1-L01,1,model,True
AD002445,840.5527356984552,-705.5832720679447,20.798620926644258,own_visit,visit,T3-L08,1,model,True
AD002447,918.304114156488,-785.3558124870809,77.67926328006047,street_grid,"grid,br",T3-L08,1,model,False
AD002448,-3744.5656504390304,-775.1424390553834,133.6117010443594,own_visit,visit,T3-L05,1,model,True
AD002449,2085.4161008511746,1724.0510373783138,255.03402031845656,landmark_poi,"poi,lm",T2-L04,1,model,False
AD002450,1075.1072575356034,-267.08106202188566,103.86795725491403,baseline,"baseline,grid,poi,lm",T2-L02,1,model,False
AD002451,-1456.694712462594,730.5149921531907,187.80671151893645,street_grid,grid,T1-L05,1,model,False
AD002452,-1387.6541843307393,-3332.7094261916654,214.96179189968444,street_grid,grid,T1-L02,1,model,False
AD002453,1361.8486368464564,-1879.8954268967386,25.710198100712578,own_visit,visit,T2-L11,1,model,True
AD002454,-2274.1185168368897,1178.4789147185597,110.73536583909471,blend,"grid,br,poi,lm",T3-L07,1,model,False
AD002456,2271.9674980776467,-1215.4349963241,155.79779869007498,baseline,"baseline,poi",T1-L06,1,model,False
AD002457,2680.374942204403,-1861.467024604653,39.18291517843349,street_grid,"grid,visit",T1-L11,1,model,True
AD002458,1022.8337370065867,-3122.925674529624,27.493939845195875,own_visit,visit,T2-L01,1,model,True
AD002459,1681.3290895009454,-2123.2444429278717,85.12569416292843,own_visit,"visit,baseline,grid,lm,poi",T2-L11,1,model,True
AD002461,2482.548198583206,-2346.423282120175,39.066029417036226,own_visit,visit,T1-L06,4,model,True
AD002462,2443.157929810244,-2408.3015562007,23.275205783609728,own_visit,visit,T1-L11,1,model,True
AD002463,697.4505654123675,-3390.127619454489,170.83553264753448,blend,"grid,poi,lm",T2-L01,1,model,False
AD002464,2954.825763391329,212.6058003004279,147.36031018294528,street_grid,"grid,poi,lm",T2-L06,1,model,False
AD002465,1907.7220314074636,1783.3110287430004,1394.2394263295953,locality_centroid,"loccent,baseline,locgrp",T2-L04,4,model,False
AD002466,1848.9244373040422,-2110.5319848068116,41.61087881090024,own_visit,visit,T2-L11,1,model,True
AD002467,2973.3390406626645,-2041.2474238188836,27.259960989245556,own_visit,visit,T3-L10,1,model,True
AD002468,-3072.036534048302,1469.3636997525693,30.204014539975656,own_visit,"visit,grid",T1-L01,1,model,True
AD002469,-510.520727200966,3005.3331166249072,226.83201001073502,blend,"poi,lm,br,lmbr",T3-L02,1,model,False
AD002470,2615.0532588828305,-1630.1769785013005,206.5668399637293,street_grid,"grid,poi,lm",T2-L10,1,model,False
AD002471,3421.699493391089,-2364.137995699871,25.10069413042583,own_visit,visit,T3-L10,1,model,True
AD002472,-3359.3593233476217,-1015.9400107570058,121.99473604932453,baseline,baseline,T3-L01,1,model,False
AD002473,1523.643080847483,-1669.8116081994576,172.73396998410556,street_grid,"grid,lm",T2-L11,1,model,False
AD002474,2905.4356769928195,801.8603982767632,144.91159247332553,street_grid,"grid,lm,poi",T2-L06,1,model,False
AD002475,1608.6255272001574,1576.2705453482479,502.42127557672956,landmark_poi,"poi,baseline,loccent",T2-L07,1,model,False
AD002476,1300.9837221349942,1193.8125208361378,317.21846501092665,landmark_poi,"poi,grid,baseline",T2-L07,1,model,False
AD002477,-2938.7556741393046,1562.7007122973318,148.89629841698144,street_grid,grid,T3-L07,1,model,False
AD002478,-863.0718860463843,-500.8294391455702,109.79750303876332,baseline,"baseline,lm,poi",T3-L03,1,model,False
AD002479,2847.60513127352,-2188.85693470579,22.694755544789672,own_visit,"visit,grid",T1-L11,1,model,True
AD002480,1626.3132322993208,-2079.6271962903375,25.425680008074856,own_visit,visit,T2-L11,1,model,True
AD002481,942.1749966996872,-848.9915414032454,813.471984194039,baseline,"baseline,loccent,locgrp",T3-L08,1,model,False
AD002482,-125.89201444535155,-483.26619600238496,2578.902621715768,locality_centroid,"loccent,baseline,locgrp",T3-L01,12,model,False
AD002483,829.4420605887752,-2853.198146311305,246.25942622588423,landmark_poi,"poi,lm",T2-L01,1,model,True
AD002484,2736.234342687268,-1970.7595792672387,50.65178538144671,street_grid,grid,T1-L11,1,model,False
AD002485,-2677.483713322322,-146.1560747247618,122.92144254752395,own_visit,visit,T3-L04,5,model,True
AD002486,3281.41583052142,-1963.2135468254203,821.7848375007388,baseline,"baseline,loccent,locgrp",T3-L10,1,model,False
AD002487,1173.7112603344397,2765.4935068003824,29.31388805614566,own_visit,visit,T2-L08,1,model,True
AD002488,1005.1172929852609,-351.08843669339205,21.864982630709868,own_visit,visit,T2-L02,1,model,True
AD002489,-409.74627308401887,-393.733461475799,92.79118178682286,own_visit,"visit,grid,poi,lm",T2-L09,1,model,True
AD002490,-838.3181827053788,-1410.395174987428,21.846036272045513,own_visit,visit,T1-L12,1,model,True
AD002491,-42.08564519167384,2590.1975159694916,52.1163231348588,street_grid,"grid,baseline",T1-L07,1,model,False
AD002492,-1045.6465895776378,-298.07517554822795,23.543141528998994,own_visit,visit,T2-L09,1,model,True
AD002493,-2362.732802368297,-97.3869973512188,43.705131934827065,street_grid,"grid,br",T3-L06,1,model,False
AD002494,-778.2070845724024,-996.7963857757943,55.189266582706324,street_grid,"grid,visit",T1-L12,1,model,True
AD002495,-1461.94058386087,-2219.343684981656,1288.5062271520753,locality_centroid,"loccent,baseline,locgrp",T1-L02,3,model,False
AD002496,-966.1805057543403,-3215.3515782776763,230.00113313964295,street_grid,"grid,poi",T1-L02,1,model,False
AD002497,-764.7032069264556,-772.8053618958081,213.3490450119815,landmark_poi,"poi,lm",T3-L03,1,model,False
AD002498,1141.663880614686,-3744.788776457805,840.620891396639,baseline,"baseline,loccent,locgrp",T3-L12,1,model,False
AD002499,852.7277683585493,2775.7005376341485,23.335624214324476,own_visit,visit,T2-L08,1,model,True
AD002500,959.4263787603163,1617.7172405283243,117.53464617167498,baseline,"baseline,br",T3-L09,1,model,False
AD002501,691.3747090929827,3024.6794320247245,25.41826910873102,own_visit,visit,T2-L08,1,oof_cv,True
AD002502,929.5162725274888,-3418.531592195741,27.029839226004775,own_visit,"visit,grid",T1-L04,1,model,True
AD002504,-2283.4639921883054,1301.2724133790873,22.627108205019614,own_visit,visit,T3-L07,1,model,True
AD002505,2943.068109565722,-2638.9633097595156,26.583117569227408,own_visit,"visit,grid",T1-L11,1,model,True
AD002506,885.1447397431177,-868.0157380960464,27.082834722042374,own_visit,visit,T3-L08,1,model,True
AD002508,227.1463206949607,2433.65816466285,45.881825568861174,street_grid,grid,T1-L07,1,model,False
AD002509,-2435.541248732885,-629.464306086594,42.456745069141796,own_visit,"visit,baseline",T3-L06,1,model,True
AD002510,-2791.431030126025,1551.0301756476474,32.486887583192434,own_visit,visit,T1-L10,1,model,True
AD002511,1794.6244838691116,-2126.6611552553786,1596.6372772996874,locality_centroid,"loccent,baseline,locgrp",T3-L08,3,model,False
AD002512,3908.0748782076957,516.1920595289567,279.41636317357006,landmark_group,"lm,baseline",T3-L05,1,model,False
AD002513,-755.1538697788225,-411.4870406004773,31.668549708249685,own_visit,visit,T3-L03,1,model,True
AD002514,744.320384731129,-3283.422551300084,25.553429338006765,baseline,"baseline,visit",T1-L10,1,model,True
AD002515,1808.393388042815,-708.9458828619115,25.38331913678785,own_visit,visit,T1-L06,1,model,True
AD002516,710.9524044247102,2615.925209153979,173.33903140752582,street_grid,"grid,poi,lm",T2-L08,1,model,False
AD002517,1527.884243379722,1614.638409687717,473.83172836190215,landmark_poi,"poi,baseline,grid,loccent",T2-L07,1,model,False
AD002518,-511.22528739124846,-3701.860037918487,152.95159113796439,street_key,"br,lm",T3-L11,1,model,False
AD002519,-246.6307258212965,2878.638195239207,27.45204359127266,own_visit,visit,T3-L02,1,model,True
AD002520,624.6304310824659,-848.8893887039322,33.366196455963774,own_visit,"visit,grid",T3-L08,1,model,True
AD002521,1572.362099056927,-2374.5645005934125,61.50775651669125,own_visit,"visit,grid",T2-L11,1,model,True
AD002522,-2338.922874006679,-92.27160981484322,23.401712964361305,own_visit,"visit,grid",T3-L06,1,model,True
AD002523,3137.038581031177,-2102.33267320625,824.5629271728673,baseline,"baseline,loccent,locgrp",T3-L10,1,model,False
AD002524,551.5455440846856,1672.3687102960316,838.2902425621006,baseline,"baseline,loccent,locgrp",T3-L09,1,model,False
AD002525,1081.1789095361835,3003.4639331991125,28.614813545682164,own_visit,visit,T2-L08,1,model,True
AD002526,1406.069614114724,-2116.157451776564,42.94701751233971,own_visit,visit,T2-L11,1,model,True
AD002527,960.1225354221748,2741.865859810518,813.508059632769,baseline,"baseline,loccent,locgrp",T2-L08,1,model,False
AD002528,-2989.1387666409105,-636.9006390965093,24.14058641999487,own_visit,visit,T3-L06,1,model,True
AD002529,2085.954964239393,960.5892743006359,1732.4045989884694,locality_centroid,"loccent,baseline,locgrp",T3-L05,2,model,False
AD002530,2883.5105681334194,-2273.479894261365,39.10793382131635,own_visit,visit,T1-L06,4,model,True
AD002531,1097.3759359016026,237.51789305198548,260.9342742848871,own_visit,visit,T2-L07,1,model,True
AD002532,-2586.013069858719,1742.0325662639264,40.3212721626154,own_visit,visit,T3-L07,1,model,True
AD002533,914.1418206430666,2772.6989866267927,108.67120141250025,baseline,"baseline,grid,poi,lm",T2-L08,1,model,False
AD002534,1046.7918870641704,-105.03932481206293,203.30492227940786,street_grid,grid,T2-L02,1,model,False
AD002535,2986.2996420177265,990.6893281756157,34.077431023340814,own_visit,visit,T2-L06,1,model,True
AD002536,2859.3806602835043,808.0507013916425,74.50227770659978,street_grid,"grid,baseline,cm",T1-L08,1,oof_cv,False
AD002537,2723.773199521501,-2372.1989966853944,215.78489466413822,own_visit,visit,T1-L03,4,model,True
AD002539,-2488.2294463348453,1263.8631065049876,22.20492904336306,own_visit,visit,T1-L01,1,model,True
AD002540,2478.443302671629,-1583.567862842774,39.61519018578575,own_visit,visit,T2-L10,1,model,True
AD002541,1283.5687806710987,158.2060594611734,32.39980731191684,own_visit,visit,T2-L02,1,model,True
AD002542,2993.6870135700865,-2310.905805803315,84.43260063037204,street_grid,"grid,br,lm,poi",T3-L10,1,model,False
AD002543,-676.7973323266743,-1304.6732491622734,57.18734224400826,street_grid,grid,T1-L12,1,model,False
AD002544,673.0498902284979,-2773.5392222944065,91.56404952158773,own_visit,"visit,poi,lm",T1-L04,1,model,True
AD002545,-2530.6206106669924,1381.7069457702337,29.373697465180715,own_visit,visit,T1-L10,3,model,True
AD002546,-2314.52533838583,-431.094209597026,23.52177855066846,own_visit,visit,T3-L06,1,model,True
AD002547,434.55895189756495,1494.0479015994601,241.41341012110712,landmark_poi,"poi,lm",T3-L09,1,model,False
AD002548,717.2242041170746,-2919.4855762731054,26.23665516495334,own_visit,"visit,grid",T1-L04,1,model,True
AD002549,871.442556271492,-1337.8439801011598,80.65434211168586,street_grid,"grid,br,poi",T3-L08,1,model,False
AD002550,2894.410028079797,560.8437182858453,23.86326933546412,own_visit,visit,T2-L06,1,model,True
AD002551,3442.1018867442485,504.99980325890795,154.83668714995412,own_visit,visit,T3-L10,1,model,True
AD002552,-2217.5839427166247,1325.937600616133,100.96281108698992,own_visit,visit,T3-L06,1,model,True
AD002553,3552.604170627686,-2268.941649525118,124.9623064460028,street_key,"br,poi,lm,lmbr",T3-L10,1,model,False
AD002555,2269.8790870858147,-1201.1595382092294,34.37190471155903,own_visit,visit,T2-L10,1,oof_cv,True
AD002556,-738.9136430791685,-1725.5498778150666,76.13840639814917,street_grid,grid,T1-L12,1,model,False
AD002557,1379.6551252616944,-3613.4524622422264,309.91224179190795,landmark_poi,"poi,baseline,loccent",T3-L12,1,model,False
AD002558,2365.75788218872,-2094.7182518524223,235.96571076107517,own_visit,"visit,lm",T1-L06,1,model,True
AD002559,-1959.6537641933012,2039.077854015257,740.941857643317,blend,"poi,baseline,loccent",T1-L10,1,model,False
AD002560,3205.5204307809668,718.0255651532491,26.495806721872615,own_visit,visit,T2-L06,1,model,True
AD002561,-506.6126981001936,1579.3911632509437,104.625781887168,baseline,"baseline,grid,poi",T2-L12,1,model,False
AD002562,1246.1495330581347,-1085.7296829597608,52.407551115832504,own_visit,"visit,grid,br",T3-L08,1,model,True
AD002563,-247.10028137113676,-3588.882215909523,118.08755103331946,baseline,"baseline,grid,lm",T3-L11,1,model,False
AD002564,-556.5408705273427,2923.2354263316633,170.54827199093916,own_visit,"visit,poi,lm",T3-L02,1,model,True
AD002565,2548.597047153852,1429.8855565940255,78.21289008601538,street_grid,"grid,baseline",T1-L08,1,model,False
AD002566,-2631.111944893961,-94.18255188199129,27.652287962887023,own_visit,"visit,grid",T3-L06,1,model,True
AD002567,-576.4231917363068,-526.8300709282956,219.81509272761338,landmark_poi,"poi,lm",T3-L03,1,model,False
AD002568,3161.7856433934007,332.4192879901945,28.16580992899594,own_visit,visit,T2-L06,1,model,True
AD002569,565.8116498952133,2951.331184628139,26.218217445666582,own_visit,visit,T1-L07,1,model,True
AD002570,2561.502459382447,1231.7416015554659,499.7511598498839,street_grid,"grid,baseline,loccent",T2-L04,1,model,False
AD002571,-2067.637839556807,-2380.484767439227,12.932511775381395,baseline,"baseline,visit",T1-L09,1,model,True
AD002572,1213.5942320307813,1447.1077812435385,277.3861503653178,landmark_poi,"poi,grid",T2-L07,1,model,False
AD002573,-2772.48988205167,1094.705132861443,59.993685920924925,street_grid,"grid,cm",T1-L01,1,model,False
AD002574,1798.9174999551583,-2199.9675837112,26.860582986387573,own_visit,visit,T2-L11,1,model,True
AD002575,2618.7657486532726,-1282.7997389033173,155.56751560669704,blend,"grid,poi,lm",T2-L10,1,model,False
AD002576,1380.2937020350562,-2232.223217935161,120.32055274548618,own_visit,"visit,grid",T2-L11,1,model,True
AD002577,-360.37675624319047,3059.3382681088274,241.18799187613092,landmark_poi,"poi,lm",T3-L02,1,model,False
AD002578,-2177.554584714643,1517.1362121910097,146.64375667169236,street_key,"br,grid,lm,poi",T3-L07,1,model,False
AD002579,-2004.625200814324,-2588.8596628450796,21.498634855662228,own_visit,visit,T1-L09,1,model,True
AD002580,-1544.8582543794535,-2999.8384191841124,226.03172339499037,street_grid,grid,T2-L05,1,model,False
AD002581,-461.3933734268729,3278.0725796608353,825.4217429441371,baseline,"baseline,loccent,locgrp",T3-L02,1,model,False
AD002582,-2362.058646742922,1691.930958542682,20.787236785043774,own_visit,visit,T3-L07,1,model,True
AD002583,3399.7708344750345,552.5014709441436,21.658887082889503,own_visit,visit,T2-L06,1,model,True
AD002584,1968.8333122552224,2071.2675917940833,28.711364424272404,own_visit,visit,T2-L04,4,model,True
AD002585,2453.540169610632,1312.1225896032468,184.09965657407764,baseline,"baseline,poi",T2-L04,1,model,False
AD002586,898.2260166434405,-769.038022815067,99.58726726888676,street_grid,"grid,br,poi",T3-L08,1,model,False
AD002587,3203.772517317001,-1937.463485990537,816.029912653119,baseline,"baseline,loccent,locgrp",T3-L10,1,model,False
AD002588,568.2288653234118,-3248.032328786836,26.602937549306038,own_visit,visit,T2-L01,1,model,True
AD002590,-2317.469252583284,-251.13451631391618,28.090495418349946,own_visit,"visit,grid",T3-L06,1,model,True
AD002591,-851.8081428107998,2831.7420889113573,119.16815865959528,baseline,"baseline,br,poi,lm",T3-L02,1,model,False
AD002592,4045.0827218722284,251.7418722952401,146.44745289738532,street_grid,"grid,lm",T3-L05,1,model,False
AD002593,2342.4407254514676,1218.5305324025956,24.282274168742216,own_visit,visit,T1-L08,1,model,True
AD002594,-1423.1643702799217,-2107.257830503122,162.72091728475067,street_key,br,T3-L04,1,model,False
AD002595,-649.1955131853825,-477.4516846602753,271.6239538571236,landmark_poi,"poi,baseline",T2-L09,1,model,False
AD002596,-786.5456924628945,2805.222105193255,26.08503065274543,own_visit,visit,T3-L02,1,model,True
AD002598,1467.6842001765317,-1989.0392539462796,174.54341905431528,street_grid,"grid,lm,poi",T2-L11,1,model,False
AD002599,984.0930272341229,-1074.432665736982,157.3289900833631,street_grid,"grid,poi,lm",T3-L08,1,model,False
AD002600,-2939.2624127527815,-606.8124865342568,91.1415647666946,street_grid,"grid,br,poi,lm",T3-L06,1,model,False
AD002601,1630.1247785986948,-774.6234635002631,722.8028226154912,landmark_poi,"poi,baseline,loccent",T2-L02,1,model,False
AD002602,-830.2788246047063,-760.3823230544424,110.87581587020344,baseline,"baseline,grid,lm,poi",T2-L09,1,model,False
AD002603,3716.122718614094,121.86262732202485,116.40203377905651,own_visit,visit,T3-L09,2,model,True
AD002605,-3025.9121567645548,-467.8641147439894,392.69270356625236,landmark_poi,"poi,lm",T3-L01,1,model,False
AD002606,1205.7416306387377,-178.47412251511452,55.62121939762965,street_grid,"grid,visit,cm",T1-L03,1,model,True
AD002607,-1953.9215671980535,1204.974188279236,1301.678722866744,locality_centroid,"loccent,baseline,locgrp",T1-L01,3,model,False
AD002608,-237.5287243842792,-894.7235368928276,69.47798677195492,street_grid,grid,T1-L12,1,model,False
AD002609,1011.1574789186152,-483.4755013010338,41.677685480870004,own_visit,visit,T3-L12,3,model,True
AD002610,3419.531438402927,-2241.9683078855674,93.67603740495957,baseline,"baseline,br,poi,lm",T3-L10,1,model,False
AD002611,2845.7110086085227,725.4047565695041,196.18267452360402,landmark_group,"lm,poi",T2-L06,1,model,False
AD002612,-1071.3641990642532,-3090.6216284503203,148.47253199279956,street_grid,"grid,cm",T1-L02,1,model,False
AD002613,726.3729573518631,-3571.0382070227643,27.20085268911597,own_visit,visit,T2-L01,1,model,True
AD002614,662.9710222151766,-819.0318850391345,31.812351512626524,own_visit,"visit,grid,br",T3-L08,1,model,True
AD002615,1151.818234563119,-3644.8364954485614,271.12052598769986,landmark_poi,"poi,baseline",T3-L12,1,model,False
AD002616,-424.6469911185125,-1367.9333475943956,63.210289432926864,street_grid,grid,T1-L12,1,model,False
AD002617,-2451.526560737444,1074.3674462234299,91.90078053774143,own_visit,"visit,br,grid",T3-L07,1,model,True
AD002618,2903.816220883804,-1244.6680024126997,26.862884433766503,own_visit,visit,T2-L10,1,model,True
AD002619,1040.1282721358582,1455.5157970841,688.8112386956514,blend,"grid,baseline,loccent,locgrp",T2-L07,1,model,False
AD002620,-730.7594683802107,-598.2465296105339,824.1730190563059,baseline,"baseline,loccent,locgrp",T3-L03,1,model,False
AD002621,843.723534382389,-3129.6189378692284,61.5925578606299,street_grid,"grid,baseline,visit",T1-L04,1,model,True
AD002622,-653.1555824191689,-644.1820374075332,156.43370887027154,street_grid,"grid,lm,poi",T2-L09,1,model,False
AD002623,2909.297561841749,-1799.8013491910456,24.246699539759135,own_visit,"visit,grid",T1-L11,4,model,True
AD002624,522.3279086199135,-3462.3022720117915,40.68848142075038,own_visit,"visit,grid",T1-L04,1,model,True
AD002626,3134.947065213351,479.0475176072143,20.95467993686354,own_visit,visit,T2-L06,1,model,True
AD002627,-4.462231526301551,-419.9819387847625,2596.2442456536214,locality_centroid,"loccent,baseline,locgrp",T3-L01,12,model,False
AD002628,741.1221758670134,-3027.6402533992937,224.1509357605956,street_grid,grid,T2-L01,1,model,False
AD002629,765.0448791355884,-3794.591977254416,165.30989870715345,street_key,"br,poi",T3-L12,1,model,False
AD002631,370.14487288169113,-3046.101543165765,56.33980052022132,street_grid,"grid,baseline",T1-L04,1,model,False
AD002632,735.5003061581046,-1187.9966856804485,28.12642809555679,own_visit,visit,T3-L08,1,model,True
AD002633,3175.2373404838563,731.9939029148874,26.900961190315957,own_visit,visit,T2-L06,1,model,True
AD002634,645.4851338748456,-3288.5880355089216,227.4706135993054,street_grid,"grid,lm",T2-L01,1,model,False
AD002635,3239.078622638897,-2182.391085099165,44.59939213534979,own_visit,visit,T3-L10,1,model,True
AD002636,-2397.2521502745503,1697.3984793755856,27.67927790121639,own_visit,visit,T3-L07,1,model,True
AD002637,-1063.0147151861356,-3189.2155892073474,89.13505670920244,baseline,"baseline,visit,grid",T1-L02,1,model,True
AD002638,2551.571970767411,-1546.5495966275619,263.49700420957544,street_grid,grid,T2-L10,1,model,False
AD002639,1022.3527471515154,3007.3500817927597,199.29041693991638,street_grid,grid,T2-L08,1,model,False
AD002640,571.3585942841186,-2944.5928378989775,49.64133021928014,street_grid,"grid,baseline",T1-L04,1,model,False
AD002641,-2829.041110933241,845.7830387424383,52.57240496305983,street_grid,"grid,visit",T1-L01,1,model,True
AD002642,2715.1968447641248,-1532.5259053866198,117.31586917510903,baseline,"baseline,grid",T2-L10,1,model,False
AD002643,-1107.5824338986333,-2160.3312937501264,297.6527409412879,landmark_poi,"poi,baseline",T3-L04,1,model,False
AD002645,2822.321392951774,1014.0310313203717,28.620929341945583,own_visit,visit,T1-L08,1,model,True
AD002647,1701.4133536371266,-2129.859271982192,1593.6660283007598,locality_centroid,"loccent,baseline,locgrp",T3-L08,3,model,False
AD002648,2401.484803450014,-880.935661805495,247.37187243714456,street_key,"br,lmbr,lm",T3-L10,1,model,False
AD002649,-649.74131799154,3232.708437129374,204.55571335797404,landmark_poi,"poi,lm",T3-L02,1,model,False
AD002650,1737.087596235204,-1675.9982415004033,30.670422351997928,own_visit,visit,T2-L11,1,model,True
AD002651,-910.778994342597,3384.6342481802244,36.421189365745924,own_visit,visit,T3-L02,1,model,True
AD002652,-996.7152543489574,-806.8255450445416,29.255553254687623,own_visit,visit,T3-L03,1,model,True
AD002653,557.4021721930268,1487.7310502222251,121.141358827856,baseline,"baseline,poi",T2-L07,1,model,False
AD002654,3816.6225122259166,197.61197895681562,22.352440958458963,own_visit,visit,T3-L05,1,model,True
AD002655,-2971.985178483297,-11.383724214774169,26.84964802034813,own_visit,visit,T3-L06,1,model,True
AD002656,-2311.743357594513,2056.7766654995708,32.289640035816596,own_visit,visit,T3-L07,1,model,True
AD002657,1497.9026728605363,-2454.7571009675667,189.6226671260043,street_grid,grid,T2-L11,1,model,False
AD002658,-1103.4015893988403,-739.3818147419443,71.40203538061589,street_grid,"grid,baseline,br",T3-L03,1,model,False
AD002659,-491.1010487257126,-320.2804431916354,255.12364705597042,landmark_poi,"poi,lm",T3-L03,1,model,False
AD002660,-2409.94706017624,-2251.227638767076,260.18658409848933,landmark_poi,"poi,grid",T1-L09,1,oof_cv,False
AD002661,1760.1435441737053,-1735.3730010354564,31.66488047209128,own_visit,visit,T2-L01,4,model,True
AD002662,-3815.1174618324576,-920.0131292773227,821.487437635609,baseline,"baseline,loccent,locgrp",T3-L01,1,model,False
AD002663,1562.9946588818596,-1968.9266045890618,213.85582995313825,own_visit,visit,T2-L01,1,model,True
AD002664,1236.5082850065396,-2400.184874755485,41.63793233754293,own_visit,visit,T2-L11,1,model,True
AD002665,-143.21179800612688,1123.4437742024727,23.36874172799377,own_visit,visit,T2-L12,1,model,True
AD002666,-1621.464034444101,-1526.9440758097255,1739.8371180668858,locality_centroid,"loccent,baseline,locgrp",T3-L01,5,model,False
AD002667,-1147.4630457749518,-625.3564069739551,22.851910072678482,own_visit,visit,T3-L03,1,model,True
AD002668,-1073.941623846481,292.54371278785413,227.24268987640613,landmark_poi,"poi,lm",T1-L05,1,model,False
AD002669,685.806041400253,2610.601603721088,35.96430257543027,own_visit,visit,T2-L08,12,model,True
AD002670,3165.4818778869476,173.94522611070937,40.198451832267665,own_visit,visit,T2-L04,1,model,True
AD002671,-229.35006090354474,1234.329948254469,25.362403235222644,own_visit,visit,T2-L12,1,model,True
AD002672,2126.484549718409,769.054741173774,55.87472172799543,street_grid,grid,T1-L08,1,model,False
AD002673,2600.733561647322,-2314.247742997505,33.666724953474464,own_visit,"visit,grid",T1-L11,1,model,True
AD002674,-1700.8127845543786,-1130.511618903336,1765.3879751418604,locality_centroid,"loccent,baseline,locgrp",T3-L01,5,model,False
AD002675,-663.5095110094682,3194.3880956836474,21.735927012351425,own_visit,visit,T3-L02,1,model,True
AD002676,3671.393554880802,478.83109440328417,70.18103472943318,own_visit,"visit,poi",T3-L05,1,model,True
AD002678,-3574.2859615248103,-893.7963515070911,395.89689636622523,landmark_group,"lm,baseline,loccent",T3-L01,1,model,False
AD002680,-1816.5517617650544,-1472.1563942898792,1730.883218694486,locality_centroid,"loccent,baseline,locgrp",T3-L01,5,model,False
AD002681,2716.335283592701,-1715.9208666527759,22.32214490345845,own_visit,"visit,grid",T1-L11,1,model,True
AD002682,718.568356644635,2436.098055757672,122.66497708269802,baseline,"baseline,grid,lm,poi",T2-L08,1,model,False
AD002683,1137.8173155066659,-2657.2499695298893,70.56793284974816,street_grid,"grid,baseline",T1-L04,1,model,False
AD002684,-2635.6596335639547,-494.09165752710675,61.757711609291576,street_grid,"grid,br",T3-L06,1,model,False
AD002685,3983.9237636294774,571.2222202751485,100.12683380627088,blend,"br,grid,visit,poi",T3-L05,1,model,True
AD002687,78.22106457700298,2632.1220974137423,21.07055910605811,own_visit,"visit,grid",T1-L07,1,model,True
AD002688,1680.2161505831557,-2290.3360990428278,49.919083692148995,own_visit,"visit,grid",T2-L11,1,model,True
AD002689,-1768.1697541170859,-2583.40010897636,183.53814720186088,street_grid,"grid,poi,lm",T2-L05,1,model,False
AD002690,1588.4939986943516,-2082.97494598766,20.608366186590906,own_visit,visit,T2-L11,1,model,True
AD002691,3168.0865509095056,-2089.589762021082,68.34244765043783,street_grid,"grid,visit",T1-L11,4,model,True
AD002692,-513.5484727264337,-3402.159069682679,116.5526341120933,street_key,"br,grid,lm",T3-L11,1,model,False
AD002693,-423.2587479808734,-141.2922840259203,163.85165108129664,street_grid,"grid,poi,lm",T2-L09,1,oof_cv,False
AD002694,1193.4683954464729,-2326.549442487798,1424.0575044907869,locality_centroid,"loccent,baseline,locgrp",T2-L01,4,model,False
AD002695,2931.6651620436533,754.4953931771139,108.69814350579892,baseline,"baseline,grid",T2-L06,1,model,False
AD002696,-2441.234516930856,1354.7604121659908,179.92534732523515,blend,"lm,poi,visit",T3-L07,1,model,True
AD002697,833.3761142601195,2128.5115951762377,22.79785430787238,own_visit,visit,T1-L07,1,model,True
AD002698,-1812.1027962823457,1981.0119229443887,121.98704455295896,baseline,baseline,T1-L10,1,model,False
AD002699,1003.028411162868,-386.10739601420795,219.2757874717716,street_grid,grid,T2-L02,1,model,False
AD002700,-1464.5069338664737,-2101.075940280222,134.8864006142516,baseline,"baseline,poi,lm",T3-L04,1,model,False
AD002701,808.0646504662136,2958.411682590877,41.232878670052145,own_visit,visit,T2-L07,4,model,True
AD002702,305.04048613310755,-3230.64534711495,24.359266877848434,own_visit,visit,T2-L01,1,model,True
AD002703,404.54905432834715,-3238.8446075598094,139.9742193393463,baseline,"baseline,grid",T2-L01,1,model,False
AD002704,903.2925783844557,109.97912133022388,28.250068314251376,own_visit,visit,T2-L02,1,model,True
AD002705,-500.34463900462504,3313.6108445917002,186.80988395028487,street_grid,grid,T2-L03,1,model,False
AD002706,1203.8786030867348,203.18013689043383,21.98652447485618,own_visit,"visit,grid",T1-L03,1,model,True
AD002707,2463.8534076173414,-2339.312987679876,97.63911575253348,own_visit,visit,T1-L06,4,oof_cv,True
AD002708,-1174.3515130641113,-619.1544904270552,22.417556183458615,own_visit,visit,T3-L03,1,model,True
AD002709,2441.8355407526174,-2331.691058533919,20.286925094240193,own_visit,"visit,grid",T1-L11,1,model,True
AD002710,-1141.3394203735006,-1976.4774851412292,271.4424330388057,landmark_poi,"poi,baseline",T3-L04,1,model,False
AD002711,1201.2929580789046,-3196.6508715101922,86.18728641113746,street_grid,"grid,visit,cm",T1-L04,1,model,True
AD002712,-749.145442820664,-3731.2905040848786,31.316066930636183,own_visit,visit,T3-L11,1,model,True
AD002713,-2587.093805647826,-218.90788441535264,100.49671112002497,street_grid,grid,T3-L06,1,model,False
AD002714,3133.8443940955526,-1971.4692915205737,815.349459699226,baseline,"baseline,loccent,locgrp",T3-L10,1,model,False
AD002715,1047.458756650317,-3182.615452352149,72.62642555920833,street_grid,grid,T1-L04,1,model,False
AD002716,-1089.7983530329714,-1808.22913246611,1445.8527062330645,locality_centroid,"loccent,baseline,locgrp",T2-L05,2,model,False
AD002717,2537.6666631534754,-1156.1700530448995,822.5750017537047,baseline,"baseline,loccent,locgrp",T2-L10,1,model,False
AD002718,-205.36665946704963,2767.923747332656,111.3063841966616,street_key,"br,grid",T3-L02,1,model,False
AD002719,-700.5358628742455,-424.7292946329408,33.633079683367704,own_visit,visit,T2-L09,1,model,True
AD002720,-640.3794992044501,-3635.8584913845266,144.51195482002498,own_visit,"visit,poi,lm",T3-L11,1,model,True
AD002721,-1789.9713369917174,2215.1398899000174,277.773580166058,landmark_poi,"poi,baseline",T1-L10,1,oof_cv,False
AD002722,-888.0143331404291,-3795.364778725912,102.8453831225715,own_visit,visit,T3-L04,5,model,True
AD002723,-1242.4562801212928,-2745.477007771655,117.12021866825049,own_visit,"visit,grid",T2-L05,1,model,True
AD002724,-1897.723945070727,-3183.7034244198485,39.39186639367026,own_visit,visit,T2-L05,1,model,True
AD002725,1061.7736740018267,2901.881679060198,188.5624861701201,street_grid,"grid,lm",T2-L08,1,model,False
AD002726,1025.5298484934754,1421.7467365780062,695.699425253414,blend,"grid,baseline,loccent,locgrp",T2-L07,1,model,False
AD002727,801.1403886259151,114.76326772971859,22.509493546312147,own_visit,"visit,grid",T1-L03,1,model,True
AD002728,801.3665213699022,3045.2487805913374,65.36132617692483,own_visit,"visit,grid",T2-L08,1,model,True
AD002729,412.0546818406759,2568.214269512506,47.0091283402376,street_grid,grid,T1-L07,1,model,False
AD002730,1284.148421664661,687.3909888548791,50.582174140977244,own_visit,visit,T3-L12,3,model,True
AD002731,872.4476091760034,1614.0609255460686,68.75178575483373,own_visit,"visit,baseline",T3-L09,1,model,True
AD002732,-194.3030203078144,1653.3414521320956,259.4386257391389,landmark_poi,"poi,lm",T2-L12,1,model,False
AD002733,1213.2855415702463,2807.7293378224067,311.44768463137746,landmark_group,"lm,baseline,loccent",T2-L08,1,model,False
AD002734,732.0729583268871,2648.3072355829604,176.26075509314842,street_grid,"grid,poi,lm",T2-L08,1,model,False
AD002735,3574.675434158511,-35.73447667519197,72.75702384899097,street_grid,"grid,visit,br",T3-L05,1,model,True
AD002736,1329.2078812805025,-4037.279270806684,247.66325693458427,landmark_poi,"poi,lm",T3-L12,1,model,False
AD002737,3602.0359968931134,171.93274656433388,37.16025556403233,own_visit,visit,T3-L05,1,model,True
AD002738,-1343.4890537973558,55.53430883812052,146.30813214479926,street_grid,"grid,poi,lm",T1-L05,1,model,False
AD002739,663.912851230937,-766.2388755111378,201.2077202252343,landmark_group,"lm,poi",T3-L08,1,oof_cv,False
AD002740,-2649.9256004879076,1525.3203846585666,79.96410267774986,street_grid,grid,T1-L01,1,oof_cv,False
AD002741,739.115030023272,-111.11911941537336,27.732399658419308,own_visit,visit,T2-L02,1,model,True
AD002742,756.0455858481112,-2584.830611694503,197.6093499589099,blend,"grid,poi,lm",T2-L01,1,model,False
AD002743,-1133.1503069026176,-1974.1781661290504,271.71336378237396,landmark_poi,"poi,baseline",T3-L04,1,model,False
AD002744,2131.5000131839406,834.1095003923274,21.345596453537183,own_visit,"visit,grid",T1-L08,1,model,True
AD002746,2582.0868876758564,-2301.49752706858,54.3763326300678,street_grid,"grid,cm",T1-L11,1,model,False
AD002748,1157.1256315169933,-1877.053943914495,35.40506243861643,own_visit,visit,T2-L11,1,model,True
AD002749,-958.2978235354152,-810.5662801154879,32.786718917419655,own_visit,visit,T2-L09,1,model,True
AD002750,611.284019667178,2897.9275652696697,29.634734978783992,own_visit,visit,T2-L08,1,model,True
AD002751,3094.96197419459,443.7999003634292,58.78047041662099,own_visit,visit,T2-L06,1,model,True
AD002752,1333.4056924343429,1183.2195245260052,306.263557789437,landmark_poi,"poi,baseline,grid",T2-L07,1,model,False
AD002753,3936.3667400733957,610.3268938072401,118.33029443730534,street_grid,"grid,br,poi,lm",T3-L05,1,model,False
AD002754,-83.48189425199712,3297.57429220565,174.36498561604336,street_key,"br,poi",T3-L02,1,model,False
AD002755,-3818.5640625986134,-1043.99282600632,23.362965085600823,own_visit,visit,T3-L01,1,model,True
AD002756,-2544.9080825355504,1415.8187359944736,42.44116997748209,own_visit,visit,T3-L02,2,model,True
AD002757,2403.899616077348,-2152.544359525169,25.58923682090377,own_visit,"visit,grid",T1-L11,1,model,True
AD002758,-2877.986927352706,-531.1055587063803,103.9190950332169,street_grid,"grid,poi,lm",T3-L06,1,model,False
AD002759,1119.7269212008787,-3630.022252552084,835.9339257403475,baseline,"baseline,loccent,locgrp",T3-L12,1,model,False
AD002760,-515.611267472653,-3677.474461087318,124.18665889078413,street_key,"br,poi,lm,lmbr",T3-L11,1,model,False
AD002761,-3613.1284971618493,-815.8275814619681,21.00349846816373,own_visit,visit,T3-L01,1,model,True
AD002762,-1260.9087813564777,65.81916036144072,21.771013374689286,own_visit,visit,T1-L05,1,model,True
AD002763,1799.8164598814635,-2200.5308863582327,27.01416743764585,own_visit,visit,T2-L11,1,model,True
AD002764,732.1442849946269,-3457.6635278950253,23.47939503695432,own_visit,visit,T1-L04,1,model,True
AD002765,895.0571352059429,-491.0686314757214,25.686269441882995,own_visit,"visit,grid",T1-L03,1,model,True
AD002766,2778.9563706024237,-1914.1227056402588,20.34784075148547,own_visit,"visit,grid",T1-L11,1,model,True
AD002767,-2089.136897956065,1372.9526226827252,1311.660017183727,locality_centroid,"loccent,baseline,locgrp",T1-L01,3,model,False
AD002768,-81.25590400897254,-3324.6927730382267,101.23541088620485,blend,"baseline,grid,br,poi",T3-L11,1,model,False
AD002769,207.60407483040385,1800.7491755499743,158.06501401456737,street_key,br,T3-L09,1,model,False
AD002770,-1653.4683501831923,-2922.69587805453,219.96103509759686,street_grid,"grid,lm",T2-L05,1,model,False
AD002771,2346.432824397786,-2216.9511688688576,187.80796795547394,own_visit,visit,T1-L04,4,model,True
AD002772,2534.545158768591,-925.9286848172497,42.994283135150084,own_visit,visit,T2-L10,1,model,True
AD002773,-983.408573420459,-3133.7319149714676,822.9377753595968,baseline,"baseline,loccent,locgrp",T1-L02,1,model,False
AD002774,1200.927846553676,-172.92163873099759,284.92145575414804,landmark_group,"lm,baseline",T1-L03,1,model,False
AD002775,975.5876308869574,-2600.5387018622628,77.13860498825713,street_grid,grid,T1-L04,1,model,False
AD002776,-938.0904677184874,-1905.3235721301733,275.0684824430244,landmark_poi,"poi,baseline",T3-L04,1,model,False
AD002777,984.0318843602682,766.1051686360045,145.38266968869556,baseline,baseline,T2-L07,1,model,False
AD002778,-522.7860157244667,2978.3822825101197,27.213184639612845,own_visit,visit,T3-L02,1,model,True
AD002779,-2132.4109476165495,-2433.401573722591,209.35621777021063,landmark_poi,"poi,lm",T1-L09,1,model,False
AD002781,3015.063096531111,-2673.0203066847653,59.84414762290455,street_grid,grid,T1-L11,1,model,False
AD002782,1185.638427696492,-3701.921140172108,841.864455335295,baseline,"baseline,loccent,locgrp",T3-L12,1,model,False
AD002783,2844.480735862951,-2359.5693495957003,199.24935801305844,landmark_group,"lm,poi",T1-L11,1,model,False
AD002784,-671.8157329125087,-743.8808846720983,129.36534852715428,blend,"grid,visit,lm,poi",T2-L09,1,model,True
AD002785,2952.6076294752233,-2032.0021166891704,103.65368526663487,street_key,br,T3-L10,1,model,False
AD002786,-2862.2283528924004,1538.2816829183387,229.7828184694169,landmark_poi,"poi,lm",T3-L07,1,model,False
AD002787,753.3225810484511,-3296.0272626796736,212.68013870015199,street_grid,"grid,poi,lm",T2-L01,1,model,False
AD002788,574.9815032413549,2568.742090696233,25.645391407674648,own_visit,visit,T2-L08,1,model,True
AD002789,-2582.3824738423295,1795.9007478488388,109.47475844101346,blend,"br,grid,lm",T3-L07,1,model,False
AD002791,-84.25271725048879,-342.3715209765366,2598.5423357925165,locality_centroid,"loccent,baseline,locgrp",T3-L01,12,model,False
AD002792,-1096.3991911826868,886.6355206763853,181.78522004192254,street_grid,"grid,poi",T1-L05,1,model,False
AD002793,-813.9414807207861,-125.57537142503118,47.153705515455556,own_visit,visit,T1-L10,3,model,True
AD002794,1625.9381596861194,-2310.9488193934358,37.51593993551376,own_visit,visit,T2-L11,1,model,True
AD002795,374.6871379529394,2714.5286909002452,45.376699193976485,street_grid,grid,T1-L07,1,model,False
AD002796,846.3480823856893,3186.0601073405205,160.35535482079328,own_visit,visit,T2-L07,12,model,True
AD002798,1349.914108866612,2760.546768136596,35.30530022700703,own_visit,visit,T2-L08,1,model,True
AD002799,3488.0300757110313,-18.66822589173884,29.932823786182492,own_visit,"visit,grid",T3-L05,1,model,True
AD002800,-4015.9506127099885,-1039.2387258426995,91.8371567326127,baseline,"baseline,br,poi,lm",T3-L01,1,model,False
AD002801,-755.5362434017418,-1701.75787478418,29.655126626916065,own_visit,"visit,grid",T1-L12,1,model,True
AD002802,686.3127789740964,-2777.8636519696297,19.83337278046927,own_visit,"visit,grid",T1-L04,1,model,True
AD002803,-123.33551999700191,-1507.8407073528008,74.99621586763973,street_grid,"grid,poi",T1-L12,1,model,False
AD002804,-510.5637121717602,3096.024081001158,822.1633136031335,baseline,"baseline,loccent,locgrp",T3-L02,1,model,False
AD002806,2844.87489625793,-1783.248185143355,29.840297662884446,own_visit,"visit,grid",T1-L11,1,model,True
AD002807,1587.6344375862157,-1015.4920723340452,28.313505603735017,own_visit,visit,T1-L06,1,model,True
AD002808,2504.2155816908694,-2267.588226165357,64.78805009675618,street_grid,"grid,visit,cm",T1-L11,1,model,True
AD002809,2172.130820443398,-924.4337733650952,24.925322963043715,own_visit,visit,T1-L06,1,model,True
AD002811,-2.5628074318032605,1589.0993509375965,518.3386944214399,landmark_poi,"poi,baseline",T2-L03,1,model,False
AD002812,-1037.2000385628694,-1012.5466787020073,31.285602872426423,own_visit,"visit,grid",T1-L12,1,model,True
AD002813,-1088.7136575476168,156.74534121093012,22.479939292015345,own_visit,visit,T1-L05,1,model,True
AD002814,-887.9319381676831,-3559.536408926977,16.192813609638858,baseline,"baseline,visit",T1-L02,1,model,True
AD002815,1624.5994266246491,-1745.500387160731,1468.7695251156579,locality_centroid,"loccent,baseline,locgrp",T1-L03,4,model,False
AD002816,-1446.4919307888895,2414.84028033123,1428.4998836607078,locality_centroid,"loccent,baseline,locgrp",T3-L02,2,model,False
AD002817,1307.8631821169863,-950.3794817278826,234.69919258233975,landmark_poi,"poi,lm",T3-L08,1,model,False
AD002818,808.9766331396153,2107.7774849954703,120.7559671274814,own_visit,"visit,poi,lm",T1-L07,1,model,True
AD002819,1357.0759361094313,-964.4912030386895,279.76193337230023,own_visit,visit,T3-L10,3,model,True
AD002820,1773.6930137895256,-1868.549550817138,130.95311104528128,own_visit,"visit,grid,lm",T2-L11,1,model,True
AD002821,1429.5187343421771,-2135.2612648179743,140.68112109123348,blend,"grid,visit,poi,lm",T2-L11,1,model,True
AD002822,920.9983828229848,-510.73883150202744,116.69706490644377,baseline,"baseline,grid",T3-L08,1,model,False
AD002823,-1700.1851669453154,-2505.5019530267855,242.41074092175572,street_grid,grid,T2-L05,1,model,False
AD002824,1148.1637000501248,2659.798654722047,208.5835575674209,landmark_poi,"poi,lm",T2-L08,1,model,False
AD002825,727.3780749947689,-3145.5404283339853,28.205397358803147,own_visit,"visit,grid",T1-L04,1,model,True
AD002826,103.97847833253391,1676.6031791126854,279.17692088614655,landmark_poi,"poi,baseline",T2-L12,1,oof_cv,False
AD002827,-1393.7496984460274,642.3872978924793,156.80830286611027,street_grid,"grid,poi",T1-L05,1,model,False
AD002828,-2992.8653241089737,724.6724030581926,41.31182623170644,own_visit,visit,T1-L10,3,model,True
AD002829,-2372.420710193028,-116.46525320729252,20.92658031221549,own_visit,"visit,grid",T3-L06,1,model,True
AD002830,3401.1680601175804,-2203.1593485346584,239.2937719448048,landmark_poi,"poi,lm",T3-L10,1,model,False
AD002831,860.6569292876983,2453.291301058846,158.11851957129946,street_grid,"grid,lm,poi",T2-L08,1,model,False
AD002832,2690.9171596486485,-1020.4361894449257,26.2910594275074,own_visit,visit,T2-L10,1,model,True
AD002833,-257.0372347986022,1378.4176076306078,828.4372274871959,baseline,"baseline,loccent,locgrp",T2-L12,1,model,False
AD002834,1725.0364875823593,1664.1996774330769,1380.4734852857605,locality_centroid,"loccent,baseline,locgrp",T2-L04,4,model,False
AD002835,2926.9875577750754,-2516.6172185705573,253.34283894511807,landmark_group,lm,T1-L11,1,model,False
AD002836,1573.2052456430456,-1598.3918487795154,1458.233882084831,locality_centroid,"loccent,baseline,locgrp",T1-L03,4,model,False
AD002837,738.1215573689145,-3294.708662429821,61.84896425070325,street_grid,grid,T1-L04,1,model,False
AD002838,2730.152337168634,-1134.7429325131438,113.43740485112077,baseline,"baseline,grid,poi,lm",T2-L10,1,model,False
AD002839,-535.7418550015935,-237.01455768629657,191.65157658049586,street_grid,"grid,lm",T2-L09,1,model,False
AD002840,925.974655641944,-11.693920763187425,64.21741395730939,street_grid,grid,T1-L03,1,model,False
AD002841,2382.7892982705753,-618.3256719588876,23.440825820219438,own_visit,visit,T1-L06,1,model,True
AD002842,-864.2474406376006,-3.2262333370475758,28.88003174790851,own_visit,visit,T2-L09,1,model,True
AD002843,-254.19869224014658,-570.7540546569827,174.80672521775102,baseline,"baseline,grid",T2-L09,1,model,False
AD002844,700.1870213656199,-3057.8495068202105,819.9782874026737,baseline,"baseline,loccent,locgrp",T2-L01,1,model,False
AD002845,-2280.9809399224637,-2759.923986244825,116.93642409116704,baseline,"baseline,grid",T1-L09,1,model,False
AD002846,2335.297366746359,1358.0194868443834,58.301838354861104,street_grid,grid,T1-L08,1,model,False
AD002847,1340.2803578669893,-1025.2739866637883,133.35295069028697,street_key,"br,poi,lm,lmbr",T3-L08,1,model,False
AD002848,959.7933218627062,-817.2152962422151,91.43061801354789,own_visit,"visit,grid,poi",T3-L08,1,model,True
AD002849,1658.4096473456045,-2374.5911514081076,66.26101261168485,own_visit,"visit,grid",T2-L11,1,model,True
AD002850,663.9651281466305,2894.8111921237273,57.222526782918855,street_grid,"grid,baseline",T1-L07,1,model,False
AD002851,-521.0270895629852,-338.01397050036024,119.91557102406367,baseline,"baseline,grid,poi,lm",T2-L09,1,model,False
AD002852,-286.20279070884453,2832.2508240051366,29.635970656277596,own_visit,visit,T3-L02,1,model,True
AD002853,-210.45764696771676,1219.435116841297,178.26184942944195,street_grid,grid,T2-L12,1,model,False
AD002854,1502.333428818951,-2087.6116859686485,141.9898928764256,street_grid,"grid,lm,poi",T2-L11,1,oof_cv,False
AD002855,2872.999715914338,1083.4569287300624,84.29936919195306,street_grid,grid,T1-L08,1,model,False
AD002856,1634.4722764721027,-1675.7137943137773,1460.3063326133602,locality_centroid,"loccent,baseline,locgrp",T1-L03,4,model,False
AD002857,1211.2762449819195,-541.9420743894943,336.6018099255218,landmark_group,"lm,baseline,loccent",T3-L08,1,model,False
AD002858,1149.405143402106,-2874.414314314071,39.52453825918946,own_visit,"visit,grid",T1-L04,1,model,True
AD002859,962.2274484750575,2837.272267719078,814.6004411777573,baseline,"baseline,loccent,locgrp",T2-L08,1,model,False
AD002860,4024.248525054874,252.60242128531726,137.55932754735917,street_grid,"grid,lm",T3-L05,1,model,False
AD002861,142.86853434910648,2576.978478268216,24.948069385149108,own_visit,"visit,grid",T1-L07,1,model,True
AD002862,3381.085142881995,-1869.6680728594179,28.268220660510273,own_visit,visit,T3-L10,1,model,True
AD002863,-341.75724091659055,-3299.8375824951677,118.05150521612744,street_key,"br,grid,poi",T3-L11,1,model,False
AD002864,-1699.0072814133837,-1552.9993538961526,1737.9783081322942,locality_centroid,"loccent,baseline,locgrp",T3-L01,5,model,False
AD002865,-3031.7111227792852,-245.5034103523062,22.46848297880099,own_visit,visit,T3-L06,1,model,True
AD002866,4008.2666028377275,645.660821586042,23.34539685994035,own_visit,visit,T3-L05,1,model,True
AD002867,-2335.3999198776046,1724.391937786015,23.569223679539203,own_visit,visit,T3-L07,1,model,True
AD002868,-323.9651348132464,-1010.1111501715044,68.72020979100934,street_grid,grid,T1-L12,1,oof_cv,False
AD002869,-1114.7225368632983,-574.2628909631383,197.32123361163212,street_key,"br,poi,lm",T3-L03,1,model,False
AD002870,1496.3583735565896,-2259.5664786419,27.23598012729074,own_visit,visit,T2-L11,1,model,True
AD002871,883.4460470343396,-1177.8771454927492,79.34113805184352,street_grid,"grid,baseline",T3-L08,1,model,False
AD002872,3254.9390800165056,298.41706716633576,90.92594149544433,own_visit,"visit,grid",T2-L06,1,model,True
AD002873,-2671.609702645792,-599.3928486201305,145.13705820167536,street_grid,"grid,poi,lm",T3-L06,1,model,False
AD002874,3563.5470294694364,-17.684794478455885,63.00658314263539,street_grid,"grid,br",T3-L05,1,model,False
AD002875,1389.1532589713215,263.72625352028865,38.78654664342306,own_visit,"visit,grid,baseline",T1-L03,1,model,True
AD002876,533.2327314292852,-3372.538023602588,75.3771219640732,street_grid,"grid,cm",T1-L04,1,model,False
AD002877,-630.7410586839987,-483.6808855665347,22.324125432623937,own_visit,visit,T3-L03,1,model,True
AD002878,2467.2801597396224,-707.0405650130152,29.33948620327928,own_visit,visit,T2-L10,1,model,True
AD002879,2565.9560490866456,-1493.411101224268,250.6744294388356,street_grid,grid,T2-L10,1,model,False
AD002880,-451.01477038705457,2927.6527912625434,21.329641775279978,own_visit,visit,T3-L02,1,model,True
AD002881,1575.6315233393111,1617.1854584217565,1467.4460492144099,locality_centroid,"loccent,baseline,locgrp",T1-L07,2,model,False
AD002882,1202.5562868732154,-327.23570119032775,28.650237914105876,own_visit,visit,T1-L06,4,model,True
AD002883,1047.685211322042,-3182.2981882190993,72.54244732201337,street_grid,grid,T1-L04,1,model,False
AD002884,-377.134760797825,-3301.987257146595,11.72712298319981,baseline,"baseline,visit",T3-L11,1,model,True
AD002886,1055.3344207053497,-3254.0585700029396,77.27399484177245,street_grid,grid,T1-L04,1,model,False
AD002887,2573.040356973536,850.006058552005,247.9722745811299,landmark_poi,"poi,lm",T1-L08,1,model,False
AD002888,2944.0656514759958,933.2887481189226,163.9777646671907,street_grid,"grid,poi",T2-L06,1,model,False
AD002889,4068.5507473734565,108.14180101504664,109.4259725667425,street_key,"br,grid,lm,lmbr",T3-L05,1,oof_cv,True
AD002890,-2363.9319111265663,1240.2681345397607,33.35127191590573,own_visit,visit,T3-L07,2,model,True
AD002891,593.4051650120233,-896.1834536802886,30.06022012638241,own_visit,"visit,grid",T3-L08,1,model,True
AD002892,-2212.9887488410563,1639.4826924950414,127.31057954830452,street_key,"br,grid",T3-L07,1,model,False
AD002893,1602.6698025567187,-2383.4342166219894,161.75950173400386,street_grid,"grid,lm,poi",T2-L11,1,model,False
AD002894,433.7177822347905,1490.6941332902215,240.6225556680931,landmark_poi,"poi,lm",T3-L09,1,model,False
AD002896,1079.6034193886057,-440.5570256865166,61.846830748155725,own_visit,"visit,br,grid",T3-L08,1,model,True
AD002898,-418.0905246818088,-3532.350481774322,818.1870327169399,baseline,"baseline,loccent,locgrp",T3-L11,1,model,False
AD002899,2917.8256811762753,726.4135311447911,190.50679632631736,street_grid,"grid,lm",T2-L06,1,model,False
AD002900,3433.421500837137,-1705.2049946129414,195.3313838578279,street_grid,grid,T3-L10,1,model,False
AD002901,899.1941737183862,-1241.8115212527143,40.64905673928897,own_visit,"visit,grid,baseline,br",T3-L08,1,model,True
AD002902,-323.97887710931633,2951.7540636869976,224.70888382037896,street_grid,grid,T3-L02,1,model,False
AD002903,-2246.8944447088493,1653.1827739826317,23.46815755413487,own_visit,visit,T3-L07,1,model,True
AD002904,2624.5345743694884,-1947.1631077160991,101.95508937784037,own_visit,visit,T1-L11,1,model,True
AD002905,1212.4652126710491,-774.542631991972,175.68142561473408,street_grid,"grid,poi,lm",T3-L08,1,model,False
AD002906,-344.2922237813049,-651.9327202032657,28.003411347845123,own_visit,visit,T2-L09,1,model,True
AD002907,1083.7493391447315,2669.37319999131,96.73381551618226,own_visit,"visit,lm,poi",T2-L08,1,model,True
AD002908,2815.2476442325265,-2268.9825900286182,57.705025901523854,street_grid,"grid,baseline,cm",T1-L11,1,model,False
AD002910,-918.2250929321594,-978.7917534022622,65.53952247777134,street_grid,grid,T1-L12,1,model,False
AD002911,2887.6656086525154,-2199.0299262049193,35.79067068596447,own_visit,"visit,grid",T1-L11,1,model,True
AD002912,2329.292948490634,538.2594656036956,257.66843004929257,own_visit,"visit,grid",T2-L04,4,model,True
AD002913,-516.9001243254905,1512.3381759757708,27.05578988647178,own_visit,visit,T2-L12,1,model,True
AD002914,-525.479777276988,-1787.6340173030526,50.109037965186864,own_visit,visit,T1-L05,1,model,True
AD002915,-245.2327324483703,-232.9206271021788,282.81252874217364,landmark_poi,"poi,baseline",T2-L09,1,model,False
AD002916,-348.3642181027419,-3802.2543901145173,21.808290671133616,own_visit,visit,T3-L11,1,model,True
AD002917,-741.0643591699898,-2958.3517297185936,155.6027800595942,street_grid,"grid,poi,lm",T1-L02,1,model,False
AD002918,2662.5355600333887,-2134.6270440207113,195.29632817868418,landmark_group,"lm,poi",T1-L11,1,model,False
AD002920,2730.0771460805463,-2562.357345329,26.997392115779917,own_visit,"visit,grid",T1-L11,1,oof_cv,True
AD002921,-2742.492864045785,1291.788676976847,96.66455386484556,street_grid,"grid,br",T3-L07,1,model,False
AD002922,771.8452827195293,-2691.174084352734,51.72738226074102,street_grid,"grid,visit,cm",T1-L04,1,model,True
AD002923,2453.666817826653,-2331.400562552495,49.252786325650256,street_grid,"grid,cm",T1-L11,1,model,False
AD002924,1646.458823751581,-558.041080364806,334.1296246609943,blend,"lm,grid,poi,baseline,loccent",T1-L06,1,model,False
AD002925,2597.2611167362784,-1987.438833593541,30.451651874565712,own_visit,"visit,grid",T1-L11,1,model,True
AD002926,-3641.564974104349,-872.0649911126217,824.2221052175636,baseline,"baseline,loccent,locgrp",T3-L01,1,model,False
AD002927,-1870.6857266304028,-1168.084761854731,1765.899015281067,locality_centroid,"loccent,baseline,locgrp",T3-L01,5,model,False
AD002928,1163.3337686332657,-3181.778255440005,26.830963181151578,own_visit,"visit,grid",T1-L04,1,model,True
AD002929,1380.0898632081892,-511.657672429997,106.23231355140676,street_grid,"grid,poi",T1-L03,1,model,False
AD002930,-888.699581133084,2811.1088122843657,175.14282722092833,street_grid,"grid,poi,lm",T2-L03,1,model,False
AD002931,2771.4388247417655,-1137.0584292910874,224.53544375375907,street_grid,"grid,lm",T2-L10,1,model,False
AD002932,-603.9642128659387,-3615.829602602818,128.6772674394599,own_visit,"visit,poi,lm",T3-L11,1,model,True
AD002933,912.1005053169351,-712.9121641708759,42.16202928739296,own_visit,"visit,grid",T3-L08,1,model,True
AD002934,1659.7136374807121,-2119.5507792316866,1596.4163062649848,locality_centroid,"loccent,baseline,locgrp",T3-L08,3,model,False
AD002935,-507.5377837690136,-3378.008226223454,103.42513762943727,street_key,"br,grid",T3-L11,1,model,False
AD002936,1128.176242114849,2971.9901704289746,22.58974908408906,own_visit,visit,T2-L08,1,model,True
AD002938,2127.9318542532633,989.309683925196,24.608079139537487,own_visit,visit,T1-L08,1,model,True
AD002939,-2363.0638350834224,1603.8879704685844,824.4658345291299,baseline,"baseline,loccent,locgrp",T3-L07,1,model,False
AD002940,-603.6195887228668,-864.0862066058065,64.32396289351853,street_grid,grid,T1-L12,1,model,False
AD002941,867.8427577014717,-2610.305679758062,67.8434230155931,street_grid,grid,T1-L04,1,model,False
AD002942,1267.4906735804263,1628.110632968437,120.72617664019992,baseline,baseline,T2-L07,1,model,False
AD002943,-2339.3836274113028,-89.66403401617615,21.17915862786757,own_visit,"visit,grid",T3-L06,1,model,True
AD002944,-2586.399756985908,-219.73462981392083,100.92680101797632,street_grid,grid,T3-L06,1,model,False
AD002945,2695.2576740106742,-25.419771430976393,37.096081754230816,own_visit,visit,T2-L06,1,model,True
AD002947,1118.876852869727,250.81815883951404,206.02936737356802,street_grid,grid,T2-L02,1,model,False
AD002948,2864.1859069424213,-1271.0107288701251,281.0468008539539,landmark_group,"lm,baseline",T2-L10,1,model,False
AD002949,1084.625576553676,-20.778569002916765,816.2575378439568,baseline,"baseline,loccent,locgrp",T2-L02,1,model,False
AD002950,-625.6874786087923,-3246.3386891176933,374.45816260156744,landmark_group,"lm,poi,baseline",T1-L02,1,model,False
AD002952,1655.2619317419108,-828.3308703324179,289.91659597448347,landmark_poi,"poi,baseline",T1-L06,1,model,False
AD002953,2407.1247843189153,-1623.905358116963,98.06013141131811,own_visit,"visit,grid",T2-L10,4,model,True
AD002954,-865.105947856007,-3295.5259824836266,147.3037376856275,street_grid,"grid,cm,lm",T1-L02,1,model,False
AD002955,1708.5647851403755,-1678.2665872649882,1468.2370549772402,locality_centroid,"loccent,baseline,locgrp",T1-L03,4,model,False
AD002956,-3016.8131739883643,-207.45379712066767,22.41752784894542,own_visit,visit,T3-L06,1,model,True
AD002957,828.9513979590591,-2557.7109110470356,236.38313010325174,street_grid,grid,T2-L01,1,model,False
AD002958,1804.8417208532674,1718.7008123497944,1378.14551154801,locality_centroid,"loccent,baseline,locgrp",T2-L04,4,model,False
AD002959,-2444.522644704188,-530.6039929821172,34.65375540951889,own_visit,"visit,br,baseline",T3-L06,1,model,True
AD002960,-515.6212193477927,-3453.9061512853336,107.95831924680502,baseline,"baseline,br,grid",T3-L11,1,model,False
AD002961,832.8427785408521,2640.1703950667716,190.35196998753548,street_grid,"grid,lm",T2-L08,1,model,False
AD002962,977.0737902195023,3131.1264857559026,25.512499142970817,own_visit,visit,T2-L08,1,model,True
AD002964,-2712.8414306453474,1917.8004779283933,22.08721240951533,own_visit,visit,T3-L07,1,model,True
AD002965,-993.7288679226879,-1086.3143692151516,64.91175574679158,street_grid,grid,T1-L12,1,model,False
AD002966,422.8823242319595,2573.4550010912226,31.430038016506284,own_visit,visit,T2-L08,1,model,True
AD002967,-1245.8129743177471,-7.149775802251969,56.251168058759255,own_visit,visit,T1-L05,1,model,True
AD002968,3932.702333295771,716.6858405429272,25.635480832039164,own_visit,visit,T3-L05,1,model,True
AD002969,1041.9915948377313,-3788.562067031228,844.0868613152577,baseline,"baseline,loccent,locgrp",T3-L12,1,model,False
AD002970,-1279.2177287075003,-2218.4408600657816,254.00234987492283,landmark_poi,"poi,lm",T3-L04,1,model,False
AD002971,2105.4914500369764,-1322.3739385841877,298.1143813736722,landmark_poi,"poi,baseline",T2-L10,1,model,False
AD002972,2177.6725597500517,1602.0393619492068,292.633061932176,landmark_poi,"poi,lm,grid",T2-L04,1,model,False
AD002973,1159.8084752344193,-2172.3547946982903,96.29498513632645,own_visit,visit,T2-L01,4,model,True
AD002974,1481.7509091000036,-1991.5200421536583,153.03472585841527,street_grid,"grid,lm,poi",T2-L11,1,model,False
AD002975,2446.2285203532647,1617.47061872005,462.0396852020626,street_grid,"grid,baseline,loccent",T2-L04,1,model,False
AD002976,1379.2603783649174,-1670.8638176824163,22.08862389958694,own_visit,visit,T2-L11,1,model,True
AD002977,-2667.6929206950394,-492.7295458145461,30.772066104160444,own_visit,visit,T3-L01,1,model,True
AD002978,2783.7067372030797,-2399.8808303671017,21.744087353248794,own_visit,visit,T1-L11,1,model,True
AD002979,1365.190853533944,166.6525358182207,41.52050386686278,own_visit,visit,T1-L05,12,model,True
AD002980,952.8970309682287,-3272.0626005121226,58.63517241951751,street_grid,grid,T1-L04,1,model,False
AD002981,3929.1731320497606,528.5377264382812,22.210379224722416,own_visit,visit,T3-L05,1,model,True
AD002982,3060.394721954896,-2337.604709913737,23.835474376365923,own_visit,visit,T3-L10,1,model,True
AD002983,-2772.2155123107195,892.0428715582566,271.5677830922474,own_visit,visit,T1-L10,3,model,True
AD002984,931.6396506786401,2808.4934653751425,191.59487040155477,street_grid,grid,T2-L08,1,model,False
AD002986,3878.2683755490616,76.95731386129877,22.808923055227545,own_visit,visit,T3-L05,1,model,True
AD002987,835.2246435404929,-3451.893431051281,28.59574248767934,own_visit,visit,T1-L04,1,model,True
AD002988,3130.660685207277,-2416.95686941295,140.51022552456268,own_visit,"visit,grid",T3-L10,1,model,True
AD002989,-2644.395091230581,1723.0174859484903,26.183950407284833,own_visit,visit,T3-L07,1,model,True
AD002990,-915.9185660551733,-70.26155013474478,22.30925998954031,own_visit,visit,T3-L03,1,model,True
AD002991,2534.8721644506923,-2207.981432106102,21.371402470970633,own_visit,"visit,grid",T1-L11,1,model,True
AD002992,-677.7447528163685,-713.6940297071278,148.2136542702263,street_grid,"grid,lm,poi",T2-L09,1,model,False
AD002993,307.3096364842958,-2738.4370634062175,26.646207847652235,own_visit,"visit,grid",T1-L04,1,model,True
AD002994,-2042.9062052970978,-2158.3009676814936,242.9613681246598,landmark_poi,"poi,lm",T1-L09,1,oof_cv,False
AD002995,974.299910371826,231.78921934781005,21.898843631571527,own_visit,"visit,grid",T1-L03,1,model,True
AD002996,-744.6045775961123,-1522.1985941072771,23.96692878753506,own_visit,"visit,grid",T1-L12,1,model,True
AD002997,2880.212083449912,-2016.9998707921309,23.674746519770377,own_visit,visit,T3-L10,1,model,True
AD002999,-740.911656595849,2878.0926392303663,186.59728498938514,street_grid,grid,T2-L03,1,model,False
AD003000,827.6504236012594,125.15633815388328,209.95518474784836,landmark_poi,"poi,lm",T1-L03,1,model,False
AD003002,1728.359031732156,-1900.3995290514422,28.062857096176973,own_visit,visit,T2-L11,1,model,True
AD003003,1486.2876544659368,-1407.1720744499685,1454.1877534621547,locality_centroid,"loccent,baseline,locgrp",T2-L01,4,model,False
AD003004,2959.168451044218,-2510.839441607888,185.96985983212048,landmark_group,"lm,visit",T1-L11,1,model,True
AD003005,-2078.1515397123626,-2216.5567479711212,30.922704193164595,own_visit,visit,T1-L02,3,model,True
AD003006,714.5153052151247,-3020.236196297705,314.0980690198179,landmark_group,"lm,baseline,loccent",T1-L04,1,model,False
AD003007,885.251013068388,2751.2798764615964,23.154973278764786,own_visit,visit,T2-L08,1,model,True
AD003008,1403.6317597352602,-82.7294456674706,30.875628725605274,own_visit,visit,T2-L02,1,model,True
AD003009,-231.0060675156643,3402.153018299674,132.97478972402487,baseline,"baseline,poi",T3-L02,1,model,False
AD003010,-1116.2101372739194,-3074.26601624897,32.391875353476735,own_visit,visit,T1-L02,1,model,True
AD003011,1707.0128772143407,-437.74802376323777,166.04409099066348,own_visit,visit,T1-L06,1,model,True
AD003012,-667.1278874833008,-3832.884994466878,38.14199382442464,own_visit,"visit,grid",T3-L11,1,model,True
AD003013,1559.8343635205129,-2451.333398141219,94.72656427943117,own_visit,"visit,grid,lm",T2-L11,1,model,True
AD003014,3382.16585142758,685.5679924388733,84.28733698487164,own_visit,"visit,baseline",T2-L06,1,model,True
AD003015,975.0111994769027,2463.8214097362347,43.63282116389527,own_visit,visit,T2-L08,1,model,True
AD003016,2465.9124896108287,642.8484394426615,59.581698893359,street_grid,"grid,visit",T1-L08,1,model,True
AD003017,2570.2052275196365,-1281.858233047524,814.2393318406074,baseline,"baseline,loccent,locgrp",T2-L10,1,model,False
AD003018,903.5764087453445,2502.8045239137286,183.0300969292382,street_grid,"grid,poi,lm",T2-L08,1,model,False
AD003019,680.8074343181083,2776.9032849430455,56.31129390561946,own_visit,"visit,grid",T2-L08,1,model,True
AD003020,189.84246892344854,2578.6384023278533,46.602213503892166,street_grid,grid,T1-L07,1,model,False
AD003022,881.1704291339113,-1331.0077493691683,86.96485568215962,street_grid,"grid,br,poi",T3-L08,1,model,False
AD003024,902.9510003780422,2744.0001482563994,190.61426058565627,street_grid,grid,T2-L08,1,model,False
AD003025,1331.6863543455938,-2436.7758280507655,139.24789712674738,baseline,"baseline,grid",T2-L11,1,model,False
AD003026,2903.8942237678125,-2461.9033562783593,29.438604648066153,own_visit,"visit,grid",T1-L11,1,model,True
AD003027,2105.0218487630827,1181.2024940319711,40.598815974287845,own_visit,visit,T1-L08,1,model,True
AD003028,-1038.609457314616,383.116430483508,139.39671434838363,street_grid,"grid,poi,lm",T1-L05,1,model,False
AD003029,-599.5210300576543,-3664.850860208321,154.6156286172369,street_key,br,T3-L11,1,model,False
AD003030,2855.8929990525185,-1940.4253891983465,25.399464627395727,own_visit,visit,T1-L11,1,model,True
AD003031,-523.2041230030616,-1063.270037367884,24.09238972934585,baseline,baseline,T1-L02,3,model,False
AD003032,2528.883620979676,-1131.9527250678416,171.833800740805,blend,"grid,poi,lm",T2-L10,1,model,False
AD003034,1046.9074647923253,-616.264763399955,133.3318146927694,street_grid,"grid,br,lm",T3-L08,1,oof_cv,False
AD003035,2333.1533596301156,1451.6093410273384,25.101787714518267,own_visit,visit,T1-L08,1,model,True
AD003036,2444.870522889754,1211.8472769843866,57.6954568052279,street_grid,"grid,baseline",T1-L08,1,model,False
AD003037,2660.551604793165,520.8847638742391,159.45345754660164,baseline,"baseline,grid",T2-L06,1,model,False
AD003038,3301.8167279069653,771.6589841444965,30.07467780207984,own_visit,visit,T2-L06,1,model,True
AD003039,-2576.6643479947106,1592.0703112372664,821.4287616654716,baseline,"baseline,loccent,locgrp",T3-L07,1,model,False
AD003040,-1775.4370431478776,-2895.2565782939987,53.0261533384897,own_visit,visit,T2-L05,1,model,True
AD003041,752.891675378922,-212.6383969238885,24.151459655189967,own_visit,"visit,grid",T1-L03,1,model,True
AD003042,1224.2504190027107,134.06697050276898,67.17291767204821,street_grid,grid,T1-L03,1,model,False
AD003043,488.26649273621007,2675.2634605985004,52.949112408351446,street_grid,grid,T1-L07,1,model,False
AD003044,1227.2550568414783,-2553.919673513535,21.01715436852737,baseline,baseline,T2-L11,1,model,True
AD003045,2885.2866773668857,-1242.9391412153768,122.29681520688376,own_visit,"visit,grid,lm",T2-L10,1,model,True
AD003046,-4011.730759027533,-1086.1204507240589,132.58051843017225,street_key,"br,poi,lm",T3-L01,1,model,False
AD003047,-4008.190537920257,-1046.0588823811518,556.5691636290093,street_grid,"grid,baseline,loccent",T3-L01,1,model,False
AD003048,-2541.256186861966,-2099.7580354433976,196.90830876620868,street_key,"cm,grid",T1-L09,1,model,False
AD003049,-2493.438982874765,-2443.673108152961,115.59091534524286,baseline,"baseline,poi,grid",T1-L09,1,model,False
AD003050,819.4933739587784,2620.884178293614,71.32646833177111,own_visit,visit,T2-L08,1,model,True
AD003051,2691.344577745566,-2356.9135452082,52.50819855901331,street_grid,grid,T1-L11,1,model,False
AD003052,716.6109651051212,-3206.5848385883996,230.4388072204345,street_grid,grid,T2-L01,1,model,False
AD003053,3256.1166599320186,-2211.1831638004583,28.509819706179687,own_visit,visit,T1-L11,1,model,True
AD003054,-2559.9126277840796,1632.6475236367214,74.05466686161138,street_grid,grid,T1-L01,1,model,False
AD003055,3857.433990638578,688.2219892374919,31.64702109792637,own_visit,visit,T3-L05,1,model,True
AD003056,-1644.1649095372202,-2334.707830381675,1375.0324089786654,locality_centroid,"loccent,baseline,locgrp",T1-L02,3,model,False
AD003057,-216.9610808430626,1088.1487649671715,156.90249854104013,street_grid,"grid,poi,lm",T2-L12,1,model,False
AD003058,-263.1695238215512,1350.5552750799,170.95149535476924,street_grid,"grid,poi",T2-L12,1,model,False
AD003059,3163.8928819629473,-2327.8427297937656,57.819143984567354,street_grid,grid,T1-L11,1,model,False
AD003060,853.662437686399,2774.9689023526976,24.577413566012577,own_visit,visit,T2-L08,1,model,True
AD003062,1191.0270284735386,-91.56489823719453,124.20861235431798,baseline,"baseline,grid",T2-L02,1,model,False
AD003063,820.5191054096831,-712.4991870067614,78.44131793983794,street_grid,"grid,baseline,br",T3-L08,1,model,False
AD003064,3139.9584710548897,-1877.5545715057674,82.561637451223,street_grid,"grid,br,poi",T3-L10,1,model,False
AD003065,699.59986468305,2862.5590334150465,28.18373989997885,own_visit,visit,T2-L08,1,model,True
AD003066,2380.2409697450094,-1176.91273563911,25.660837044445277,own_visit,visit,T2-L10,1,model,True
AD003067,1402.3096134751402,-1820.8960360434262,23.604440508625057,own_visit,visit,T2-L11,1,model,True
AD003068,-347.6994742195309,-720.2752550394587,315.8203591669641,landmark_group,"lm,baseline,loccent",T2-L09,1,model,False
AD003069,1633.608749664725,1630.9123189721765,412.4418309843484,landmark_poi,"poi,grid,baseline,loccent",T2-L07,1,model,False
AD003070,2456.60355344064,1286.3426638973192,398.90114049164214,landmark_poi,"poi,grid",T2-L04,1,model,False
AD003071,-639.3979578828364,-3891.3162367555497,140.3419384800896,baseline,"baseline,lm",T3-L11,1,oof_cv,False
AD003072,-762.0254389464699,-775.4143532771222,25.98270748893393,own_visit,visit,T3-L03,1,model,True
AD003073,1457.2838404248141,-1472.1362455901176,1487.9239144943829,locality_centroid,"loccent,baseline,locgrp",T1-L03,4,model,False
AD003074,1497.1111445601741,-2115.927153609222,24.963400875734216,own_visit,visit,T2-L11,4,model,True
AD003075,-946.3416763374714,-718.84578375201,421.4733537545771,landmark_group,"lm,poi,baseline,loccent",T3-L03,1,model,False
AD003076,-972.1636002646301,-843.1236103174707,158.37910414383424,street_grid,grid,T3-L03,1,model,False
AD003077,2916.508180074517,-1515.335374500505,63.83765595422211,own_visit,visit,T2-L10,1,model,True
AD003078,2857.470578107564,697.7964895933281,202.40694310607012,landmark_group,"lm,poi",T2-L06,1,oof_cv,False
AD003080,871.4377355722409,-601.2381566967669,130.4852884359675,street_grid,"grid,poi,lm",T3-L08,1,model,False
AD003081,686.4224774300295,-3479.5875653519283,254.40068322692838,street_grid,grid,T2-L01,1,model,False
AD003082,3026.038383220595,686.2621859691353,170.0667677296542,street_grid,"grid,lm",T2-L06,1,model,False
AD003083,-1381.4329878524104,-2715.722460576038,62.351135818633495,own_visit,visit,T1-L02,1,model,True
AD003084,-2636.336515345162,989.0316079279015,64.43671316153743,street_grid,"grid,cm",T1-L01,1,model,False
AD003085,3337.7126238351366,-2080.2873096325507,15.896472590152802,baseline,"baseline,visit,grid",T1-L11,1,model,True
AD003086,749.342443597843,-869.4323352174304,25.90377570206128,own_visit,"visit,grid",T3-L08,1,model,True
AD003087,2668.8612275124297,-1354.8664014971894,28.699715027825086,own_visit,visit,T2-L10,1,model,True
AD003088,3163.3927026430283,-1819.144173042232,103.80174604517391,street_grid,"grid,poi",T3-L10,1,model,False
AD003090,952.4997662047379,-2978.5550091765717,26.136125044031292,own_visit,"visit,grid",T1-L04,1,model,True
AD003092,2728.184481015058,677.334103428243,863.4183549046596,street_grid,"grid,baseline,loccent",T2-L04,1,model,False
AD003094,885.1668705534163,-237.42839905268525,56.34761024165687,street_grid,"grid,visit",T1-L03,1,model,True
AD003096,-1784.7969204214066,2462.697339701147,871.6389746909192,baseline,"baseline,loccent",T1-L10,1,oof_cv,False
AD003098,830.0914714909261,3056.6780588939805,199.31224529042254,landmark_group,"lm,poi",T2-L08,1,model,True
AD003099,2720.5077547841033,-2214.7042380928824,22.774189891303823,own_visit,"visit,grid",T1-L11,1,model,True
AD003100,1014.6512762310081,237.69540660339786,33.78447195267326,own_visit,visit,T1-L03,1,model,True
AD003102,1029.3824292017882,-3040.041078408469,47.00778543761504,street_grid,"grid,visit",T1-L04,1,model,True
AD003104,-417.50953650390517,1554.5700210425623,174.42360009955271,street_grid,"grid,poi",T2-L12,1,model,False
AD003105,-169.5695244098432,3177.160793872172,42.630470342018974,own_visit,visit,T3-L02,1,model,True
AD003106,1365.688819614169,218.90926764598035,30.9021242409763,own_visit,visit,T2-L02,1,model,True
AD003107,1423.8822362680085,-1464.4163536533235,1497.1017709550144,locality_centroid,"loccent,baseline,locgrp",T1-L03,4,model,False
AD003110,-292.1739553522251,-750.4447140871077,74.5051883270133,street_grid,grid,T1-L12,1,model,False
AD003111,-630.3655578085404,2984.662520304962,230.99221854411675,landmark_poi,"poi,lm",T3-L02,1,model,False
AD003113,-1055.8174341586525,224.82994595709894,185.67118559897173,blend,"grid,poi,lm",T1-L05,1,oof_cv,False
AD003115,977.95983060372,-3118.857457789693,257.2496393088659,landmark_poi,"poi,lm",T2-L01,1,model,False
AD003117,1281.6332314565677,-1530.1430830116046,1534.5012653347835,locality_centroid,"loccent,baseline,locgrp",T1-L03,4,model,False
