address_id,location_confidence,p_within_250m,radius_90_m,confidence_tier,hard_to_find_flag,reason_codes,ps2_guidance
AD000001,0.977,0.977,16.2,high,0,CONFIRMED_BY_FIELD_VISIT,LOCATION_CONFIRMED_OR_RELIABLE: a failed visit is informative
AD000002,0.977,0.977,24.1,high,0,CONFIRMED_BY_FIELD_VISIT,LOCATION_CONFIRMED_OR_RELIABLE: a failed visit is informative
AD000003,0.062,0.279,1224.4,low,1,INFERRED_FROM_STREET_NEIGHBOURS,LOCATION_UNRESOLVED: do not treat a failed visit here as evidence the address is invalid
AD000004,0.308,0.72,450.2,low,1,INFERRED_FROM_STREET_NEIGHBOURS,LOCATION_UNRESOLVED: do not treat a failed visit here as evidence the address is invalid
AD000005,0.202,0.605,579.4,low,1,INFERRED_FROM_LANDMARK,LOCATION_UNRESOLVED: do not treat a failed visit here as evidence the address is invalid
AD000007,0.373,0.78,392.0,low,1,INFERRED_FROM_STREET_NEIGHBOURS,LOCATION_UNRESOLVED: do not treat a failed visit here as evidence the address is invalid
AD000008,0.766,0.95,161.4,medium,0,INFERRED_FROM_STREET_NEIGHBOURS,LOCATION_APPROXIMATE: a failed visit is weak evidence; retry with directions
AD000009,0.977,0.977,18.9,high,0,CONFIRMED_BY_FIELD_VISIT,LOCATION_CONFIRMED_OR_RELIABLE: a failed visit is informative
AD000010,0.0,0.031,1716.1,low,1,NO_LOCALITY_IN_TEXT|OLD_GEOCODER_AT_PINCODE_CENTRE,LOCATION_UNRESOLVED: do not treat a failed visit here as evidence the address is invalid
AD000011,0.751,0.948,167.3,medium,0,INFERRED_FROM_STREET_NEIGHBOURS,LOCATION_APPROXIMATE: a failed visit is weak evidence; retry with directions
AD000012,0.977,0.977,34.2,high,0,CONFIRMED_BY_FIELD_VISIT,LOCATION_CONFIRMED_OR_RELIABLE: a failed visit is informative
AD000013,0.396,0.8,368.9,low,1,INFERRED_FROM_STREET_NEIGHBOURS,LOCATION_UNRESOLVED: do not treat a failed visit here as evidence the address is invalid
AD000014,0.527,0.905,243.6,medium,0,INFERRED_FROM_STREET_NEIGHBOURS,LOCATION_APPROXIMATE: a failed visit is weak evidence; retry with directions
AD000015,0.977,0.977,15.3,high,0,CONFIRMED_BY_FIELD_VISIT,LOCATION_CONFIRMED_OR_RELIABLE: a failed visit is informative
AD000016,0.977,0.977,38.6,high,0,CONFIRMED_BY_FIELD_VISIT,LOCATION_CONFIRMED_OR_RELIABLE: a failed visit is informative
AD000017,0.977,0.977,28.5,high,0,CONFIRMED_BY_FIELD_VISIT,LOCATION_CONFIRMED_OR_RELIABLE: a failed visit is informative
AD000018,0.977,0.977,16.1,high,0,CONFIRMED_BY_FIELD_VISIT,LOCATION_CONFIRMED_OR_RELIABLE: a failed visit is informative
AD000019,0.977,0.977,26.7,high,0,CONFIRMED_BY_FIELD_VISIT,LOCATION_CONFIRMED_OR_RELIABLE: a failed visit is informative
AD000020,0.0,0.031,1702.2,low,1,NO_LOCALITY_IN_TEXT|OLD_GEOCODER_AT_PINCODE_CENTRE,LOCATION_UNRESOLVED: do not treat a failed visit here as evidence the address is invalid
AD000021,0.0,0.0,2714.3,low,1,NO_LOCALITY_IN_TEXT,LOCATION_UNRESOLVED: do not treat a failed visit here as evidence the address is invalid
AD000022,0.777,0.932,155.8,medium,0,INFERRED_FROM_STREET_NEIGHBOURS,LOCATION_APPROXIMATE: a failed visit is weak evidence; retry with directions
AD000023,0.977,0.977,35.6,high,0,CONFIRMED_BY_FIELD_VISIT,LOCATION_CONFIRMED_OR_RELIABLE: a failed visit is informative
AD000024,0.571,0.897,251.2,medium,0,INFERRED_FROM_STREET_NEIGHBOURS,LOCATION_APPROXIMATE: a failed visit is weak evidence; retry with directions
AD000025,0.031,0.14,1798.2,low,1,LOCALITY_LEVEL_ONLY,LOCATION_UNRESOLVED: do not treat a failed visit here as evidence the address is invalid
AD000026,0.809,0.952,143.8,medium,0,INFERRED_FROM_STREET_NEIGHBOURS,LOCATION_APPROXIMATE: a failed visit is weak evidence; retry with directions
AD000027,0.977,0.977,21.5,high,0,CONFIRMED_BY_FIELD_VISIT,LOCATION_CONFIRMED_OR_RELIABLE: a failed visit is informative
AD000028,0.591,0.909,216.8,medium,0,LOCALITY_LEVEL_ONLY,LOCATION_APPROXIMATE: a failed visit is weak evidence; retry with directions
AD000029,0.373,0.783,391.1,low,1,INFERRED_FROM_STREET_NEIGHBOURS,LOCATION_UNRESOLVED: do not treat a failed visit here as evidence the address is invalid
AD000030,0.977,0.977,23.3,high,0,CONFIRMED_BY_FIELD_VISIT,LOCATION_CONFIRMED_OR_RELIABLE: a failed visit is informative
AD000031,0.977,0.977,17.7,high,0,CONFIRMED_BY_FIELD_VISIT,LOCATION_CONFIRMED_OR_RELIABLE: a failed visit is informative
AD000032,0.932,0.977,88.3,medium,0,CONFIRMED_BY_FIELD_VISIT,LOCATION_APPROXIMATE: a failed visit is weak evidence; retry with directions
AD000033,0.895,0.973,101.6,medium,0,INFERRED_FROM_STREET_NEIGHBOURS,LOCATION_APPROXIMATE: a failed visit is weak evidence; retry with directions
AD000034,0.278,0.668,493.5,low,1,INFERRED_FROM_LANDMARK,LOCATION_UNRESOLVED: do not treat a failed visit here as evidence the address is invalid
AD000035,0.759,0.95,164.8,medium,0,INFERRED_FROM_STREET_NEIGHBOURS,LOCATION_APPROXIMATE: a failed visit is weak evidence; retry with directions
AD000036,0.777,0.932,155.7,medium,0,INFERRED_FROM_STREET_NEIGHBOURS,LOCATION_APPROXIMATE: a failed visit is weak evidence; retry with directions
AD000037,0.955,0.977,44.1,high,0,CONFIRMED_BY_FIELD_VISIT,LOCATION_CONFIRMED_OR_RELIABLE: a failed visit is informative
AD000039,0.977,0.977,21.3,high,0,CONFIRMED_BY_FIELD_VISIT,LOCATION_CONFIRMED_OR_RELIABLE: a failed visit is informative
AD000040,0.977,0.977,31.1,high,0,CONFIRMED_BY_FIELD_VISIT,LOCATION_CONFIRMED_OR_RELIABLE: a failed visit is informative
AD000041,0.977,0.977,26.4,high,0,CONFIRMED_BY_FIELD_VISIT,LOCATION_CONFIRMED_OR_RELIABLE: a failed visit is informative
AD000042,0.033,0.142,1787.9,low,1,LOCALITY_LEVEL_ONLY,LOCATION_UNRESOLVED: do not treat a failed visit here as evidence the address is invalid
AD000043,0.977,0.977,17.9,high,0,CONFIRMED_BY_FIELD_VISIT,LOCATION_CONFIRMED_OR_RELIABLE: a failed visit is informative
AD000045,0.337,0.747,425.4,low,1,INFERRED_FROM_LANDMARK,LOCATION_UNRESOLVED: do not treat a failed visit here as evidence the address is invalid
AD000046,0.484,0.859,299.6,medium,0,INFERRED_FROM_STREET_NEIGHBOURS,LOCATION_APPROXIMATE: a failed visit is weak evidence; retry with directions
AD000047,0.955,0.977,44.4,high,0,CONFIRMED_BY_FIELD_VISIT,LOCATION_CONFIRMED_OR_RELIABLE: a failed visit is informative
AD000048,0.044,0.167,1617.4,low,1,INFERRED_FROM_LANDMARK,LOCATION_UNRESOLVED: do not treat a failed visit here as evidence the address is invalid
AD000049,0.977,0.977,35.9,high,0,CONFIRMED_BY_FIELD_VISIT,LOCATION_CONFIRMED_OR_RELIABLE: a failed visit is informative
AD000050,0.761,0.95,163.8,medium,0,INFERRED_FROM_STREET_NEIGHBOURS,LOCATION_APPROXIMATE: a failed visit is weak evidence; retry with directions
AD000052,0.895,0.973,101.6,medium,0,INFERRED_FROM_STREET_NEIGHBOURS,LOCATION_APPROXIMATE: a failed visit is weak evidence; retry with directions
AD000053,0.095,0.396,925.1,low,1,INFERRED_FROM_STREET_NEIGHBOURS,LOCATION_UNRESOLVED: do not treat a failed visit here as evidence the address is invalid
AD000054,0.308,0.721,449.9,low,1,INFERRED_FROM_LANDMARK,LOCATION_UNRESOLVED: do not treat a failed visit here as evidence the address is invalid
AD000055,0.739,0.946,174.0,medium,0,INFERRED_FROM_STREET_NEIGHBOURS,LOCATION_APPROXIMATE: a failed visit is weak evidence; retry with directions
AD000056,0.114,0.464,787.9,low,1,INFERRED_FROM_LANDMARK,LOCATION_UNRESOLVED: do not treat a failed visit here as evidence the address is invalid
AD000057,0.334,0.743,427.9,low,1,INFERRED_FROM_LANDMARK,LOCATION_UNRESOLVED: do not treat a failed visit here as evidence the address is invalid
AD000058,0.857,0.961,121.4,medium,0,INFERRED_FROM_STREET_NEIGHBOURS,LOCATION_APPROXIMATE: a failed visit is weak evidence; retry with directions
AD000059,0.632,0.923,202.6,medium,0,INFERRED_FROM_STREET_NEIGHBOURS,LOCATION_APPROXIMATE: a failed visit is weak evidence; retry with directions
AD000060,0.977,0.977,17.5,high,0,CONFIRMED_BY_FIELD_VISIT,LOCATION_CONFIRMED_OR_RELIABLE: a failed visit is informative
AD000061,0.467,0.85,309.9,low,1,INFERRED_FROM_STREET_NEIGHBOURS,LOCATION_UNRESOLVED: do not treat a failed visit here as evidence the address is invalid
AD000062,0.977,0.977,28.5,high,0,CONFIRMED_BY_FIELD_VISIT,LOCATION_CONFIRMED_OR_RELIABLE: a failed visit is informative
AD000063,0.377,0.859,303.2,low,1,INFERRED_FROM_STREET_NEIGHBOURS,LOCATION_UNRESOLVED: do not treat a failed visit here as evidence the address is invalid
AD000064,0.0,0.051,1573.4,low,1,NO_LOCALITY_IN_TEXT|OLD_GEOCODER_AT_PINCODE_CENTRE,LOCATION_UNRESOLVED: do not treat a failed visit here as evidence the address is invalid
AD000065,0.474,0.852,306.7,low,1,INFERRED_FROM_STREET_NEIGHBOURS,LOCATION_UNRESOLVED: do not treat a failed visit here as evidence the address is invalid
AD000066,0.977,0.977,16.8,high,0,CONFIRMED_BY_FIELD_VISIT,LOCATION_CONFIRMED_OR_RELIABLE: a failed visit is informative
AD000067,0.731,0.946,177.4,medium,0,INFERRED_FROM_STREET_NEIGHBOURS,LOCATION_APPROXIMATE: a failed visit is weak evidence; retry with directions
AD000068,0.977,0.977,16.7,high,0,CONFIRMED_BY_FIELD_VISIT,LOCATION_CONFIRMED_OR_RELIABLE: a failed visit is informative
AD000069,0.773,0.955,137.1,medium,0,CONFIRMED_BY_FIELD_VISIT,LOCATION_APPROXIMATE: a failed visit is weak evidence; retry with directions
AD000071,0.605,0.914,213.0,medium,0,INFERRED_FROM_LANDMARK,LOCATION_APPROXIMATE: a failed visit is weak evidence; retry with directions
AD000072,0.0,0.02,2100.8,low,1,NO_LOCALITY_IN_TEXT|OLD_GEOCODER_AT_PINCODE_CENTRE,LOCATION_UNRESOLVED: do not treat a failed visit here as evidence the address is invalid
AD000073,0.518,0.9,246.6,medium,0,LOCALITY_LEVEL_ONLY,LOCATION_APPROXIMATE: a failed visit is weak evidence; retry with directions
AD000074,0.036,0.146,1756.4,low,1,LOCALITY_LEVEL_ONLY,LOCATION_UNRESOLVED: do not treat a failed visit here as evidence the address is invalid
AD000075,0.977,0.977,16.7,high,0,CONFIRMED_BY_FIELD_VISIT,LOCATION_CONFIRMED_OR_RELIABLE: a failed visit is informative
AD000076,0.977,0.977,15.9,high,0,CONFIRMED_BY_FIELD_VISIT,LOCATION_CONFIRMED_OR_RELIABLE: a failed visit is informative
AD000077,0.0,0.02,2092.7,low,1,NO_LOCALITY_IN_TEXT|OLD_GEOCODER_AT_PINCODE_CENTRE,LOCATION_UNRESOLVED: do not treat a failed visit here as evidence the address is invalid
AD000078,0.977,0.977,26.3,high,0,CONFIRMED_BY_FIELD_VISIT,LOCATION_CONFIRMED_OR_RELIABLE: a failed visit is informative
AD000079,0.955,0.977,46.3,high,0,CONFIRMED_BY_FIELD_VISIT,LOCATION_CONFIRMED_OR_RELIABLE: a failed visit is informative
AD000080,0.455,0.877,270.5,medium,0,INFERRED_FROM_STREET_NEIGHBOURS,LOCATION_APPROXIMATE: a failed visit is weak evidence; retry with directions
AD000081,0.977,0.977,17.8,high,0,CONFIRMED_BY_FIELD_VISIT,LOCATION_CONFIRMED_OR_RELIABLE: a failed visit is informative
AD000082,0.977,0.977,17.5,high,0,CONFIRMED_BY_FIELD_VISIT,LOCATION_CONFIRMED_OR_RELIABLE: a failed visit is informative
AD000083,0.327,0.739,433.3,low,1,INFERRED_FROM_LANDMARK,LOCATION_UNRESOLVED: do not treat a failed visit here as evidence the address is invalid
AD000084,0.452,0.839,325.8,low,1,INFERRED_FROM_STREET_NEIGHBOURS,LOCATION_UNRESOLVED: do not treat a failed visit here as evidence the address is invalid
AD000085,0.977,0.977,20.5,high,0,CONFIRMED_BY_FIELD_VISIT,LOCATION_CONFIRMED_OR_RELIABLE: a failed visit is informative
AD000086,0.977,0.977,20.8,high,0,CONFIRMED_BY_FIELD_VISIT,LOCATION_CONFIRMED_OR_RELIABLE: a failed visit is informative
AD000087,0.057,0.212,1420.1,low,1,INFERRED_FROM_STREET_NEIGHBOURS,LOCATION_UNRESOLVED: do not treat a failed visit here as evidence the address is invalid
AD000088,0.977,0.977,27.4,high,0,CONFIRMED_BY_FIELD_VISIT,LOCATION_CONFIRMED_OR_RELIABLE: a failed visit is informative
AD000089,0.43,0.824,345.9,low,1,INFERRED_FROM_STREET_NEIGHBOURS,LOCATION_UNRESOLVED: do not treat a failed visit here as evidence the address is invalid
AD000090,0.202,0.605,578.7,low,1,INFERRED_FROM_LANDMARK,LOCATION_UNRESOLVED: do not treat a failed visit here as evidence the address is invalid
AD000091,0.0,0.031,1932.1,low,1,NO_LOCALITY_IN_TEXT|OLD_GEOCODER_AT_PINCODE_CENTRE,LOCATION_UNRESOLVED: do not treat a failed visit here as evidence the address is invalid
AD000092,0.534,0.887,271.5,medium,0,INFERRED_FROM_STREET_NEIGHBOURS,LOCATION_APPROXIMATE: a failed visit is weak evidence; retry with directions
AD000093,0.321,0.735,440.4,low,1,INFERRED_FROM_LANDMARK,LOCATION_UNRESOLVED: do not treat a failed visit here as evidence the address is invalid
AD000094,0.977,0.977,18.0,high,0,CONFIRMED_BY_FIELD_VISIT,LOCATION_CONFIRMED_OR_RELIABLE: a failed visit is informative
AD000096,0.977,0.977,17.5,high,0,CONFIRMED_BY_FIELD_VISIT,LOCATION_CONFIRMED_OR_RELIABLE: a failed visit is informative
AD000097,0.184,0.581,611.1,low,1,INFERRED_FROM_LANDMARK,LOCATION_UNRESOLVED: do not treat a failed visit here as evidence the address is invalid
AD000098,0.977,0.977,20.7,high,0,CONFIRMED_BY_FIELD_VISIT,LOCATION_CONFIRMED_OR_RELIABLE: a failed visit is informative
AD000099,0.977,0.977,19.0,high,0,CONFIRMED_BY_FIELD_VISIT,LOCATION_CONFIRMED_OR_RELIABLE: a failed visit is informative
AD000100,0.977,0.977,16.6,high,0,CONFIRMED_BY_FIELD_VISIT,LOCATION_CONFIRMED_OR_RELIABLE: a failed visit is informative
AD000101,0.334,0.743,429.3,low,1,INFERRED_FROM_LANDMARK,LOCATION_UNRESOLVED: do not treat a failed visit here as evidence the address is invalid
AD000102,0.909,0.982,93.9,medium,0,INFERRED_FROM_STREET_NEIGHBOURS,LOCATION_APPROXIMATE: a failed visit is weak evidence; retry with directions
AD000103,0.062,0.278,1231.5,low,1,INFERRED_FROM_STREET_NEIGHBOURS,LOCATION_UNRESOLVED: do not treat a failed visit here as evidence the address is invalid
AD000104,0.832,0.954,133.9,medium,0,INFERRED_FROM_STREET_NEIGHBOURS,LOCATION_APPROXIMATE: a failed visit is weak evidence; retry with directions
AD000105,0.977,0.977,21.0,high,0,CONFIRMED_BY_FIELD_VISIT,LOCATION_CONFIRMED_OR_RELIABLE: a failed visit is informative
AD000106,0.977,0.977,17.9,high,0,CONFIRMED_BY_FIELD_VISIT,LOCATION_CONFIRMED_OR_RELIABLE: a failed visit is informative
AD000107,0.559,0.896,257.5,medium,0,INFERRED_FROM_STREET_NEIGHBOURS,LOCATION_APPROXIMATE: a failed visit is weak evidence; retry with directions
AD000108,0.195,0.604,584.9,low,1,INFERRED_FROM_LANDMARK,LOCATION_UNRESOLVED: do not treat a failed visit here as evidence the address is invalid
AD000109,0.127,0.478,755.6,low,1,INFERRED_FROM_STREET_NEIGHBOURS,LOCATION_UNRESOLVED: do not treat a failed visit here as evidence the address is invalid
AD000111,0.886,0.955,104.0,medium,0,CONFIRMED_BY_FIELD_VISIT,LOCATION_APPROXIMATE: a failed visit is weak evidence; retry with directions
AD000112,0.821,0.953,141.1,medium,0,INFERRED_FROM_STREET_NEIGHBOURS,LOCATION_APPROXIMATE: a failed visit is weak evidence; retry with directions
AD000113,0.522,0.883,279.3,medium,0,INFERRED_FROM_STREET_NEIGHBOURS,LOCATION_APPROXIMATE: a failed visit is weak evidence; retry with directions
AD000114,0.977,0.977,17.7,high,0,CONFIRMED_BY_FIELD_VISIT,LOCATION_CONFIRMED_OR_RELIABLE: a failed visit is informative
AD000115,0.434,0.827,341.4,low,1,INFERRED_FROM_STREET_NEIGHBOURS,LOCATION_UNRESOLVED: do not treat a failed visit here as evidence the address is invalid
AD000116,0.0,0.02,2288.2,low,1,NO_LOCALITY_IN_TEXT|OLD_GEOCODER_AT_PINCODE_CENTRE,LOCATION_UNRESOLVED: do not treat a failed visit here as evidence the address is invalid
AD000117,0.254,0.656,516.1,low,1,INFERRED_FROM_LANDMARK,LOCATION_UNRESOLVED: do not treat a failed visit here as evidence the address is invalid
AD000119,0.0,0.031,1653.7,low,1,NO_LOCALITY_IN_TEXT|OLD_GEOCODER_AT_PINCODE_CENTRE,LOCATION_UNRESOLVED: do not treat a failed visit here as evidence the address is invalid
AD000120,0.243,0.643,527.5,low,1,INFERRED_FROM_STREET_NEIGHBOURS,LOCATION_UNRESOLVED: do not treat a failed visit here as evidence the address is invalid
AD000121,0.0,0.02,2279.0,low,1,NO_LOCALITY_IN_TEXT|OLD_GEOCODER_AT_PINCODE_CENTRE,LOCATION_UNRESOLVED: do not treat a failed visit here as evidence the address is invalid
AD000122,0.599,0.909,236.0,medium,0,INFERRED_FROM_STREET_NEIGHBOURS,LOCATION_APPROXIMATE: a failed visit is weak evidence; retry with directions
AD000123,0.434,0.826,344.0,low,1,INFERRED_FROM_STREET_NEIGHBOURS,LOCATION_UNRESOLVED: do not treat a failed visit here as evidence the address is invalid
AD000124,0.166,0.558,647.9,low,1,INFERRED_FROM_STREET_NEIGHBOURS,LOCATION_UNRESOLVED: do not treat a failed visit here as evidence the address is invalid
AD000125,0.688,0.939,191.5,medium,0,INFERRED_FROM_STREET_NEIGHBOURS,LOCATION_APPROXIMATE: a failed visit is weak evidence; retry with directions
AD000126,0.932,0.977,80.6,medium,0,CONFIRMED_BY_FIELD_VISIT,LOCATION_APPROXIMATE: a failed visit is weak evidence; retry with directions
AD000127,0.378,0.784,388.5,low,1,INFERRED_FROM_STREET_NEIGHBOURS,LOCATION_UNRESOLVED: do not treat a failed visit here as evidence the address is invalid
AD000128,0.891,0.969,106.1,medium,0,INFERRED_FROM_STREET_NEIGHBOURS,LOCATION_APPROXIMATE: a failed visit is weak evidence; retry with directions
AD000129,0.977,0.977,33.0,high,0,CONFIRMED_BY_FIELD_VISIT,LOCATION_CONFIRMED_OR_RELIABLE: a failed visit is informative
AD000130,0.241,0.64,530.5,low,1,INFERRED_FROM_LANDMARK,LOCATION_UNRESOLVED: do not treat a failed visit here as evidence the address is invalid
AD000132,0.575,0.9,249.7,medium,0,INFERRED_FROM_STREET_NEIGHBOURS,LOCATION_APPROXIMATE: a failed visit is weak evidence; retry with directions
AD000133,0.977,0.977,18.7,high,0,CONFIRMED_BY_FIELD_VISIT,LOCATION_CONFIRMED_OR_RELIABLE: a failed visit is informative
AD000134,0.468,0.891,259.0,medium,0,INFERRED_FROM_STREET_NEIGHBOURS,LOCATION_APPROXIMATE: a failed visit is weak evidence; retry with directions
AD000135,0.977,0.977,39.4,high,0,CONFIRMED_BY_FIELD_VISIT,LOCATION_CONFIRMED_OR_RELIABLE: a failed visit is informative
AD000136,0.179,0.578,618.2,low,1,INFERRED_FROM_LANDMARK,LOCATION_UNRESOLVED: do not treat a failed visit here as evidence the address is invalid
AD000137,0.977,0.977,16.0,high,0,CONFIRMED_BY_FIELD_VISIT,LOCATION_CONFIRMED_OR_RELIABLE: a failed visit is informative
AD000138,0.955,0.977,57.1,high,0,CONFIRMED_BY_FIELD_VISIT,LOCATION_CONFIRMED_OR_RELIABLE: a failed visit is informative
AD000139,0.732,0.923,172.9,medium,0,INFERRED_FROM_STREET_NEIGHBOURS,LOCATION_APPROXIMATE: a failed visit is weak evidence; retry with directions
AD000140,0.408,0.815,356.0,low,1,INFERRED_FROM_STREET_NEIGHBOURS,LOCATION_UNRESOLVED: do not treat a failed visit here as evidence the address is invalid
AD000141,0.0,0.031,1728.5,low,1,NO_LOCALITY_IN_TEXT|OLD_GEOCODER_AT_PINCODE_CENTRE,LOCATION_UNRESOLVED: do not treat a failed visit here as evidence the address is invalid
AD000142,0.977,0.977,40.7,high,0,CONFIRMED_BY_FIELD_VISIT,LOCATION_CONFIRMED_OR_RELIABLE: a failed visit is informative
AD000144,0.466,0.85,310.8,low,1,INFERRED_FROM_STREET_NEIGHBOURS,LOCATION_UNRESOLVED: do not treat a failed visit here as evidence the address is invalid
AD000145,0.258,0.656,513.8,low,1,INFERRED_FROM_LANDMARK,LOCATION_UNRESOLVED: do not treat a failed visit here as evidence the address is invalid
AD000146,0.977,0.977,16.5,high,0,CONFIRMED_BY_FIELD_VISIT,LOCATION_CONFIRMED_OR_RELIABLE: a failed visit is informative
AD000147,0.977,0.977,26.8,high,0,CONFIRMED_BY_FIELD_VISIT,LOCATION_CONFIRMED_OR_RELIABLE: a failed visit is informative
AD000148,0.396,0.8,369.5,low,1,INFERRED_FROM_STREET_NEIGHBOURS,LOCATION_UNRESOLVED: do not treat a failed visit here as evidence the address is invalid
AD000149,0.049,0.189,1486.6,low,1,INFERRED_FROM_STREET_NEIGHBOURS,LOCATION_UNRESOLVED: do not treat a failed visit here as evidence the address is invalid
AD000150,0.932,0.977,90.7,medium,0,CONFIRMED_BY_FIELD_VISIT,LOCATION_APPROXIMATE: a failed visit is weak evidence; retry with directions
AD000151,0.977,0.977,25.5,high,0,CONFIRMED_BY_FIELD_VISIT,LOCATION_CONFIRMED_OR_RELIABLE: a failed visit is informative
AD000152,0.977,0.977,17.8,high,0,CONFIRMED_BY_FIELD_VISIT,LOCATION_CONFIRMED_OR_RELIABLE: a failed visit is informative
AD000153,0.977,0.977,24.0,high,0,CONFIRMED_BY_FIELD_VISIT,LOCATION_CONFIRMED_OR_RELIABLE: a failed visit is informative
AD000154,0.977,0.977,17.9,high,0,CONFIRMED_BY_FIELD_VISIT,LOCATION_CONFIRMED_OR_RELIABLE: a failed visit is informative
AD000155,0.977,0.977,16.1,high,0,CONFIRMED_BY_FIELD_VISIT,LOCATION_CONFIRMED_OR_RELIABLE: a failed visit is informative
AD000156,0.0,0.031,1912.6,low,1,NO_LOCALITY_IN_TEXT|OLD_GEOCODER_AT_PINCODE_CENTRE,LOCATION_UNRESOLVED: do not treat a failed visit here as evidence the address is invalid
AD000157,0.374,0.783,390.5,low,1,INFERRED_FROM_STREET_NEIGHBOURS,LOCATION_UNRESOLVED: do not treat a failed visit here as evidence the address is invalid
AD000159,0.977,0.977,18.9,high,0,CONFIRMED_BY_FIELD_VISIT,LOCATION_CONFIRMED_OR_RELIABLE: a failed visit is informative
AD000160,0.499,0.864,290.9,medium,0,INFERRED_FROM_STREET_NEIGHBOURS,LOCATION_APPROXIMATE: a failed visit is weak evidence; retry with directions
AD000161,0.826,0.953,137.2,medium,0,INFERRED_FROM_STREET_NEIGHBOURS,LOCATION_APPROXIMATE: a failed visit is weak evidence; retry with directions
AD000162,0.459,0.877,264.9,medium,0,INFERRED_FROM_STREET_NEIGHBOURS,LOCATION_APPROXIMATE: a failed visit is weak evidence; retry with directions
AD000163,0.977,0.977,15.8,high,0,CONFIRMED_BY_FIELD_VISIT,LOCATION_CONFIRMED_OR_RELIABLE: a failed visit is informative
AD000164,0.96,0.989,48.6,high,0,LOCALITY_LEVEL_ONLY,LOCATION_CONFIRMED_OR_RELIABLE: a failed visit is informative
AD000165,0.977,0.977,26.8,high,0,CONFIRMED_BY_FIELD_VISIT,LOCATION_CONFIRMED_OR_RELIABLE: a failed visit is informative
AD000166,0.977,0.977,18.8,high,0,CONFIRMED_BY_FIELD_VISIT,LOCATION_CONFIRMED_OR_RELIABLE: a failed visit is informative
AD000167,0.313,0.723,447.0,low,1,INFERRED_FROM_STREET_NEIGHBOURS,LOCATION_UNRESOLVED: do not treat a failed visit here as evidence the address is invalid
AD000168,0.189,0.599,589.9,low,1,INFERRED_FROM_LANDMARK,LOCATION_UNRESOLVED: do not treat a failed visit here as evidence the address is invalid
AD000169,0.977,0.977,23.3,high,0,CONFIRMED_BY_FIELD_VISIT,LOCATION_CONFIRMED_OR_RELIABLE: a failed visit is informative
AD000170,0.034,0.146,1771.4,low,1,LOCALITY_LEVEL_ONLY,LOCATION_UNRESOLVED: do not treat a failed visit here as evidence the address is invalid
AD000171,0.0,0.0,3083.9,low,1,NO_LOCALITY_IN_TEXT|OLD_GEOCODER_AT_PINCODE_CENTRE,LOCATION_UNRESOLVED: do not treat a failed visit here as evidence the address is invalid
AD000172,0.977,0.977,19.2,high,0,CONFIRMED_BY_FIELD_VISIT,LOCATION_CONFIRMED_OR_RELIABLE: a failed visit is informative
AD000173,0.977,0.977,19.7,high,0,CONFIRMED_BY_FIELD_VISIT,LOCATION_CONFIRMED_OR_RELIABLE: a failed visit is informative
AD000174,0.3,0.704,464.4,low,1,INFERRED_FROM_STREET_NEIGHBOURS,LOCATION_UNRESOLVED: do not treat a failed visit here as evidence the address is invalid
AD000175,0.977,0.977,19.8,high,0,CONFIRMED_BY_FIELD_VISIT,LOCATION_CONFIRMED_OR_RELIABLE: a failed visit is informative
AD000176,0.977,0.977,17.9,high,0,CONFIRMED_BY_FIELD_VISIT,LOCATION_CONFIRMED_OR_RELIABLE: a failed visit is informative
AD000177,0.977,0.977,20.5,high,0,CONFIRMED_BY_FIELD_VISIT,LOCATION_CONFIRMED_OR_RELIABLE: a failed visit is informative
AD000178,0.977,0.977,20.0,high,0,CONFIRMED_BY_FIELD_VISIT,LOCATION_CONFIRMED_OR_RELIABLE: a failed visit is informative
AD000179,0.845,0.956,127.9,medium,0,INFERRED_FROM_STREET_NEIGHBOURS,LOCATION_APPROXIMATE: a failed visit is weak evidence; retry with directions
AD000180,0.977,0.977,26.8,high,0,CONFIRMED_BY_FIELD_VISIT,LOCATION_CONFIRMED_OR_RELIABLE: a failed visit is informative
AD000181,0.977,0.977,15.8,high,0,CONFIRMED_BY_FIELD_VISIT,LOCATION_CONFIRMED_OR_RELIABLE: a failed visit is informative
AD000182,0.932,0.977,84.3,medium,0,CONFIRMED_BY_FIELD_VISIT,LOCATION_APPROXIMATE: a failed visit is weak evidence; retry with directions
AD000184,0.571,0.897,251.0,medium,0,INFERRED_FROM_STREET_NEIGHBOURS,LOCATION_APPROXIMATE: a failed visit is weak evidence; retry with directions
AD000185,0.8,0.945,147.1,medium,0,INFERRED_FROM_STREET_NEIGHBOURS,LOCATION_APPROXIMATE: a failed visit is weak evidence; retry with directions
AD000186,0.164,0.546,660.9,low,1,INFERRED_FROM_LANDMARK,LOCATION_UNRESOLVED: do not treat a failed visit here as evidence the address is invalid
AD000187,0.955,0.977,72.0,medium,0,CONFIRMED_BY_FIELD_VISIT,LOCATION_APPROXIMATE: a failed visit is weak evidence; retry with directions
AD000188,0.766,0.95,162.0,medium,0,INFERRED_FROM_STREET_NEIGHBOURS,LOCATION_APPROXIMATE: a failed visit is weak evidence; retry with directions
AD000189,0.977,0.977,22.4,high,0,CONFIRMED_BY_FIELD_VISIT,LOCATION_CONFIRMED_OR_RELIABLE: a failed visit is informative
AD000190,0.774,0.95,158.9,medium,0,INFERRED_FROM_STREET_NEIGHBOURS,LOCATION_APPROXIMATE: a failed visit is weak evidence; retry with directions
AD000191,0.977,0.977,15.7,high,0,CONFIRMED_BY_FIELD_VISIT,LOCATION_CONFIRMED_OR_RELIABLE: a failed visit is informative
AD000192,0.732,0.923,172.8,medium,0,INFERRED_FROM_STREET_NEIGHBOURS,LOCATION_APPROXIMATE: a failed visit is weak evidence; retry with directions
AD000193,0.705,0.955,150.8,medium,0,CONFIRMED_BY_FIELD_VISIT,LOCATION_APPROXIMATE: a failed visit is weak evidence; retry with directions
AD000194,0.977,0.977,28.7,high,0,CONFIRMED_BY_FIELD_VISIT,LOCATION_CONFIRMED_OR_RELIABLE: a failed visit is informative
AD000195,0.977,0.977,18.0,high,0,CONFIRMED_BY_FIELD_VISIT,LOCATION_CONFIRMED_OR_RELIABLE: a failed visit is informative
AD000196,0.343,0.749,421.6,low,1,INFERRED_FROM_STREET_NEIGHBOURS,LOCATION_UNRESOLVED: do not treat a failed visit here as evidence the address is invalid
AD000197,0.955,0.977,43.0,high,0,CONFIRMED_BY_FIELD_VISIT,LOCATION_CONFIRMED_OR_RELIABLE: a failed visit is informative
AD000198,0.955,0.977,44.5,high,0,CONFIRMED_BY_FIELD_VISIT,LOCATION_CONFIRMED_OR_RELIABLE: a failed visit is informative
AD000199,0.977,0.977,20.4,high,0,CONFIRMED_BY_FIELD_VISIT,LOCATION_CONFIRMED_OR_RELIABLE: a failed visit is informative
AD000200,0.977,0.977,35.1,high,0,CONFIRMED_BY_FIELD_VISIT,LOCATION_CONFIRMED_OR_RELIABLE: a failed visit is informative
AD000201,0.977,0.977,27.6,high,0,CONFIRMED_BY_FIELD_VISIT,LOCATION_CONFIRMED_OR_RELIABLE: a failed visit is informative
AD000202,0.977,0.977,16.5,high,0,CONFIRMED_BY_FIELD_VISIT,LOCATION_CONFIRMED_OR_RELIABLE: a failed visit is informative
AD000203,0.977,0.977,31.3,high,0,CONFIRMED_BY_FIELD_VISIT,LOCATION_CONFIRMED_OR_RELIABLE: a failed visit is informative
AD000204,0.977,0.977,22.0,high,0,CONFIRMED_BY_FIELD_VISIT,LOCATION_CONFIRMED_OR_RELIABLE: a failed visit is informative
AD000205,0.143,0.511,711.2,low,1,INFERRED_FROM_LANDMARK,LOCATION_UNRESOLVED: do not treat a failed visit here as evidence the address is invalid
AD000206,0.028,0.132,1836.5,low,1,LOCALITY_LEVEL_ONLY,LOCATION_UNRESOLVED: do not treat a failed visit here as evidence the address is invalid
AD000207,0.028,0.132,1841.2,low,1,LOCALITY_LEVEL_ONLY,LOCATION_UNRESOLVED: do not treat a failed visit here as evidence the address is invalid
AD000208,0.582,0.909,225.1,medium,0,INFERRED_FROM_LANDMARK,LOCATION_APPROXIMATE: a failed visit is weak evidence; retry with directions
AD000209,0.977,0.977,22.8,high,0,CONFIRMED_BY_FIELD_VISIT,LOCATION_CONFIRMED_OR_RELIABLE: a failed visit is informative
AD000210,0.321,0.735,440.5,low,1,INFERRED_FROM_STREET_NEIGHBOURS,LOCATION_UNRESOLVED: do not treat a failed visit here as evidence the address is invalid
AD000211,0.527,0.905,243.9,medium,0,INFERRED_FROM_LANDMARK,LOCATION_APPROXIMATE: a failed visit is weak evidence; retry with directions
AD000212,0.895,0.973,101.6,medium,0,INFERRED_FROM_STREET_NEIGHBOURS,LOCATION_APPROXIMATE: a failed visit is weak evidence; retry with directions
AD000213,0.895,0.973,102.8,medium,0,INFERRED_FROM_STREET_NEIGHBOURS,LOCATION_APPROXIMATE: a failed visit is weak evidence; retry with directions
AD000214,0.85,0.959,125.5,medium,0,INFERRED_FROM_STREET_NEIGHBOURS,LOCATION_APPROXIMATE: a failed visit is weak evidence; retry with directions
AD000216,0.682,0.955,160.7,medium,0,CONFIRMED_BY_FIELD_VISIT,LOCATION_APPROXIMATE: a failed visit is weak evidence; retry with directions
AD000217,0.427,0.823,347.5,low,1,INFERRED_FROM_STREET_NEIGHBOURS,LOCATION_UNRESOLVED: do not treat a failed visit here as evidence the address is invalid
AD000219,0.665,0.933,200.1,medium,0,INFERRED_FROM_STREET_NEIGHBOURS,LOCATION_APPROXIMATE: a failed visit is weak evidence; retry with directions
AD000220,0.977,0.977,24.0,high,0,CONFIRMED_BY_FIELD_VISIT,LOCATION_CONFIRMED_OR_RELIABLE: a failed visit is informative
AD000221,0.955,0.977,41.9,high,0,CONFIRMED_BY_FIELD_VISIT,LOCATION_CONFIRMED_OR_RELIABLE: a failed visit is informative
AD000222,0.591,0.909,219.0,medium,0,INFERRED_FROM_STREET_NEIGHBOURS,LOCATION_APPROXIMATE: a failed visit is weak evidence; retry with directions
AD000223,0.818,0.955,116.9,medium,0,CONFIRMED_BY_FIELD_VISIT,LOCATION_APPROXIMATE: a failed visit is weak evidence; retry with directions
AD000224,0.509,0.9,248.0,medium,0,INFERRED_FROM_STREET_NEIGHBOURS,LOCATION_APPROXIMATE: a failed visit is weak evidence; retry with directions
AD000225,0.845,0.945,130.5,medium,0,INFERRED_FROM_STREET_NEIGHBOURS,LOCATION_APPROXIMATE: a failed visit is weak evidence; retry with directions
AD000226,0.285,0.683,483.7,low,1,INFERRED_FROM_LANDMARK,LOCATION_UNRESOLVED: do not treat a failed visit here as evidence the address is invalid
AD000227,0.977,0.977,20.7,high,0,CONFIRMED_BY_FIELD_VISIT,LOCATION_CONFIRMED_OR_RELIABLE: a failed visit is informative
AD000228,0.955,0.977,64.2,medium,0,CONFIRMED_BY_FIELD_VISIT,LOCATION_APPROXIMATE: a failed visit is weak evidence; retry with directions
AD000229,0.816,0.953,141.7,medium,0,INFERRED_FROM_STREET_NEIGHBOURS,LOCATION_APPROXIMATE: a failed visit is weak evidence; retry with directions
AD000230,0.296,0.701,469.4,low,1,INFERRED_FROM_LANDMARK,LOCATION_UNRESOLVED: do not treat a failed visit here as evidence the address is invalid
AD000231,0.977,0.977,21.9,high,0,CONFIRMED_BY_FIELD_VISIT,LOCATION_CONFIRMED_OR_RELIABLE: a failed visit is informative
AD000232,0.409,0.864,290.8,medium,0,INFERRED_FROM_STREET_NEIGHBOURS,LOCATION_APPROXIMATE: a failed visit is weak evidence; retry with directions
AD000233,0.977,0.977,36.8,high,0,CONFIRMED_BY_FIELD_VISIT,LOCATION_CONFIRMED_OR_RELIABLE: a failed visit is informative
AD000234,0.176,0.576,622.0,low,1,INFERRED_FROM_LANDMARK,LOCATION_UNRESOLVED: do not treat a failed visit here as evidence the address is invalid
AD000235,0.977,0.977,17.8,high,0,CONFIRMED_BY_FIELD_VISIT,LOCATION_CONFIRMED_OR_RELIABLE: a failed visit is informative
AD000236,0.977,0.977,14.7,high,0,CONFIRMED_BY_FIELD_VISIT,LOCATION_CONFIRMED_OR_RELIABLE: a failed visit is informative
AD000237,0.977,0.977,25.7,high,0,CONFIRMED_BY_FIELD_VISIT,LOCATION_CONFIRMED_OR_RELIABLE: a failed visit is informative
AD000238,0.977,0.977,30.7,high,0,CONFIRMED_BY_FIELD_VISIT,LOCATION_CONFIRMED_OR_RELIABLE: a failed visit is informative
AD000239,0.955,0.977,57.8,high,0,CONFIRMED_BY_FIELD_VISIT,LOCATION_CONFIRMED_OR_RELIABLE: a failed visit is informative
AD000240,0.425,0.822,348.9,low,1,INFERRED_FROM_STREET_NEIGHBOURS,LOCATION_UNRESOLVED: do not treat a failed visit here as evidence the address is invalid
AD000241,0.482,0.895,253.3,medium,0,LOCALITY_LEVEL_ONLY,LOCATION_APPROXIMATE: a failed visit is weak evidence; retry with directions
AD000242,0.98,0.99,28.8,high,0,NO_LOCALITY_IN_TEXT,LOCATION_CONFIRMED_OR_RELIABLE: a failed visit is informative
AD000243,0.582,0.909,225.4,medium,0,INFERRED_FROM_STREET_NEIGHBOURS,LOCATION_APPROXIMATE: a failed visit is weak evidence; retry with directions
AD000244,0.229,0.623,552.8,low,1,INFERRED_FROM_LANDMARK,LOCATION_UNRESOLVED: do not treat a failed visit here as evidence the address is invalid
AD000245,0.0,0.031,1967.6,low,1,NO_LOCALITY_IN_TEXT|OLD_GEOCODER_AT_PINCODE_CENTRE,LOCATION_UNRESOLVED: do not treat a failed visit here as evidence the address is invalid
AD000246,0.028,0.132,1837.1,low,1,LOCALITY_LEVEL_ONLY,LOCATION_UNRESOLVED: do not treat a failed visit here as evidence the address is invalid
AD000247,0.977,0.977,19.5,high,0,CONFIRMED_BY_FIELD_VISIT,LOCATION_CONFIRMED_OR_RELIABLE: a failed visit is informative
AD000248,0.156,0.535,677.0,low,1,INFERRED_FROM_LANDMARK,LOCATION_UNRESOLVED: do not treat a failed visit here as evidence the address is invalid
AD000249,0.455,0.877,265.6,medium,0,INFERRED_FROM_LANDMARK,LOCATION_APPROXIMATE: a failed visit is weak evidence; retry with directions
AD000250,0.344,0.749,420.7,low,1,INFERRED_FROM_STREET_NEIGHBOURS,LOCATION_UNRESOLVED: do not treat a failed visit here as evidence the address is invalid
AD000251,0.977,0.977,44.5,high,0,CONFIRMED_BY_FIELD_VISIT,LOCATION_CONFIRMED_OR_RELIABLE: a failed visit is informative
AD000252,0.295,0.698,470.6,low,1,INFERRED_FROM_LANDMARK,LOCATION_UNRESOLVED: do not treat a failed visit here as evidence the address is invalid
AD000253,0.977,0.977,18.9,high,0,CONFIRMED_BY_FIELD_VISIT,LOCATION_CONFIRMED_OR_RELIABLE: a failed visit is informative
AD000254,0.852,0.959,123.1,medium,0,INFERRED_FROM_STREET_NEIGHBOURS,LOCATION_APPROXIMATE: a failed visit is weak evidence; retry with directions
AD000255,0.977,0.977,20.0,high,0,CONFIRMED_BY_FIELD_VISIT,LOCATION_CONFIRMED_OR_RELIABLE: a failed visit is informative
AD000256,0.8,0.945,146.9,medium,0,INFERRED_FROM_STREET_NEIGHBOURS,LOCATION_APPROXIMATE: a failed visit is weak evidence; retry with directions
AD000257,0.977,0.977,13.5,high,0,CONFIRMED_BY_FIELD_VISIT,LOCATION_CONFIRMED_OR_RELIABLE: a failed visit is informative
AD000258,0.977,0.977,32.9,high,0,CONFIRMED_BY_FIELD_VISIT,LOCATION_CONFIRMED_OR_RELIABLE: a failed visit is informative
AD000259,0.977,0.977,17.5,high,0,CONFIRMED_BY_FIELD_VISIT,LOCATION_CONFIRMED_OR_RELIABLE: a failed visit is informative
AD000260,0.955,0.977,46.4,high,0,CONFIRMED_BY_FIELD_VISIT,LOCATION_CONFIRMED_OR_RELIABLE: a failed visit is informative
AD000261,0.182,0.58,615.8,low,1,INFERRED_FROM_STREET_NEIGHBOURS,LOCATION_UNRESOLVED: do not treat a failed visit here as evidence the address is invalid
AD000263,0.313,0.726,446.4,low,1,INFERRED_FROM_LANDMARK,LOCATION_UNRESOLVED: do not treat a failed visit here as evidence the address is invalid
AD000264,0.334,0.742,430.4,low,1,INFERRED_FROM_STREET_NEIGHBOURS,LOCATION_UNRESOLVED: do not treat a failed visit here as evidence the address is invalid
AD000265,0.864,0.959,115.6,medium,0,INFERRED_FROM_STREET_NEIGHBOURS,LOCATION_APPROXIMATE: a failed visit is weak evidence; retry with directions
AD000266,0.061,0.267,1263.2,low,1,INFERRED_FROM_STREET_NEIGHBOURS,LOCATION_UNRESOLVED: do not treat a failed visit here as evidence the address is invalid
AD000267,0.977,0.977,15.7,high,0,CONFIRMED_BY_FIELD_VISIT,LOCATION_CONFIRMED_OR_RELIABLE: a failed visit is informative
AD000268,0.977,0.977,15.9,high,0,CONFIRMED_BY_FIELD_VISIT,LOCATION_CONFIRMED_OR_RELIABLE: a failed visit is informative
AD000269,0.313,0.725,446.9,low,1,INFERRED_FROM_STREET_NEIGHBOURS,LOCATION_UNRESOLVED: do not treat a failed visit here as evidence the address is invalid
AD000270,0.036,0.146,1756.4,low,1,LOCALITY_LEVEL_ONLY,LOCATION_UNRESOLVED: do not treat a failed visit here as evidence the address is invalid
AD000272,0.977,0.977,15.8,high,0,CONFIRMED_BY_FIELD_VISIT,LOCATION_CONFIRMED_OR_RELIABLE: a failed visit is informative
AD000273,0.0,0.02,2285.6,low,1,NO_LOCALITY_IN_TEXT|OLD_GEOCODER_AT_PINCODE_CENTRE,LOCATION_UNRESOLVED: do not treat a failed visit here as evidence the address is invalid
AD000274,0.393,0.799,372.1,low,1,INFERRED_FROM_STREET_NEIGHBOURS,LOCATION_UNRESOLVED: do not treat a failed visit here as evidence the address is invalid
AD000275,0.977,0.977,38.7,high,0,CONFIRMED_BY_FIELD_VISIT,LOCATION_CONFIRMED_OR_RELIABLE: a failed visit is informative
AD000276,0.862,0.963,117.2,medium,0,INFERRED_FROM_STREET_NEIGHBOURS,LOCATION_APPROXIMATE: a failed visit is weak evidence; retry with directions
AD000277,0.095,0.385,949.0,low,1,INFERRED_FROM_LANDMARK,LOCATION_UNRESOLVED: do not treat a failed visit here as evidence the address is invalid
AD000278,0.468,0.895,256.4,medium,0,INFERRED_FROM_STREET_NEIGHBOURS,LOCATION_APPROXIMATE: a failed visit is weak evidence; retry with directions
AD000279,0.977,0.977,18.1,high,0,CONFIRMED_BY_FIELD_VISIT,LOCATION_CONFIRMED_OR_RELIABLE: a failed visit is informative
AD000280,0.267,0.663,504.1,low,1,INFERRED_FROM_LANDMARK,LOCATION_UNRESOLVED: do not treat a failed visit here as evidence the address is invalid
AD000281,0.977,0.977,20.7,high,0,CONFIRMED_BY_FIELD_VISIT,LOCATION_CONFIRMED_OR_RELIABLE: a failed visit is informative
AD000282,0.586,0.909,222.0,medium,0,LOCALITY_LEVEL_ONLY,LOCATION_APPROXIMATE: a failed visit is weak evidence; retry with directions
AD000284,0.977,0.977,41.0,high,0,CONFIRMED_BY_FIELD_VISIT,LOCATION_CONFIRMED_OR_RELIABLE: a failed visit is informative
AD000285,0.977,0.977,17.4,high,0,CONFIRMED_BY_FIELD_VISIT,LOCATION_CONFIRMED_OR_RELIABLE: a failed visit is informative
AD000286,0.955,0.977,59.7,high,0,CONFIRMED_BY_FIELD_VISIT,LOCATION_CONFIRMED_OR_RELIABLE: a failed visit is informative
AD000287,0.977,0.977,36.8,high,0,CONFIRMED_BY_FIELD_VISIT,LOCATION_CONFIRMED_OR_RELIABLE: a failed visit is informative
AD000288,0.977,0.977,21.8,high,0,CONFIRMED_BY_FIELD_VISIT,LOCATION_CONFIRMED_OR_RELIABLE: a failed visit is informative
AD000290,0.977,0.977,25.3,high,0,CONFIRMED_BY_FIELD_VISIT,LOCATION_CONFIRMED_OR_RELIABLE: a failed visit is informative
AD000291,0.265,0.661,508.0,low,1,INFERRED_FROM_LANDMARK,LOCATION_UNRESOLVED: do not treat a failed visit here as evidence the address is invalid
AD000292,0.977,0.977,16.9,high,0,CONFIRMED_BY_FIELD_VISIT,LOCATION_CONFIRMED_OR_RELIABLE: a failed visit is informative
AD000293,0.977,0.977,20.4,high,0,CONFIRMED_BY_FIELD_VISIT,LOCATION_CONFIRMED_OR_RELIABLE: a failed visit is informative
AD000294,0.0,0.0,3344.6,low,1,NO_LOCALITY_IN_TEXT|OLD_GEOCODER_AT_PINCODE_CENTRE,LOCATION_UNRESOLVED: do not treat a failed visit here as evidence the address is invalid
AD000295,0.632,0.923,202.0,medium,0,INFERRED_FROM_STREET_NEIGHBOURS,LOCATION_APPROXIMATE: a failed visit is weak evidence; retry with directions
AD000296,0.385,0.79,379.2,low,1,INFERRED_FROM_STREET_NEIGHBOURS,LOCATION_UNRESOLVED: do not treat a failed visit here as evidence the address is invalid
AD000297,0.855,0.945,123.6,medium,0,INFERRED_FROM_STREET_NEIGHBOURS,LOCATION_APPROXIMATE: a failed visit is weak evidence; retry with directions
AD000298,0.832,0.945,137.9,medium,0,INFERRED_FROM_STREET_NEIGHBOURS,LOCATION_APPROXIMATE: a failed visit is weak evidence; retry with directions
AD000299,0.0,0.031,1915.9,low,1,NO_LOCALITY_IN_TEXT|OLD_GEOCODER_AT_PINCODE_CENTRE,LOCATION_UNRESOLVED: do not treat a failed visit here as evidence the address is invalid
AD000300,0.46,0.849,316.7,low,1,INFERRED_FROM_STREET_NEIGHBOURS,LOCATION_UNRESOLVED: do not treat a failed visit here as evidence the address is invalid
AD000301,0.401,0.807,361.6,low,1,INFERRED_FROM_STREET_NEIGHBOURS,LOCATION_UNRESOLVED: do not treat a failed visit here as evidence the address is invalid
AD000302,0.756,0.948,165.8,medium,0,INFERRED_FROM_STREET_NEIGHBOURS,LOCATION_APPROXIMATE: a failed visit is weak evidence; retry with directions
AD000303,0.955,0.977,48.1,high,0,CONFIRMED_BY_FIELD_VISIT,LOCATION_CONFIRMED_OR_RELIABLE: a failed visit is informative
AD000304,0.392,0.799,372.5,low,1,INFERRED_FROM_STREET_NEIGHBOURS,LOCATION_UNRESOLVED: do not treat a failed visit here as evidence the address is invalid
AD000305,0.034,0.146,1769.0,low,1,LOCALITY_LEVEL_ONLY,LOCATION_UNRESOLVED: do not treat a failed visit here as evidence the address is invalid
AD000306,0.313,0.721,447.9,low,1,INFERRED_FROM_STREET_NEIGHBOURS,LOCATION_UNRESOLVED: do not treat a failed visit here as evidence the address is invalid
AD000307,0.977,0.977,16.7,high,0,CONFIRMED_BY_FIELD_VISIT,LOCATION_CONFIRMED_OR_RELIABLE: a failed visit is informative
AD000308,0.739,0.946,174.2,medium,0,INFERRED_FROM_STREET_NEIGHBOURS,LOCATION_APPROXIMATE: a failed visit is weak evidence; retry with directions
AD000309,0.977,0.977,36.2,high,0,CONFIRMED_BY_FIELD_VISIT,LOCATION_CONFIRMED_OR_RELIABLE: a failed visit is informative
AD000310,0.0,0.031,1640.9,low,1,NO_LOCALITY_IN_TEXT|OLD_GEOCODER_AT_PINCODE_CENTRE,LOCATION_UNRESOLVED: do not treat a failed visit here as evidence the address is invalid
AD000311,0.164,0.544,661.7,low,1,INFERRED_FROM_LANDMARK,LOCATION_UNRESOLVED: do not treat a failed visit here as evidence the address is invalid
AD000312,0.25,0.652,519.1,low,1,INFERRED_FROM_LANDMARK,LOCATION_UNRESOLVED: do not treat a failed visit here as evidence the address is invalid
AD000313,0.392,0.799,373.3,low,1,INFERRED_FROM_STREET_NEIGHBOURS,LOCATION_UNRESOLVED: do not treat a failed visit here as evidence the address is invalid
AD000314,0.977,0.977,15.3,high,0,CONFIRMED_BY_FIELD_VISIT,LOCATION_CONFIRMED_OR_RELIABLE: a failed visit is informative
AD000315,0.723,0.923,180.1,medium,0,INFERRED_FROM_STREET_NEIGHBOURS,LOCATION_APPROXIMATE: a failed visit is weak evidence; retry with directions
AD000316,0.977,0.977,26.5,high,0,CONFIRMED_BY_FIELD_VISIT,LOCATION_CONFIRMED_OR_RELIABLE: a failed visit is informative
AD000317,0.0,0.031,1699.9,low,1,NO_LOCALITY_IN_TEXT|OLD_GEOCODER_AT_PINCODE_CENTRE,LOCATION_UNRESOLVED: do not treat a failed visit here as evidence the address is invalid
AD000318,0.85,0.959,123.9,medium,0,INFERRED_FROM_STREET_NEIGHBOURS,LOCATION_APPROXIMATE: a failed visit is weak evidence; retry with directions
AD000319,0.85,0.959,124.6,medium,0,INFERRED_FROM_STREET_NEIGHBOURS,LOCATION_APPROXIMATE: a failed visit is weak evidence; retry with directions
AD000320,0.977,0.977,16.6,high,0,CONFIRMED_BY_FIELD_VISIT,LOCATION_CONFIRMED_OR_RELIABLE: a failed visit is informative
AD000321,0.321,0.735,440.5,low,1,INFERRED_FROM_STREET_NEIGHBOURS,LOCATION_UNRESOLVED: do not treat a failed visit here as evidence the address is invalid
AD000322,0.953,0.977,58.6,high,0,CONFIRMED_BY_FIELD_VISIT,LOCATION_CONFIRMED_OR_RELIABLE: a failed visit is informative
AD000323,0.977,0.977,39.2,high,0,CONFIRMED_BY_FIELD_VISIT,LOCATION_CONFIRMED_OR_RELIABLE: a failed visit is informative
AD000324,0.977,0.977,20.7,high,0,CONFIRMED_BY_FIELD_VISIT,LOCATION_CONFIRMED_OR_RELIABLE: a failed visit is informative
AD000325,0.104,0.434,855.2,low,1,INFERRED_FROM_LANDMARK,LOCATION_UNRESOLVED: do not treat a failed visit here as evidence the address is invalid
AD000326,0.0,0.02,2255.9,low,1,NO_LOCALITY_IN_TEXT|OLD_GEOCODER_AT_PINCODE_CENTRE,LOCATION_UNRESOLVED: do not treat a failed visit here as evidence the address is invalid
AD000327,0.308,0.72,450.7,low,1,INFERRED_FROM_LANDMARK,LOCATION_UNRESOLVED: do not treat a failed visit here as evidence the address is invalid
AD000328,0.977,0.977,15.7,high,0,CONFIRMED_BY_FIELD_VISIT,LOCATION_CONFIRMED_OR_RELIABLE: a failed visit is informative
AD000330,0.977,0.977,16.9,high,0,CONFIRMED_BY_FIELD_VISIT,LOCATION_CONFIRMED_OR_RELIABLE: a failed visit is informative
AD000331,0.386,0.791,378.6,low,1,INFERRED_FROM_STREET_NEIGHBOURS,LOCATION_UNRESOLVED: do not treat a failed visit here as evidence the address is invalid
AD000332,0.439,0.832,336.9,low,1,INFERRED_FROM_STREET_NEIGHBOURS,LOCATION_UNRESOLVED: do not treat a failed visit here as evidence the address is invalid
AD000333,0.385,0.79,380.2,low,1,INFERRED_FROM_STREET_NEIGHBOURS,LOCATION_UNRESOLVED: do not treat a failed visit here as evidence the address is invalid
AD000334,0.776,0.95,158.5,medium,0,INFERRED_FROM_STREET_NEIGHBOURS,LOCATION_APPROXIMATE: a failed visit is weak evidence; retry with directions
AD000335,0.179,0.577,619.4,low,1,INFERRED_FROM_LANDMARK,LOCATION_UNRESOLVED: do not treat a failed visit here as evidence the address is invalid
AD000336,0.977,0.977,16.3,high,0,CONFIRMED_BY_FIELD_VISIT,LOCATION_CONFIRMED_OR_RELIABLE: a failed visit is informative
AD000337,0.977,0.977,16.0,high,0,CONFIRMED_BY_FIELD_VISIT,LOCATION_CONFIRMED_OR_RELIABLE: a failed visit is informative
AD000338,0.977,0.977,24.1,high,0,CONFIRMED_BY_FIELD_VISIT,LOCATION_CONFIRMED_OR_RELIABLE: a failed visit is informative
AD000339,0.396,0.8,367.7,low,1,INFERRED_FROM_STREET_NEIGHBOURS,LOCATION_UNRESOLVED: do not treat a failed visit here as evidence the address is invalid
AD000340,0.807,0.952,145.1,medium,0,INFERRED_FROM_STREET_NEIGHBOURS,LOCATION_APPROXIMATE: a failed visit is weak evidence; retry with directions
AD000341,0.854,0.961,121.8,medium,0,INFERRED_FROM_STREET_NEIGHBOURS,LOCATION_APPROXIMATE: a failed visit is weak evidence; retry with directions
AD000342,0.977,0.977,16.8,high,0,CONFIRMED_BY_FIELD_VISIT,LOCATION_CONFIRMED_OR_RELIABLE: a failed visit is informative
AD000343,0.361,0.768,400.6,low,1,INFERRED_FROM_STREET_NEIGHBOURS,LOCATION_UNRESOLVED: do not treat a failed visit here as evidence the address is invalid
AD000344,0.389,0.797,375.1,low,1,INFERRED_FROM_STREET_NEIGHBOURS,LOCATION_UNRESOLVED: do not treat a failed visit here as evidence the address is invalid
AD000345,0.034,0.145,1775.9,low,1,LOCALITY_LEVEL_ONLY,LOCATION_UNRESOLVED: do not treat a failed visit here as evidence the address is invalid
AD000346,0.659,0.923,196.5,medium,0,INFERRED_FROM_STREET_NEIGHBOURS,LOCATION_APPROXIMATE: a failed visit is weak evidence; retry with directions
AD000347,0.0,0.02,2109.7,low,1,NO_LOCALITY_IN_TEXT|OLD_GEOCODER_AT_PINCODE_CENTRE,LOCATION_UNRESOLVED: do not treat a failed visit here as evidence the address is invalid
AD000348,0.977,0.977,18.4,high,0,CONFIRMED_BY_FIELD_VISIT,LOCATION_CONFIRMED_OR_RELIABLE: a failed visit is informative
AD000349,0.341,0.749,422.2,low,1,INFERRED_FROM_STREET_NEIGHBOURS,LOCATION_UNRESOLVED: do not treat a failed visit here as evidence the address is invalid
AD000350,0.013,0.081,2666.0,low,1,INFERRED_FROM_LANDMARK|OLD_GEOCODER_AT_PINCODE_CENTRE,LOCATION_UNRESOLVED: do not treat a failed visit here as evidence the address is invalid
AD000351,0.755,0.927,163.2,medium,0,INFERRED_FROM_STREET_NEIGHBOURS,LOCATION_APPROXIMATE: a failed visit is weak evidence; retry with directions
AD000352,0.378,0.785,387.5,low,1,INFERRED_FROM_STREET_NEIGHBOURS,LOCATION_UNRESOLVED: do not treat a failed visit here as evidence the address is invalid
AD000353,0.189,0.599,591.4,low,1,INFERRED_FROM_STREET_NEIGHBOURS,LOCATION_UNRESOLVED: do not treat a failed visit here as evidence the address is invalid
AD000354,0.727,0.955,146.1,medium,0,CONFIRMED_BY_FIELD_VISIT,LOCATION_APPROXIMATE: a failed visit is weak evidence; retry with directions
AD000355,0.955,0.977,44.2,high,0,CONFIRMED_BY_FIELD_VISIT,LOCATION_CONFIRMED_OR_RELIABLE: a failed visit is informative
AD000356,0.191,0.601,586.9,low,1,INFERRED_FROM_LANDMARK,LOCATION_UNRESOLVED: do not treat a failed visit here as evidence the address is invalid
AD000357,0.247,0.648,523.7,low,1,INFERRED_FROM_LANDMARK,LOCATION_UNRESOLVED: do not treat a failed visit here as evidence the address is invalid
AD000358,0.727,0.955,149.5,medium,0,CONFIRMED_BY_FIELD_VISIT,LOCATION_APPROXIMATE: a failed visit is weak evidence; retry with directions
AD000359,0.955,0.977,78.3,medium,0,CONFIRMED_BY_FIELD_VISIT,LOCATION_APPROXIMATE: a failed visit is weak evidence; retry with directions
AD000360,0.977,0.977,40.1,high,0,CONFIRMED_BY_FIELD_VISIT,LOCATION_CONFIRMED_OR_RELIABLE: a failed visit is informative
AD000361,0.034,0.142,1781.8,low,1,LOCALITY_LEVEL_ONLY,LOCATION_UNRESOLVED: do not treat a failed visit here as evidence the address is invalid
AD000362,0.128,0.485,747.1,low,1,INFERRED_FROM_STREET_NEIGHBOURS,LOCATION_UNRESOLVED: do not treat a failed visit here as evidence the address is invalid
AD000363,0.818,0.955,123.2,medium,0,CONFIRMED_BY_FIELD_VISIT,LOCATION_APPROXIMATE: a failed visit is weak evidence; retry with directions
AD000364,0.977,0.977,24.3,high,0,CONFIRMED_BY_FIELD_VISIT,LOCATION_CONFIRMED_OR_RELIABLE: a failed visit is informative
AD000365,0.977,0.977,27.8,high,0,CONFIRMED_BY_FIELD_VISIT,LOCATION_CONFIRMED_OR_RELIABLE: a failed visit is informative
AD000366,0.805,0.945,146.6,medium,0,INFERRED_FROM_STREET_NEIGHBOURS,LOCATION_APPROXIMATE: a failed visit is weak evidence; retry with directions
AD000367,0.664,0.932,201.2,medium,0,INFERRED_FROM_STREET_NEIGHBOURS,LOCATION_APPROXIMATE: a failed visit is weak evidence; retry with directions
AD000368,0.473,0.852,307.1,low,1,INFERRED_FROM_STREET_NEIGHBOURS,LOCATION_UNRESOLVED: do not treat a failed visit here as evidence the address is invalid
AD000369,0.977,0.977,32.9,high,0,CONFIRMED_BY_FIELD_VISIT,LOCATION_CONFIRMED_OR_RELIABLE: a failed visit is informative
AD000370,0.878,0.965,112.8,medium,0,INFERRED_FROM_STREET_NEIGHBOURS,LOCATION_APPROXIMATE: a failed visit is weak evidence; retry with directions
AD000371,0.852,0.961,122.3,medium,0,INFERRED_FROM_STREET_NEIGHBOURS,LOCATION_APPROXIMATE: a failed visit is weak evidence; retry with directions
AD000372,0.826,0.953,136.9,medium,0,INFERRED_FROM_STREET_NEIGHBOURS,LOCATION_APPROXIMATE: a failed visit is weak evidence; retry with directions
AD000374,0.827,0.945,141.0,medium,0,INFERRED_FROM_STREET_NEIGHBOURS,LOCATION_APPROXIMATE: a failed visit is weak evidence; retry with directions
AD000375,0.966,0.991,43.4,high,0,LOCALITY_LEVEL_ONLY,LOCATION_CONFIRMED_OR_RELIABLE: a failed visit is informative
AD000376,0.0,0.031,1795.4,low,1,NO_LOCALITY_IN_TEXT|OLD_GEOCODER_AT_PINCODE_CENTRE,LOCATION_UNRESOLVED: do not treat a failed visit here as evidence the address is invalid
AD000377,0.341,0.749,422.9,low,1,INFERRED_FROM_STREET_NEIGHBOURS,LOCATION_UNRESOLVED: do not treat a failed visit here as evidence the address is invalid
AD000378,0.895,0.977,100.1,medium,0,INFERRED_FROM_STREET_NEIGHBOURS,LOCATION_APPROXIMATE: a failed visit is weak evidence; retry with directions
AD000379,0.886,0.977,101.9,medium,0,CONFIRMED_BY_FIELD_VISIT,LOCATION_APPROXIMATE: a failed visit is weak evidence; retry with directions
AD000380,0.704,0.942,186.4,medium,0,INFERRED_FROM_STREET_NEIGHBOURS,LOCATION_APPROXIMATE: a failed visit is weak evidence; retry with directions
AD000381,0.379,0.787,384.0,low,1,INFERRED_FROM_STREET_NEIGHBOURS,LOCATION_UNRESOLVED: do not treat a failed visit here as evidence the address is invalid
AD000382,0.396,0.805,365.5,low,1,INFERRED_FROM_STREET_NEIGHBOURS,LOCATION_UNRESOLVED: do not treat a failed visit here as evidence the address is invalid
AD000383,0.318,0.827,353.9,low,1,INFERRED_FROM_STREET_NEIGHBOURS,LOCATION_UNRESOLVED: do not treat a failed visit here as evidence the address is invalid
AD000384,0.206,0.608,576.5,low,1,INFERRED_FROM_LANDMARK,LOCATION_UNRESOLVED: do not treat a failed visit here as evidence the address is invalid
AD000385,0.977,0.977,16.6,high,0,CONFIRMED_BY_FIELD_VISIT,LOCATION_CONFIRMED_OR_RELIABLE: a failed visit is informative
AD000386,0.977,0.977,19.0,high,0,CONFIRMED_BY_FIELD_VISIT,LOCATION_CONFIRMED_OR_RELIABLE: a failed visit is informative
AD000387,0.977,0.977,34.8,high,0,CONFIRMED_BY_FIELD_VISIT,LOCATION_CONFIRMED_OR_RELIABLE: a failed visit is informative
AD000388,0.791,0.941,150.5,medium,0,INFERRED_FROM_STREET_NEIGHBOURS,LOCATION_APPROXIMATE: a failed visit is weak evidence; retry with directions
AD000389,0.977,0.977,21.1,high,0,CONFIRMED_BY_FIELD_VISIT,LOCATION_CONFIRMED_OR_RELIABLE: a failed visit is informative
AD000390,0.25,0.652,519.2,low,1,INFERRED_FROM_STREET_NEIGHBOURS,LOCATION_UNRESOLVED: do not treat a failed visit here as evidence the address is invalid
AD000391,0.848,0.957,127.3,medium,0,INFERRED_FROM_STREET_NEIGHBOURS,LOCATION_APPROXIMATE: a failed visit is weak evidence; retry with directions
AD000392,0.0,0.051,1514.5,low,1,NO_LOCALITY_IN_TEXT|OLD_GEOCODER_AT_PINCODE_CENTRE,LOCATION_UNRESOLVED: do not treat a failed visit here as evidence the address is invalid
AD000393,0.0,0.01,2376.4,low,1,NO_LOCALITY_IN_TEXT|OLD_GEOCODER_AT_PINCODE_CENTRE,LOCATION_UNRESOLVED: do not treat a failed visit here as evidence the address is invalid
AD000394,0.258,0.656,514.5,low,1,INFERRED_FROM_LANDMARK,LOCATION_UNRESOLVED: do not treat a failed visit here as evidence the address is invalid
AD000395,0.146,0.52,702.1,low,1,INFERRED_FROM_STREET_NEIGHBOURS,LOCATION_UNRESOLVED: do not treat a failed visit here as evidence the address is invalid
AD000396,0.33,0.741,432.2,low,1,INFERRED_FROM_LANDMARK,LOCATION_UNRESOLVED: do not treat a failed visit here as evidence the address is invalid
AD000397,0.977,0.977,15.7,high,0,CONFIRMED_BY_FIELD_VISIT,LOCATION_CONFIRMED_OR_RELIABLE: a failed visit is informative
AD000398,0.977,0.977,15.8,high,0,CONFIRMED_BY_FIELD_VISIT,LOCATION_CONFIRMED_OR_RELIABLE: a failed visit is informative
AD000399,0.243,0.643,527.3,low,1,INFERRED_FROM_LANDMARK,LOCATION_UNRESOLVED: do not treat a failed visit here as evidence the address is invalid
AD000400,0.977,0.977,27.4,high,0,CONFIRMED_BY_FIELD_VISIT,LOCATION_CONFIRMED_OR_RELIABLE: a failed visit is informative
AD000401,0.239,0.632,539.2,low,1,INFERRED_FROM_STREET_NEIGHBOURS,LOCATION_UNRESOLVED: do not treat a failed visit here as evidence the address is invalid
AD000402,0.736,0.923,170.5,medium,0,INFERRED_FROM_STREET_NEIGHBOURS,LOCATION_APPROXIMATE: a failed visit is weak evidence; retry with directions
AD000403,0.27,0.665,500.3,low,1,INFERRED_FROM_LANDMARK,LOCATION_UNRESOLVED: do not treat a failed visit here as evidence the address is invalid
AD000404,0.977,0.977,16.7,high,0,CONFIRMED_BY_FIELD_VISIT,LOCATION_CONFIRMED_OR_RELIABLE: a failed visit is informative
AD000405,0.164,0.554,655.2,low,1,INFERRED_FROM_STREET_NEIGHBOURS,LOCATION_UNRESOLVED: do not treat a failed visit here as evidence the address is invalid
AD000406,0.823,0.953,138.6,medium,0,INFERRED_FROM_STREET_NEIGHBOURS,LOCATION_APPROXIMATE: a failed visit is weak evidence; retry with directions
AD000407,0.977,0.977,25.3,high,0,CONFIRMED_BY_FIELD_VISIT,LOCATION_CONFIRMED_OR_RELIABLE: a failed visit is informative
AD000408,0.405,0.812,358.3,low,1,INFERRED_FROM_STREET_NEIGHBOURS,LOCATION_UNRESOLVED: do not treat a failed visit here as evidence the address is invalid
AD000409,0.248,0.648,523.1,low,1,INFERRED_FROM_LANDMARK,LOCATION_UNRESOLVED: do not treat a failed visit here as evidence the address is invalid
AD000410,0.0,0.02,2120.5,low,1,NO_LOCALITY_IN_TEXT|OLD_GEOCODER_AT_PINCODE_CENTRE,LOCATION_UNRESOLVED: do not treat a failed visit here as evidence the address is invalid
AD000411,0.031,0.14,1795.2,low,1,LOCALITY_LEVEL_ONLY,LOCATION_UNRESOLVED: do not treat a failed visit here as evidence the address is invalid
AD000412,0.955,0.977,70.7,medium,0,CONFIRMED_BY_FIELD_VISIT,LOCATION_APPROXIMATE: a failed visit is weak evidence; retry with directions
AD000414,0.339,0.747,424.9,low,1,INFERRED_FROM_STREET_NEIGHBOURS,LOCATION_UNRESOLVED: do not treat a failed visit here as evidence the address is invalid
AD000416,0.909,0.982,93.5,medium,0,INFERRED_FROM_STREET_NEIGHBOURS,LOCATION_APPROXIMATE: a failed visit is weak evidence; retry with directions
AD000417,0.695,0.923,188.2,medium,0,INFERRED_FROM_STREET_NEIGHBOURS,LOCATION_APPROXIMATE: a failed visit is weak evidence; retry with directions
AD000418,0.475,0.852,306.1,low,1,INFERRED_FROM_STREET_NEIGHBOURS,LOCATION_UNRESOLVED: do not treat a failed visit here as evidence the address is invalid
AD000419,0.977,0.977,29.0,high,0,CONFIRMED_BY_FIELD_VISIT,LOCATION_CONFIRMED_OR_RELIABLE: a failed visit is informative
AD000420,0.955,0.977,51.6,high,0,CONFIRMED_BY_FIELD_VISIT,LOCATION_CONFIRMED_OR_RELIABLE: a failed visit is informative
AD000421,0.466,0.85,313.1,low,1,INFERRED_FROM_STREET_NEIGHBOURS,LOCATION_UNRESOLVED: do not treat a failed visit here as evidence the address is invalid
AD000422,0.627,0.923,203.1,medium,0,INFERRED_FROM_LANDMARK,LOCATION_APPROXIMATE: a failed visit is weak evidence; retry with directions
AD000423,0.494,0.862,294.0,medium,0,INFERRED_FROM_STREET_NEIGHBOURS,LOCATION_APPROXIMATE: a failed visit is weak evidence; retry with directions
AD000424,0.977,0.977,35.0,high,0,CONFIRMED_BY_FIELD_VISIT,LOCATION_CONFIRMED_OR_RELIABLE: a failed visit is informative
AD000426,0.977,0.977,16.9,high,0,CONFIRMED_BY_FIELD_VISIT,LOCATION_CONFIRMED_OR_RELIABLE: a failed visit is informative
AD000427,0.977,0.977,17.0,high,0,CONFIRMED_BY_FIELD_VISIT,LOCATION_CONFIRMED_OR_RELIABLE: a failed visit is informative
AD000428,0.955,0.977,44.1,high,0,CONFIRMED_BY_FIELD_VISIT,LOCATION_CONFIRMED_OR_RELIABLE: a failed visit is informative
AD000429,0.309,0.721,449.6,low,1,INFERRED_FROM_LANDMARK,LOCATION_UNRESOLVED: do not treat a failed visit here as evidence the address is invalid
AD000430,0.932,0.977,96.9,medium,0,CONFIRMED_BY_FIELD_VISIT,LOCATION_APPROXIMATE: a failed visit is weak evidence; retry with directions
AD000432,0.361,0.766,402.4,low,1,INFERRED_FROM_STREET_NEIGHBOURS,LOCATION_UNRESOLVED: do not treat a failed visit here as evidence the address is invalid
AD000433,0.977,0.977,29.4,high,0,CONFIRMED_BY_FIELD_VISIT,LOCATION_CONFIRMED_OR_RELIABLE: a failed visit is informative
AD000434,0.136,0.502,723.6,low,1,INFERRED_FROM_LANDMARK,LOCATION_UNRESOLVED: do not treat a failed visit here as evidence the address is invalid
AD000435,0.197,0.604,583.8,low,1,INFERRED_FROM_LANDMARK,LOCATION_UNRESOLVED: do not treat a failed visit here as evidence the address is invalid
AD000436,0.0,0.02,2269.9,low,1,NO_LOCALITY_IN_TEXT|OLD_GEOCODER_AT_PINCODE_CENTRE,LOCATION_UNRESOLVED: do not treat a failed visit here as evidence the address is invalid
AD000437,0.605,0.914,213.5,medium,0,INFERRED_FROM_STREET_NEIGHBOURS,LOCATION_APPROXIMATE: a failed visit is weak evidence; retry with directions
AD000438,0.302,0.706,464.2,low,1,INFERRED_FROM_STREET_NEIGHBOURS,LOCATION_UNRESOLVED: do not treat a failed visit here as evidence the address is invalid
AD000439,0.379,0.787,384.3,low,1,INFERRED_FROM_STREET_NEIGHBOURS,LOCATION_UNRESOLVED: do not treat a failed visit here as evidence the address is invalid
AD000440,0.135,0.499,727.0,low,1,INFERRED_FROM_STREET_NEIGHBOURS,LOCATION_UNRESOLVED: do not treat a failed visit here as evidence the address is invalid
AD000441,0.977,0.977,15.8,high,0,CONFIRMED_BY_FIELD_VISIT,LOCATION_CONFIRMED_OR_RELIABLE: a failed visit is informative
AD000442,0.11,0.453,811.4,low,1,INFERRED_FROM_LANDMARK,LOCATION_UNRESOLVED: do not treat a failed visit here as evidence the address is invalid
AD000443,0.977,0.977,28.5,high,0,CONFIRMED_BY_FIELD_VISIT,LOCATION_CONFIRMED_OR_RELIABLE: a failed visit is informative
AD000444,0.977,0.977,19.5,high,0,CONFIRMED_BY_FIELD_VISIT,LOCATION_CONFIRMED_OR_RELIABLE: a failed visit is informative
AD000445,0.864,0.959,115.2,medium,0,INFERRED_FROM_STREET_NEIGHBOURS,LOCATION_APPROXIMATE: a failed visit is weak evidence; retry with directions
AD000446,0.977,0.977,21.9,high,0,CONFIRMED_BY_FIELD_VISIT,LOCATION_CONFIRMED_OR_RELIABLE: a failed visit is informative
AD000447,0.897,0.969,101.8,medium,0,INFERRED_FROM_STREET_NEIGHBOURS,LOCATION_APPROXIMATE: a failed visit is weak evidence; retry with directions
AD000448,0.277,0.667,495.0,low,1,INFERRED_FROM_LANDMARK,LOCATION_UNRESOLVED: do not treat a failed visit here as evidence the address is invalid
AD000449,0.977,0.977,19.1,high,0,CONFIRMED_BY_FIELD_VISIT,LOCATION_CONFIRMED_OR_RELIABLE: a failed visit is informative
AD000450,0.249,0.652,520.3,low,1,INFERRED_FROM_STREET_NEIGHBOURS,LOCATION_UNRESOLVED: do not treat a failed visit here as evidence the address is invalid
AD000451,0.977,0.977,22.3,high,0,CONFIRMED_BY_FIELD_VISIT,LOCATION_CONFIRMED_OR_RELIABLE: a failed visit is informative
AD000452,0.563,0.897,255.0,medium,0,INFERRED_FROM_STREET_NEIGHBOURS,LOCATION_APPROXIMATE: a failed visit is weak evidence; retry with directions
AD000453,0.735,0.946,176.3,medium,0,INFERRED_FROM_STREET_NEIGHBOURS,LOCATION_APPROXIMATE: a failed visit is weak evidence; retry with directions
AD000455,0.361,0.766,402.7,low,1,INFERRED_FROM_STREET_NEIGHBOURS,LOCATION_UNRESOLVED: do not treat a failed visit here as evidence the address is invalid
AD000456,0.977,0.977,22.1,high,0,CONFIRMED_BY_FIELD_VISIT,LOCATION_CONFIRMED_OR_RELIABLE: a failed visit is informative
AD000457,0.602,0.91,234.7,medium,0,INFERRED_FROM_STREET_NEIGHBOURS,LOCATION_APPROXIMATE: a failed visit is weak evidence; retry with directions
AD000458,0.759,0.95,164.8,medium,0,INFERRED_FROM_STREET_NEIGHBOURS,LOCATION_APPROXIMATE: a failed visit is weak evidence; retry with directions
AD000459,0.401,0.807,360.6,low,1,INFERRED_FROM_STREET_NEIGHBOURS,LOCATION_UNRESOLVED: do not treat a failed visit here as evidence the address is invalid
AD000460,0.977,0.977,19.1,high,0,CONFIRMED_BY_FIELD_VISIT,LOCATION_CONFIRMED_OR_RELIABLE: a failed visit is informative
AD000461,0.455,0.845,320.0,low,1,INFERRED_FROM_STREET_NEIGHBOURS,LOCATION_UNRESOLVED: do not treat a failed visit here as evidence the address is invalid
AD000462,0.224,0.62,557.5,low,1,INFERRED_FROM_LANDMARK,LOCATION_UNRESOLVED: do not treat a failed visit here as evidence the address is invalid
AD000464,0.036,0.146,1759.0,low,1,LOCALITY_LEVEL_ONLY,LOCATION_UNRESOLVED: do not treat a failed visit here as evidence the address is invalid
AD000465,0.977,0.977,21.6,high,0,CONFIRMED_BY_FIELD_VISIT,LOCATION_CONFIRMED_OR_RELIABLE: a failed visit is informative
AD000466,0.807,0.952,144.1,medium,0,INFERRED_FROM_STREET_NEIGHBOURS,LOCATION_APPROXIMATE: a failed visit is weak evidence; retry with directions
AD000467,0.977,0.977,21.6,high,0,CONFIRMED_BY_FIELD_VISIT,LOCATION_CONFIRMED_OR_RELIABLE: a failed visit is informative
AD000468,0.233,0.628,547.3,low,1,INFERRED_FROM_LANDMARK,LOCATION_UNRESOLVED: do not treat a failed visit here as evidence the address is invalid
AD000469,0.977,0.977,20.9,high,0,CONFIRMED_BY_FIELD_VISIT,LOCATION_CONFIRMED_OR_RELIABLE: a failed visit is informative
AD000471,0.977,0.977,18.2,high,0,CONFIRMED_BY_FIELD_VISIT,LOCATION_CONFIRMED_OR_RELIABLE: a failed visit is informative
AD000472,0.977,0.977,35.6,high,0,CONFIRMED_BY_FIELD_VISIT,LOCATION_CONFIRMED_OR_RELIABLE: a failed visit is informative
AD000473,0.977,0.977,17.3,high,0,CONFIRMED_BY_FIELD_VISIT,LOCATION_CONFIRMED_OR_RELIABLE: a failed visit is informative
AD000475,0.977,0.977,34.4,high,0,CONFIRMED_BY_FIELD_VISIT,LOCATION_CONFIRMED_OR_RELIABLE: a failed visit is informative
AD000477,0.977,0.977,19.0,high,0,CONFIRMED_BY_FIELD_VISIT,LOCATION_CONFIRMED_OR_RELIABLE: a failed visit is informative
AD000478,0.84,0.956,130.2,medium,0,INFERRED_FROM_STREET_NEIGHBOURS,LOCATION_APPROXIMATE: a failed visit is weak evidence; retry with directions
AD000479,0.388,0.793,377.8,low,1,INFERRED_FROM_STREET_NEIGHBOURS,LOCATION_UNRESOLVED: do not treat a failed visit here as evidence the address is invalid
AD000480,0.183,0.58,614.9,low,1,INFERRED_FROM_LANDMARK,LOCATION_UNRESOLVED: do not treat a failed visit here as evidence the address is invalid
AD000481,0.03,0.138,1802.4,low,1,LOCALITY_LEVEL_ONLY,LOCATION_UNRESOLVED: do not treat a failed visit here as evidence the address is invalid
AD000482,0.275,0.666,497.3,low,1,INFERRED_FROM_LANDMARK,LOCATION_UNRESOLVED: do not treat a failed visit here as evidence the address is invalid
AD000483,0.077,0.322,1096.2,low,1,INFERRED_FROM_LANDMARK,LOCATION_UNRESOLVED: do not treat a failed visit here as evidence the address is invalid
AD000484,0.932,0.977,95.1,medium,0,CONFIRMED_BY_FIELD_VISIT,LOCATION_APPROXIMATE: a failed visit is weak evidence; retry with directions
AD000485,0.673,0.923,194.0,medium,0,INFERRED_FROM_STREET_NEIGHBOURS,LOCATION_APPROXIMATE: a failed visit is weak evidence; retry with directions
AD000486,0.968,0.993,40.4,high,0,LOCALITY_LEVEL_ONLY,LOCATION_CONFIRMED_OR_RELIABLE: a failed visit is informative
AD000487,0.0,0.031,1888.0,low,1,NO_LOCALITY_IN_TEXT|OLD_GEOCODER_AT_PINCODE_CENTRE,LOCATION_UNRESOLVED: do not treat a failed visit here as evidence the address is invalid
AD000488,0.977,0.977,28.3,high,0,CONFIRMED_BY_FIELD_VISIT,LOCATION_CONFIRMED_OR_RELIABLE: a failed visit is informative
AD000489,0.977,0.977,15.7,high,0,CONFIRMED_BY_FIELD_VISIT,LOCATION_CONFIRMED_OR_RELIABLE: a failed visit is informative
AD000491,0.627,0.923,203.6,medium,0,INFERRED_FROM_STREET_NEIGHBOURS,LOCATION_APPROXIMATE: a failed visit is weak evidence; retry with directions
AD000492,0.034,0.146,1771.0,low,1,LOCALITY_LEVEL_ONLY,LOCATION_UNRESOLVED: do not treat a failed visit here as evidence the address is invalid
AD000493,0.036,0.146,1760.4,low,1,LOCALITY_LEVEL_ONLY,LOCATION_UNRESOLVED: do not treat a failed visit here as evidence the address is invalid
AD000495,0.977,0.977,24.0,high,0,CONFIRMED_BY_FIELD_VISIT,LOCATION_CONFIRMED_OR_RELIABLE: a failed visit is informative
AD000497,0.955,0.977,58.9,high,0,CONFIRMED_BY_FIELD_VISIT,LOCATION_CONFIRMED_OR_RELIABLE: a failed visit is informative
AD000498,0.977,0.977,27.6,high,0,CONFIRMED_BY_FIELD_VISIT,LOCATION_CONFIRMED_OR_RELIABLE: a failed visit is informative
AD000499,0.0,0.0,3400.4,low,1,NO_LOCALITY_IN_TEXT|OLD_GEOCODER_AT_PINCODE_CENTRE,LOCATION_UNRESOLVED: do not treat a failed visit here as evidence the address is invalid
AD000500,0.314,0.818,355.7,low,1,INFERRED_FROM_STREET_NEIGHBOURS,LOCATION_UNRESOLVED: do not treat a failed visit here as evidence the address is invalid
AD000501,0.189,0.6,589.4,low,1,INFERRED_FROM_LANDMARK,LOCATION_UNRESOLVED: do not treat a failed visit here as evidence the address is invalid
AD000502,0.605,0.914,213.3,medium,0,INFERRED_FROM_STREET_NEIGHBOURS,LOCATION_APPROXIMATE: a failed visit is weak evidence; retry with directions
AD000503,0.311,0.721,448.8,low,1,INFERRED_FROM_STREET_NEIGHBOURS,LOCATION_UNRESOLVED: do not treat a failed visit here as evidence the address is invalid
AD000504,0.977,0.977,31.9,high,0,CONFIRMED_BY_FIELD_VISIT,LOCATION_CONFIRMED_OR_RELIABLE: a failed visit is informative
AD000505,0.0,0.02,2262.1,low,1,NO_LOCALITY_IN_TEXT|OLD_GEOCODER_AT_PINCODE_CENTRE,LOCATION_UNRESOLVED: do not treat a failed visit here as evidence the address is invalid
AD000506,0.445,0.873,276.0,medium,0,INFERRED_FROM_STREET_NEIGHBOURS,LOCATION_APPROXIMATE: a failed visit is weak evidence; retry with directions
AD000507,0.482,0.895,252.9,medium,0,INFERRED_FROM_STREET_NEIGHBOURS,LOCATION_APPROXIMATE: a failed visit is weak evidence; retry with directions
AD000508,0.977,0.977,21.4,high,0,CONFIRMED_BY_FIELD_VISIT,LOCATION_CONFIRMED_OR_RELIABLE: a failed visit is informative
AD000509,0.732,0.923,174.1,medium,0,INFERRED_FROM_STREET_NEIGHBOURS,LOCATION_APPROXIMATE: a failed visit is weak evidence; retry with directions
AD000510,0.661,0.93,203.0,medium,0,INFERRED_FROM_STREET_NEIGHBOURS,LOCATION_APPROXIMATE: a failed visit is weak evidence; retry with directions
AD000511,0.393,0.8,371.7,low,1,INFERRED_FROM_STREET_NEIGHBOURS,LOCATION_UNRESOLVED: do not treat a failed visit here as evidence the address is invalid
AD000512,0.279,0.673,490.6,low,1,INFERRED_FROM_STREET_NEIGHBOURS,LOCATION_UNRESOLVED: do not treat a failed visit here as evidence the address is invalid
AD000513,0.815,0.953,142.3,medium,0,INFERRED_FROM_STREET_NEIGHBOURS,LOCATION_APPROXIMATE: a failed visit is weak evidence; retry with directions
AD000515,0.248,0.652,521.2,low,1,INFERRED_FROM_STREET_NEIGHBOURS,LOCATION_UNRESOLVED: do not treat a failed visit here as evidence the address is invalid
AD000517,0.977,0.977,17.5,high,0,CONFIRMED_BY_FIELD_VISIT,LOCATION_CONFIRMED_OR_RELIABLE: a failed visit is informative
AD000518,0.833,0.954,131.3,medium,0,INFERRED_FROM_STREET_NEIGHBOURS,LOCATION_APPROXIMATE: a failed visit is weak evidence; retry with directions
AD000519,0.972,0.993,38.0,high,0,LOCALITY_LEVEL_ONLY,LOCATION_CONFIRMED_OR_RELIABLE: a failed visit is informative
AD000521,0.977,0.977,18.3,high,0,CONFIRMED_BY_FIELD_VISIT,LOCATION_CONFIRMED_OR_RELIABLE: a failed visit is informative
AD000522,0.409,0.815,354.6,low,1,INFERRED_FROM_STREET_NEIGHBOURS,LOCATION_UNRESOLVED: do not treat a failed visit here as evidence the address is invalid
AD000523,0.186,0.598,596.4,low,1,INFERRED_FROM_LANDMARK,LOCATION_UNRESOLVED: do not treat a failed visit here as evidence the address is invalid
AD000524,0.977,0.977,30.1,high,0,CONFIRMED_BY_FIELD_VISIT,LOCATION_CONFIRMED_OR_RELIABLE: a failed visit is informative
AD000525,0.267,0.663,504.0,low,1,INFERRED_FROM_LANDMARK,LOCATION_UNRESOLVED: do not treat a failed visit here as evidence the address is invalid
AD000526,0.977,0.977,22.9,high,0,CONFIRMED_BY_FIELD_VISIT,LOCATION_CONFIRMED_OR_RELIABLE: a failed visit is informative
AD000527,0.033,0.141,1792.3,low,1,LOCALITY_LEVEL_ONLY,LOCATION_UNRESOLVED: do not treat a failed visit here as evidence the address is invalid
AD000528,0.864,0.959,115.7,medium,0,INFERRED_FROM_STREET_NEIGHBOURS,LOCATION_APPROXIMATE: a failed visit is weak evidence; retry with directions
AD000529,0.977,0.977,31.9,high,0,CONFIRMED_BY_FIELD_VISIT,LOCATION_CONFIRMED_OR_RELIABLE: a failed visit is informative
AD000530,0.977,0.977,17.4,high,0,CONFIRMED_BY_FIELD_VISIT,LOCATION_CONFIRMED_OR_RELIABLE: a failed visit is informative
AD000531,0.977,0.977,25.4,high,0,CONFIRMED_BY_FIELD_VISIT,LOCATION_CONFIRMED_OR_RELIABLE: a failed visit is informative
AD000532,0.977,0.977,18.3,high,0,CONFIRMED_BY_FIELD_VISIT,LOCATION_CONFIRMED_OR_RELIABLE: a failed visit is informative
AD000533,0.977,0.977,16.4,high,0,CONFIRMED_BY_FIELD_VISIT,LOCATION_CONFIRMED_OR_RELIABLE: a failed visit is informative
AD000534,0.977,0.977,31.6,high,0,CONFIRMED_BY_FIELD_VISIT,LOCATION_CONFIRMED_OR_RELIABLE: a failed visit is informative
AD000535,0.977,0.977,28.1,high,0,CONFIRMED_BY_FIELD_VISIT,LOCATION_CONFIRMED_OR_RELIABLE: a failed visit is informative
AD000536,0.873,0.968,109.1,medium,0,INFERRED_FROM_STREET_NEIGHBOURS,LOCATION_APPROXIMATE: a failed visit is weak evidence; retry with directions
AD000537,0.0,0.031,1951.0,low,1,NO_LOCALITY_IN_TEXT|OLD_GEOCODER_AT_PINCODE_CENTRE,LOCATION_UNRESOLVED: do not treat a failed visit here as evidence the address is invalid
AD000538,0.932,0.977,81.5,medium,0,CONFIRMED_BY_FIELD_VISIT,LOCATION_APPROXIMATE: a failed visit is weak evidence; retry with directions
AD000539,0.955,0.977,45.8,high,0,CONFIRMED_BY_FIELD_VISIT,LOCATION_CONFIRMED_OR_RELIABLE: a failed visit is informative
AD000540,0.627,0.923,205.5,medium,0,INFERRED_FROM_LANDMARK,LOCATION_APPROXIMATE: a failed visit is weak evidence; retry with directions
AD000541,0.955,0.977,67.4,medium,0,CONFIRMED_BY_FIELD_VISIT,LOCATION_APPROXIMATE: a failed visit is weak evidence; retry with directions
AD000542,0.0,0.031,1879.0,low,1,NO_LOCALITY_IN_TEXT|OLD_GEOCODER_AT_PINCODE_CENTRE,LOCATION_UNRESOLVED: do not treat a failed visit here as evidence the address is invalid
AD000543,0.848,0.957,127.0,medium,0,INFERRED_FROM_STREET_NEIGHBOURS,LOCATION_APPROXIMATE: a failed visit is weak evidence; retry with directions
AD000544,0.841,0.945,134.3,medium,0,INFERRED_FROM_STREET_NEIGHBOURS,LOCATION_APPROXIMATE: a failed visit is weak evidence; retry with directions
AD000545,0.102,0.414,881.7,low,1,INFERRED_FROM_LANDMARK,LOCATION_UNRESOLVED: do not treat a failed visit here as evidence the address is invalid
AD000547,0.454,0.843,322.3,low,1,INFERRED_FROM_STREET_NEIGHBOURS,LOCATION_UNRESOLVED: do not treat a failed visit here as evidence the address is invalid
AD000548,0.509,0.9,247.9,medium,0,INFERRED_FROM_STREET_NEIGHBOURS,LOCATION_APPROXIMATE: a failed visit is weak evidence; retry with directions
AD000549,0.466,0.85,313.1,low,1,INFERRED_FROM_STREET_NEIGHBOURS,LOCATION_UNRESOLVED: do not treat a failed visit here as evidence the address is invalid
AD000550,0.977,0.977,10.5,high,0,CONFIRMED_BY_FIELD_VISIT,LOCATION_CONFIRMED_OR_RELIABLE: a failed visit is informative
AD000551,0.909,0.982,87.9,medium,0,INFERRED_FROM_STREET_NEIGHBOURS,LOCATION_APPROXIMATE: a failed visit is weak evidence; retry with directions
AD000552,0.582,0.909,223.2,medium,0,INFERRED_FROM_LANDMARK,LOCATION_APPROXIMATE: a failed visit is weak evidence; retry with directions
AD000553,0.977,0.977,20.0,high,0,CONFIRMED_BY_FIELD_VISIT,LOCATION_CONFIRMED_OR_RELIABLE: a failed visit is informative
AD000554,0.717,0.945,181.3,medium,0,INFERRED_FROM_STREET_NEIGHBOURS,LOCATION_APPROXIMATE: a failed visit is weak evidence; retry with directions
AD000555,0.392,0.799,372.9,low,1,INFERRED_FROM_STREET_NEIGHBOURS,LOCATION_UNRESOLVED: do not treat a failed visit here as evidence the address is invalid
AD000556,0.977,0.977,16.4,high,0,CONFIRMED_BY_FIELD_VISIT,LOCATION_CONFIRMED_OR_RELIABLE: a failed visit is informative
AD000557,0.977,0.977,17.3,high,0,CONFIRMED_BY_FIELD_VISIT,LOCATION_CONFIRMED_OR_RELIABLE: a failed visit is informative
AD000558,0.416,0.821,351.5,low,1,INFERRED_FROM_STREET_NEIGHBOURS,LOCATION_UNRESOLVED: do not treat a failed visit here as evidence the address is invalid
AD000560,0.977,0.977,16.7,high,0,CONFIRMED_BY_FIELD_VISIT,LOCATION_CONFIRMED_OR_RELIABLE: a failed visit is informative
AD000561,0.977,0.977,32.1,high,0,CONFIRMED_BY_FIELD_VISIT,LOCATION_CONFIRMED_OR_RELIABLE: a failed visit is informative
AD000562,0.977,0.977,21.0,high,0,CONFIRMED_BY_FIELD_VISIT,LOCATION_CONFIRMED_OR_RELIABLE: a failed visit is informative
AD000563,0.977,0.977,15.3,high,0,CONFIRMED_BY_FIELD_VISIT,LOCATION_CONFIRMED_OR_RELIABLE: a failed visit is informative
AD000565,0.977,0.977,21.7,high,0,CONFIRMED_BY_FIELD_VISIT,LOCATION_CONFIRMED_OR_RELIABLE: a failed visit is informative
AD000566,0.392,0.798,373.9,low,1,INFERRED_FROM_STREET_NEIGHBOURS,LOCATION_UNRESOLVED: do not treat a failed visit here as evidence the address is invalid
AD000567,0.652,0.928,208.0,medium,0,INFERRED_FROM_STREET_NEIGHBOURS,LOCATION_APPROXIMATE: a failed visit is weak evidence; retry with directions
AD000568,0.841,0.945,136.9,medium,0,INFERRED_FROM_STREET_NEIGHBOURS,LOCATION_APPROXIMATE: a failed visit is weak evidence; retry with directions
AD000569,0.955,0.977,60.3,medium,0,CONFIRMED_BY_FIELD_VISIT,LOCATION_APPROXIMATE: a failed visit is weak evidence; retry with directions
AD000570,0.682,0.955,167.5,medium,0,CONFIRMED_BY_FIELD_VISIT,LOCATION_APPROXIMATE: a failed visit is weak evidence; retry with directions
AD000572,0.029,0.135,1815.8,low,1,LOCALITY_LEVEL_ONLY,LOCATION_UNRESOLVED: do not treat a failed visit here as evidence the address is invalid
AD000573,0.977,0.977,20.4,high,0,CONFIRMED_BY_FIELD_VISIT,LOCATION_CONFIRMED_OR_RELIABLE: a failed visit is informative
AD000574,0.977,0.977,22.0,high,0,CONFIRMED_BY_FIELD_VISIT,LOCATION_CONFIRMED_OR_RELIABLE: a failed visit is informative
AD000575,0.977,0.977,15.6,high,0,CONFIRMED_BY_FIELD_VISIT,LOCATION_CONFIRMED_OR_RELIABLE: a failed visit is informative
AD000576,0.977,0.977,19.0,high,0,CONFIRMED_BY_FIELD_VISIT,LOCATION_CONFIRMED_OR_RELIABLE: a failed visit is informative
AD000577,0.538,0.889,267.8,medium,0,INFERRED_FROM_STREET_NEIGHBOURS,LOCATION_APPROXIMATE: a failed visit is weak evidence; retry with directions
AD000578,0.797,0.952,149.8,medium,0,INFERRED_FROM_STREET_NEIGHBOURS,LOCATION_APPROXIMATE: a failed visit is weak evidence; retry with directions
AD000579,0.977,0.977,30.5,high,0,CONFIRMED_BY_FIELD_VISIT,LOCATION_CONFIRMED_OR_RELIABLE: a failed visit is informative
AD000580,0.0,0.02,2269.5,low,1,NO_LOCALITY_IN_TEXT|OLD_GEOCODER_AT_PINCODE_CENTRE,LOCATION_UNRESOLVED: do not treat a failed visit here as evidence the address is invalid
AD000581,0.977,0.977,16.4,high,0,CONFIRMED_BY_FIELD_VISIT,LOCATION_CONFIRMED_OR_RELIABLE: a failed visit is informative
AD000583,0.751,0.948,167.5,medium,0,INFERRED_FROM_STREET_NEIGHBOURS,LOCATION_APPROXIMATE: a failed visit is weak evidence; retry with directions
AD000584,0.163,0.544,662.2,low,1,INFERRED_FROM_LANDMARK,LOCATION_UNRESOLVED: do not treat a failed visit here as evidence the address is invalid
AD000585,0.455,0.877,269.1,medium,0,INFERRED_FROM_STREET_NEIGHBOURS,LOCATION_APPROXIMATE: a failed visit is weak evidence; retry with directions
AD000586,0.977,0.977,14.8,high,0,CONFIRMED_BY_FIELD_VISIT,LOCATION_CONFIRMED_OR_RELIABLE: a failed visit is informative
AD000587,0.977,0.977,20.8,high,0,CONFIRMED_BY_FIELD_VISIT,LOCATION_CONFIRMED_OR_RELIABLE: a failed visit is informative
AD000588,0.723,0.923,178.3,medium,0,INFERRED_FROM_STREET_NEIGHBOURS,LOCATION_APPROXIMATE: a failed visit is weak evidence; retry with directions
AD000589,0.977,0.977,35.9,high,0,CONFIRMED_BY_FIELD_VISIT,LOCATION_CONFIRMED_OR_RELIABLE: a failed visit is informative
AD000590,0.336,0.747,425.5,low,1,INFERRED_FROM_STREET_NEIGHBOURS,LOCATION_UNRESOLVED: do not treat a failed visit here as evidence the address is invalid
AD000591,0.328,0.739,432.8,low,1,INFERRED_FROM_LANDMARK,LOCATION_UNRESOLVED: do not treat a failed visit here as evidence the address is invalid
AD000592,0.277,0.668,494.2,low,1,INFERRED_FROM_STREET_NEIGHBOURS,LOCATION_UNRESOLVED: do not treat a failed visit here as evidence the address is invalid
AD000593,0.632,0.923,201.2,medium,0,INFERRED_FROM_STREET_NEIGHBOURS,LOCATION_APPROXIMATE: a failed visit is weak evidence; retry with directions
AD000594,0.0,0.031,1708.7,low,1,NO_LOCALITY_IN_TEXT|OLD_GEOCODER_AT_PINCODE_CENTRE,LOCATION_UNRESOLVED: do not treat a failed visit here as evidence the address is invalid
AD000595,0.732,0.923,173.9,medium,0,INFERRED_FROM_STREET_NEIGHBOURS,LOCATION_APPROXIMATE: a failed visit is weak evidence; retry with directions
AD000596,0.955,0.977,44.1,high,0,CONFIRMED_BY_FIELD_VISIT,LOCATION_CONFIRMED_OR_RELIABLE: a failed visit is informative
AD000597,0.252,0.655,517.0,low,1,INFERRED_FROM_LANDMARK,LOCATION_UNRESOLVED: do not treat a failed visit here as evidence the address is invalid
AD000598,0.977,0.977,17.5,high,0,CONFIRMED_BY_FIELD_VISIT,LOCATION_CONFIRMED_OR_RELIABLE: a failed visit is informative
AD000599,0.0,0.031,1664.1,low,1,NO_LOCALITY_IN_TEXT|OLD_GEOCODER_AT_PINCODE_CENTRE,LOCATION_UNRESOLVED: do not treat a failed visit here as evidence the address is invalid
AD000600,0.977,0.977,18.4,high,0,CONFIRMED_BY_FIELD_VISIT,LOCATION_CONFIRMED_OR_RELIABLE: a failed visit is informative
AD000601,0.0,0.031,1880.6,low,1,NO_LOCALITY_IN_TEXT|OLD_GEOCODER_AT_PINCODE_CENTRE,LOCATION_UNRESOLVED: do not treat a failed visit here as evidence the address is invalid
AD000602,0.977,0.977,33.7,high,0,CONFIRMED_BY_FIELD_VISIT,LOCATION_CONFIRMED_OR_RELIABLE: a failed visit is informative
AD000603,0.304,0.717,455.7,low,1,INFERRED_FROM_STREET_NEIGHBOURS,LOCATION_UNRESOLVED: do not treat a failed visit here as evidence the address is invalid
AD000604,0.797,0.952,150.1,medium,0,INFERRED_FROM_STREET_NEIGHBOURS,LOCATION_APPROXIMATE: a failed visit is weak evidence; retry with directions
AD000605,0.977,0.977,14.9,high,0,CONFIRMED_BY_FIELD_VISIT,LOCATION_CONFIRMED_OR_RELIABLE: a failed visit is informative
AD000606,0.977,0.977,10.4,high,0,CONFIRMED_BY_FIELD_VISIT,LOCATION_CONFIRMED_OR_RELIABLE: a failed visit is informative
AD000607,0.977,0.977,16.4,high,0,CONFIRMED_BY_FIELD_VISIT,LOCATION_CONFIRMED_OR_RELIABLE: a failed visit is informative
AD000608,0.977,0.977,18.0,high,0,CONFIRMED_BY_FIELD_VISIT,LOCATION_CONFIRMED_OR_RELIABLE: a failed visit is informative
AD000609,0.404,0.808,359.8,low,1,INFERRED_FROM_STREET_NEIGHBOURS,LOCATION_UNRESOLVED: do not treat a failed visit here as evidence the address is invalid
AD000610,0.618,0.914,207.3,medium,0,INFERRED_FROM_LANDMARK,LOCATION_APPROXIMATE: a failed visit is weak evidence; retry with directions
AD000611,0.306,0.717,453.1,low,1,INFERRED_FROM_STREET_NEIGHBOURS,LOCATION_UNRESOLVED: do not treat a failed visit here as evidence the address is invalid
AD000612,0.532,0.905,239.0,medium,0,LOCALITY_LEVEL_ONLY,LOCATION_APPROXIMATE: a failed visit is weak evidence; retry with directions
AD000613,0.977,0.977,34.5,high,0,CONFIRMED_BY_FIELD_VISIT,LOCATION_CONFIRMED_OR_RELIABLE: a failed visit is informative
AD000614,0.977,0.977,16.9,high,0,CONFIRMED_BY_FIELD_VISIT,LOCATION_CONFIRMED_OR_RELIABLE: a failed visit is informative
AD000615,0.448,0.832,330.1,low,1,INFERRED_FROM_STREET_NEIGHBOURS,LOCATION_UNRESOLVED: do not treat a failed visit here as evidence the address is invalid
AD000616,0.0,0.02,2259.5,low,1,NO_LOCALITY_IN_TEXT|OLD_GEOCODER_AT_PINCODE_CENTRE,LOCATION_UNRESOLVED: do not treat a failed visit here as evidence the address is invalid
AD000617,0.977,0.977,24.8,high,0,CONFIRMED_BY_FIELD_VISIT,LOCATION_CONFIRMED_OR_RELIABLE: a failed visit is informative
AD000619,0.033,0.142,1784.9,low,1,LOCALITY_LEVEL_ONLY,LOCATION_UNRESOLVED: do not treat a failed visit here as evidence the address is invalid
AD000620,0.591,0.909,215.8,medium,0,INFERRED_FROM_LANDMARK,LOCATION_APPROXIMATE: a failed visit is weak evidence; retry with directions
AD000621,0.527,0.905,242.0,medium,0,INFERRED_FROM_LANDMARK,LOCATION_APPROXIMATE: a failed visit is weak evidence; retry with directions
AD000622,0.977,0.977,28.0,high,0,CONFIRMED_BY_FIELD_VISIT,LOCATION_CONFIRMED_OR_RELIABLE: a failed visit is informative
AD000623,0.977,0.977,28.3,high,0,CONFIRMED_BY_FIELD_VISIT,LOCATION_CONFIRMED_OR_RELIABLE: a failed visit is informative
AD000624,0.977,0.977,19.0,high,0,CONFIRMED_BY_FIELD_VISIT,LOCATION_CONFIRMED_OR_RELIABLE: a failed visit is informative
AD000625,0.0,0.051,1534.8,low,1,NO_LOCALITY_IN_TEXT|OLD_GEOCODER_AT_PINCODE_CENTRE,LOCATION_UNRESOLVED: do not treat a failed visit here as evidence the address is invalid
AD000626,0.285,0.683,483.7,low,1,INFERRED_FROM_STREET_NEIGHBOURS,LOCATION_UNRESOLVED: do not treat a failed visit here as evidence the address is invalid
AD000627,0.977,0.977,16.4,high,0,CONFIRMED_BY_FIELD_VISIT,LOCATION_CONFIRMED_OR_RELIABLE: a failed visit is informative
AD000628,0.591,0.909,217.9,medium,0,INFERRED_FROM_LANDMARK,LOCATION_APPROXIMATE: a failed visit is weak evidence; retry with directions
AD000629,0.262,0.661,509.7,low,1,INFERRED_FROM_LANDMARK,LOCATION_UNRESOLVED: do not treat a failed visit here as evidence the address is invalid
AD000630,0.977,0.977,25.5,high,0,CONFIRMED_BY_FIELD_VISIT,LOCATION_CONFIRMED_OR_RELIABLE: a failed visit is informative
AD000631,0.955,0.977,51.6,high,0,CONFIRMED_BY_FIELD_VISIT,LOCATION_CONFIRMED_OR_RELIABLE: a failed visit is informative
AD000632,0.977,0.977,17.7,high,0,CONFIRMED_BY_FIELD_VISIT,LOCATION_CONFIRMED_OR_RELIABLE: a failed visit is informative
AD000633,0.201,0.604,581.1,low,1,INFERRED_FROM_STREET_NEIGHBOURS,LOCATION_UNRESOLVED: do not treat a failed visit here as evidence the address is invalid
AD000634,0.977,0.977,26.8,high,0,CONFIRMED_BY_FIELD_VISIT,LOCATION_CONFIRMED_OR_RELIABLE: a failed visit is informative
AD000635,0.977,0.977,23.0,high,0,CONFIRMED_BY_FIELD_VISIT,LOCATION_CONFIRMED_OR_RELIABLE: a failed visit is informative
AD000636,0.0,0.031,1646.9,low,1,NO_LOCALITY_IN_TEXT|OLD_GEOCODER_AT_PINCODE_CENTRE,LOCATION_UNRESOLVED: do not treat a failed visit here as evidence the address is invalid
AD000637,0.0,0.031,1937.4,low,1,NO_LOCALITY_IN_TEXT|OLD_GEOCODER_AT_PINCODE_CENTRE,LOCATION_UNRESOLVED: do not treat a failed visit here as evidence the address is invalid
AD000638,0.977,0.977,26.0,high,0,CONFIRMED_BY_FIELD_VISIT,LOCATION_CONFIRMED_OR_RELIABLE: a failed visit is informative
AD000639,0.932,0.977,83.7,medium,0,CONFIRMED_BY_FIELD_VISIT,LOCATION_APPROXIMATE: a failed visit is weak evidence; retry with directions
AD000641,0.977,0.977,19.2,high,0,CONFIRMED_BY_FIELD_VISIT,LOCATION_CONFIRMED_OR_RELIABLE: a failed visit is informative
AD000642,0.977,0.977,17.6,high,0,CONFIRMED_BY_FIELD_VISIT,LOCATION_CONFIRMED_OR_RELIABLE: a failed visit is informative
AD000644,0.599,0.909,236.4,medium,0,INFERRED_FROM_STREET_NEIGHBOURS,LOCATION_APPROXIMATE: a failed visit is weak evidence; retry with directions
AD000645,0.977,0.977,29.3,high,0,CONFIRMED_BY_FIELD_VISIT,LOCATION_CONFIRMED_OR_RELIABLE: a failed visit is informative
AD000646,0.977,0.977,23.0,high,0,CONFIRMED_BY_FIELD_VISIT,LOCATION_CONFIRMED_OR_RELIABLE: a failed visit is informative
AD000647,0.977,0.977,17.4,high,0,CONFIRMED_BY_FIELD_VISIT,LOCATION_CONFIRMED_OR_RELIABLE: a failed visit is informative
AD000648,0.0,0.02,2261.8,low,1,NO_LOCALITY_IN_TEXT|OLD_GEOCODER_AT_PINCODE_CENTRE,LOCATION_UNRESOLVED: do not treat a failed visit here as evidence the address is invalid
AD000649,0.955,0.977,45.1,high,0,CONFIRMED_BY_FIELD_VISIT,LOCATION_CONFIRMED_OR_RELIABLE: a failed visit is informative
AD000650,0.472,0.852,307.8,low,1,INFERRED_FROM_STREET_NEIGHBOURS,LOCATION_UNRESOLVED: do not treat a failed visit here as evidence the address is invalid
AD000651,0.494,0.862,294.9,medium,0,INFERRED_FROM_STREET_NEIGHBOURS,LOCATION_APPROXIMATE: a failed visit is weak evidence; retry with directions
AD000652,0.977,0.977,17.2,high,0,CONFIRMED_BY_FIELD_VISIT,LOCATION_CONFIRMED_OR_RELIABLE: a failed visit is informative
AD000653,0.297,0.702,467.2,low,1,INFERRED_FROM_STREET_NEIGHBOURS,LOCATION_UNRESOLVED: do not treat a failed visit here as evidence the address is invalid
AD000654,0.977,0.977,21.0,high,0,CONFIRMED_BY_FIELD_VISIT,LOCATION_CONFIRMED_OR_RELIABLE: a failed visit is informative
AD000655,0.868,0.959,112.1,medium,0,INFERRED_FROM_STREET_NEIGHBOURS,LOCATION_APPROXIMATE: a failed visit is weak evidence; retry with directions
AD000656,0.85,0.959,125.9,medium,0,INFERRED_FROM_STREET_NEIGHBOURS,LOCATION_APPROXIMATE: a failed visit is weak evidence; retry with directions
AD000657,0.14,0.506,717.8,low,1,INFERRED_FROM_STREET_NEIGHBOURS,LOCATION_UNRESOLVED: do not treat a failed visit here as evidence the address is invalid
AD000658,0.977,0.977,33.8,high,0,CONFIRMED_BY_FIELD_VISIT,LOCATION_CONFIRMED_OR_RELIABLE: a failed visit is informative
AD000660,0.682,0.955,166.8,medium,0,CONFIRMED_BY_FIELD_VISIT,LOCATION_APPROXIMATE: a failed visit is weak evidence; retry with directions
AD000662,0.977,0.977,17.2,high,0,CONFIRMED_BY_FIELD_VISIT,LOCATION_CONFIRMED_OR_RELIABLE: a failed visit is informative
AD000663,0.977,0.977,16.4,high,0,CONFIRMED_BY_FIELD_VISIT,LOCATION_CONFIRMED_OR_RELIABLE: a failed visit is informative
AD000664,0.395,0.8,370.5,low,1,INFERRED_FROM_STREET_NEIGHBOURS,LOCATION_UNRESOLVED: do not treat a failed visit here as evidence the address is invalid
AD000665,0.466,0.85,313.5,low,1,INFERRED_FROM_STREET_NEIGHBOURS,LOCATION_UNRESOLVED: do not treat a failed visit here as evidence the address is invalid
AD000666,0.977,0.977,17.4,high,0,CONFIRMED_BY_FIELD_VISIT,LOCATION_CONFIRMED_OR_RELIABLE: a failed visit is informative
AD000667,0.977,0.977,35.1,high,0,CONFIRMED_BY_FIELD_VISIT,LOCATION_CONFIRMED_OR_RELIABLE: a failed visit is informative
AD000668,0.977,0.977,20.1,high,0,CONFIRMED_BY_FIELD_VISIT,LOCATION_CONFIRMED_OR_RELIABLE: a failed visit is informative
AD000669,0.977,0.977,15.5,high,0,CONFIRMED_BY_FIELD_VISIT,LOCATION_CONFIRMED_OR_RELIABLE: a failed visit is informative
AD000671,0.977,0.977,39.0,high,0,CONFIRMED_BY_FIELD_VISIT,LOCATION_CONFIRMED_OR_RELIABLE: a failed visit is informative
AD000672,0.977,0.977,32.8,high,0,CONFIRMED_BY_FIELD_VISIT,LOCATION_CONFIRMED_OR_RELIABLE: a failed visit is informative
AD000673,0.0,0.031,1892.0,low,1,NO_LOCALITY_IN_TEXT|OLD_GEOCODER_AT_PINCODE_CENTRE,LOCATION_UNRESOLVED: do not treat a failed visit here as evidence the address is invalid
AD000674,0.977,0.977,22.0,high,0,CONFIRMED_BY_FIELD_VISIT,LOCATION_CONFIRMED_OR_RELIABLE: a failed visit is informative
AD000675,0.932,0.977,86.5,medium,0,CONFIRMED_BY_FIELD_VISIT,LOCATION_APPROXIMATE: a failed visit is weak evidence; retry with directions
AD000676,0.0,0.031,1880.2,low,1,NO_LOCALITY_IN_TEXT|OLD_GEOCODER_AT_PINCODE_CENTRE,LOCATION_UNRESOLVED: do not treat a failed visit here as evidence the address is invalid
AD000677,0.146,0.522,697.5,low,1,INFERRED_FROM_STREET_NEIGHBOURS,LOCATION_UNRESOLVED: do not treat a failed visit here as evidence the address is invalid
AD000678,0.977,0.977,18.7,high,0,CONFIRMED_BY_FIELD_VISIT,LOCATION_CONFIRMED_OR_RELIABLE: a failed visit is informative
AD000679,0.034,0.146,1762.7,low,1,LOCALITY_LEVEL_ONLY,LOCATION_UNRESOLVED: do not treat a failed visit here as evidence the address is invalid
AD000680,0.977,0.977,16.6,high,0,CONFIRMED_BY_FIELD_VISIT,LOCATION_CONFIRMED_OR_RELIABLE: a failed visit is informative
AD000681,0.981,0.993,31.5,high,0,LOCALITY_LEVEL_ONLY,LOCATION_CONFIRMED_OR_RELIABLE: a failed visit is informative
AD000682,0.661,0.932,201.9,medium,0,INFERRED_FROM_STREET_NEIGHBOURS,LOCATION_APPROXIMATE: a failed visit is weak evidence; retry with directions
AD000683,0.887,0.967,108.0,medium,0,INFERRED_FROM_STREET_NEIGHBOURS,LOCATION_APPROXIMATE: a failed visit is weak evidence; retry with directions
AD000684,0.887,0.966,109.9,medium,0,INFERRED_FROM_STREET_NEIGHBOURS,LOCATION_APPROXIMATE: a failed visit is weak evidence; retry with directions
AD000685,0.977,0.977,19.9,high,0,CONFIRMED_BY_FIELD_VISIT,LOCATION_CONFIRMED_OR_RELIABLE: a failed visit is informative
AD000686,0.977,0.977,18.0,high,0,CONFIRMED_BY_FIELD_VISIT,LOCATION_CONFIRMED_OR_RELIABLE: a failed visit is informative
AD000687,0.832,0.954,132.3,medium,0,INFERRED_FROM_STREET_NEIGHBOURS,LOCATION_APPROXIMATE: a failed visit is weak evidence; retry with directions
AD000688,0.855,0.945,122.8,medium,0,INFERRED_FROM_STREET_NEIGHBOURS,LOCATION_APPROXIMATE: a failed visit is weak evidence; retry with directions
AD000689,0.305,0.717,455.3,low,1,INFERRED_FROM_LANDMARK,LOCATION_UNRESOLVED: do not treat a failed visit here as evidence the address is invalid
AD000690,0.521,0.883,280.4,medium,0,INFERRED_FROM_STREET_NEIGHBOURS,LOCATION_APPROXIMATE: a failed visit is weak evidence; retry with directions
AD000692,0.605,0.914,213.4,medium,0,LOCALITY_LEVEL_ONLY,LOCATION_APPROXIMATE: a failed visit is weak evidence; retry with directions
AD000693,0.836,0.945,137.5,medium,0,INFERRED_FROM_STREET_NEIGHBOURS,LOCATION_APPROXIMATE: a failed visit is weak evidence; retry with directions
AD000694,0.302,0.709,460.7,low,1,INFERRED_FROM_STREET_NEIGHBOURS,LOCATION_UNRESOLVED: do not treat a failed visit here as evidence the address is invalid
AD000695,0.447,0.832,331.0,low,1,INFERRED_FROM_STREET_NEIGHBOURS,LOCATION_UNRESOLVED: do not treat a failed visit here as evidence the address is invalid
AD000696,0.977,0.977,14.6,high,0,CONFIRMED_BY_FIELD_VISIT,LOCATION_CONFIRMED_OR_RELIABLE: a failed visit is informative
AD000697,0.389,0.797,374.6,low,1,INFERRED_FROM_STREET_NEIGHBOURS,LOCATION_UNRESOLVED: do not treat a failed visit here as evidence the address is invalid
AD000698,0.143,0.511,711.3,low,1,INFERRED_FROM_LANDMARK,LOCATION_UNRESOLVED: do not treat a failed visit here as evidence the address is invalid
AD000699,0.977,0.977,20.6,high,0,CONFIRMED_BY_FIELD_VISIT,LOCATION_CONFIRMED_OR_RELIABLE: a failed visit is informative
AD000700,0.909,0.982,91.6,medium,0,INFERRED_FROM_STREET_NEIGHBOURS,LOCATION_APPROXIMATE: a failed visit is weak evidence; retry with directions
AD000701,0.071,0.306,1133.1,low,1,INFERRED_FROM_LANDMARK,LOCATION_UNRESOLVED: do not treat a failed visit here as evidence the address is invalid
AD000702,0.848,0.957,127.5,medium,0,INFERRED_FROM_STREET_NEIGHBOURS,LOCATION_APPROXIMATE: a failed visit is weak evidence; retry with directions
AD000703,0.977,0.977,16.8,high,0,CONFIRMED_BY_FIELD_VISIT,LOCATION_CONFIRMED_OR_RELIABLE: a failed visit is informative
AD000704,0.213,0.614,567.0,low,1,INFERRED_FROM_STREET_NEIGHBOURS,LOCATION_UNRESOLVED: do not treat a failed visit here as evidence the address is invalid
AD000705,0.267,0.661,504.7,low,1,INFERRED_FROM_LANDMARK,LOCATION_UNRESOLVED: do not treat a failed visit here as evidence the address is invalid
AD000706,0.591,0.909,220.6,medium,0,INFERRED_FROM_LANDMARK,LOCATION_APPROXIMATE: a failed visit is weak evidence; retry with directions
AD000707,0.034,0.145,1776.0,low,1,LOCALITY_LEVEL_ONLY,LOCATION_UNRESOLVED: do not treat a failed visit here as evidence the address is invalid
AD000708,0.361,0.766,402.7,low,1,INFERRED_FROM_STREET_NEIGHBOURS,LOCATION_UNRESOLVED: do not treat a failed visit here as evidence the address is invalid
AD000709,0.24,0.64,531.1,low,1,INFERRED_FROM_STREET_NEIGHBOURS,LOCATION_UNRESOLVED: do not treat a failed visit here as evidence the address is invalid
AD000710,0.977,0.977,26.5,high,0,CONFIRMED_BY_FIELD_VISIT,LOCATION_CONFIRMED_OR_RELIABLE: a failed visit is informative
AD000711,0.818,0.955,114.3,medium,0,CONFIRMED_BY_FIELD_VISIT,LOCATION_APPROXIMATE: a failed visit is weak evidence; retry with directions
AD000712,0.344,0.749,420.9,low,1,INFERRED_FROM_STREET_NEIGHBOURS,LOCATION_UNRESOLVED: do not treat a failed visit here as evidence the address is invalid
AD000713,0.306,0.717,453.2,low,1,INFERRED_FROM_STREET_NEIGHBOURS,LOCATION_UNRESOLVED: do not treat a failed visit here as evidence the address is invalid
AD000715,0.454,0.843,322.4,low,1,INFERRED_FROM_STREET_NEIGHBOURS,LOCATION_UNRESOLVED: do not treat a failed visit here as evidence the address is invalid
AD000717,0.238,0.632,539.8,low,1,INFERRED_FROM_LANDMARK,LOCATION_UNRESOLVED: do not treat a failed visit here as evidence the address is invalid
AD000718,0.349,0.756,414.6,low,1,INFERRED_FROM_STREET_NEIGHBOURS,LOCATION_UNRESOLVED: do not treat a failed visit here as evidence the address is invalid
AD000719,0.977,0.977,29.6,high,0,CONFIRMED_BY_FIELD_VISIT,LOCATION_CONFIRMED_OR_RELIABLE: a failed visit is informative
AD000720,0.325,0.739,435.7,low,1,INFERRED_FROM_STREET_NEIGHBOURS,LOCATION_UNRESOLVED: do not treat a failed visit here as evidence the address is invalid
AD000721,0.977,0.977,22.1,high,0,CONFIRMED_BY_FIELD_VISIT,LOCATION_CONFIRMED_OR_RELIABLE: a failed visit is informative
AD000722,0.955,0.977,51.7,high,0,CONFIRMED_BY_FIELD_VISIT,LOCATION_CONFIRMED_OR_RELIABLE: a failed visit is informative
AD000723,0.827,0.953,136.4,medium,0,INFERRED_FROM_STREET_NEIGHBOURS,LOCATION_APPROXIMATE: a failed visit is weak evidence; retry with directions
AD000725,0.659,0.923,197.0,medium,0,INFERRED_FROM_STREET_NEIGHBOURS,LOCATION_APPROXIMATE: a failed visit is weak evidence; retry with directions
AD000727,0.977,0.977,33.3,high,0,CONFIRMED_BY_FIELD_VISIT,LOCATION_CONFIRMED_OR_RELIABLE: a failed visit is informative
AD000728,0.605,0.914,213.9,medium,0,INFERRED_FROM_STREET_NEIGHBOURS,LOCATION_APPROXIMATE: a failed visit is weak evidence; retry with directions
AD000730,0.316,0.731,444.0,low,1,INFERRED_FROM_STREET_NEIGHBOURS,LOCATION_UNRESOLVED: do not treat a failed visit here as evidence the address is invalid
AD000731,0.854,0.961,121.8,medium,0,INFERRED_FROM_STREET_NEIGHBOURS,LOCATION_APPROXIMATE: a failed visit is weak evidence; retry with directions
AD000732,0.03,0.136,1810.7,low,1,LOCALITY_LEVEL_ONLY,LOCATION_UNRESOLVED: do not treat a failed visit here as evidence the address is invalid
AD000733,0.977,0.977,27.8,high,0,CONFIRMED_BY_FIELD_VISIT,LOCATION_CONFIRMED_OR_RELIABLE: a failed visit is informative
AD000734,0.782,0.932,153.9,medium,0,INFERRED_FROM_STREET_NEIGHBOURS,LOCATION_APPROXIMATE: a failed visit is weak evidence; retry with directions
AD000735,0.977,0.977,16.9,high,0,CONFIRMED_BY_FIELD_VISIT,LOCATION_CONFIRMED_OR_RELIABLE: a failed visit is informative
AD000736,0.806,0.952,145.2,medium,0,INFERRED_FROM_STREET_NEIGHBOURS,LOCATION_APPROXIMATE: a failed visit is weak evidence; retry with directions
AD000737,0.977,0.977,22.0,high,0,CONFIRMED_BY_FIELD_VISIT,LOCATION_CONFIRMED_OR_RELIABLE: a failed visit is informative
AD000738,0.955,0.977,41.3,high,0,CONFIRMED_BY_FIELD_VISIT,LOCATION_CONFIRMED_OR_RELIABLE: a failed visit is informative
AD000739,0.977,0.977,18.0,high,0,CONFIRMED_BY_FIELD_VISIT,LOCATION_CONFIRMED_OR_RELIABLE: a failed visit is informative
AD000740,0.977,0.977,18.7,high,0,CONFIRMED_BY_FIELD_VISIT,LOCATION_CONFIRMED_OR_RELIABLE: a failed visit is informative
AD000741,0.955,0.977,70.3,medium,0,CONFIRMED_BY_FIELD_VISIT,LOCATION_APPROXIMATE: a failed visit is weak evidence; retry with directions
AD000742,0.883,0.966,111.4,medium,0,INFERRED_FROM_STREET_NEIGHBOURS,LOCATION_APPROXIMATE: a failed visit is weak evidence; retry with directions
AD000743,0.977,0.977,25.3,high,0,CONFIRMED_BY_FIELD_VISIT,LOCATION_CONFIRMED_OR_RELIABLE: a failed visit is informative
AD000744,0.977,0.977,23.8,high,0,CONFIRMED_BY_FIELD_VISIT,LOCATION_CONFIRMED_OR_RELIABLE: a failed visit is informative
AD000745,0.362,0.774,397.1,low,1,INFERRED_FROM_STREET_NEIGHBOURS,LOCATION_UNRESOLVED: do not treat a failed visit here as evidence the address is invalid
AD000746,0.967,0.991,42.6,high,0,LOCALITY_LEVEL_ONLY,LOCATION_CONFIRMED_OR_RELIABLE: a failed visit is informative
AD000748,0.854,0.961,121.7,medium,0,INFERRED_FROM_STREET_NEIGHBOURS,LOCATION_APPROXIMATE: a failed visit is weak evidence; retry with directions
AD000749,0.977,0.977,18.8,high,0,CONFIRMED_BY_FIELD_VISIT,LOCATION_CONFIRMED_OR_RELIABLE: a failed visit is informative
AD000750,0.977,0.977,16.9,high,0,CONFIRMED_BY_FIELD_VISIT,LOCATION_CONFIRMED_OR_RELIABLE: a failed visit is informative
AD000751,0.175,0.571,630.2,low,1,INFERRED_FROM_LANDMARK,LOCATION_UNRESOLVED: do not treat a failed visit here as evidence the address is invalid
AD000752,0.392,0.798,373.8,low,1,INFERRED_FROM_STREET_NEIGHBOURS,LOCATION_UNRESOLVED: do not treat a failed visit here as evidence the address is invalid
AD000753,0.977,0.977,32.8,high,0,CONFIRMED_BY_FIELD_VISIT,LOCATION_CONFIRMED_OR_RELIABLE: a failed visit is informative
AD000754,0.0,0.031,1813.9,low,1,NO_LOCALITY_IN_TEXT|OLD_GEOCODER_AT_PINCODE_CENTRE,LOCATION_UNRESOLVED: do not treat a failed visit here as evidence the address is invalid
AD000755,0.239,0.637,536.2,low,1,INFERRED_FROM_STREET_NEIGHBOURS,LOCATION_UNRESOLVED: do not treat a failed visit here as evidence the address is invalid
AD000756,0.955,0.977,59.0,high,0,CONFIRMED_BY_FIELD_VISIT,LOCATION_CONFIRMED_OR_RELIABLE: a failed visit is informative
AD000757,0.281,0.677,487.8,low,1,INFERRED_FROM_STREET_NEIGHBOURS,LOCATION_UNRESOLVED: do not treat a failed visit here as evidence the address is invalid
AD000758,0.034,0.145,1774.3,low,1,LOCALITY_LEVEL_ONLY,LOCATION_UNRESOLVED: do not treat a failed visit here as evidence the address is invalid
AD000759,0.977,0.977,17.6,high,0,CONFIRMED_BY_FIELD_VISIT,LOCATION_CONFIRMED_OR_RELIABLE: a failed visit is informative
AD000760,0.883,0.965,112.2,medium,0,INFERRED_FROM_STREET_NEIGHBOURS,LOCATION_APPROXIMATE: a failed visit is weak evidence; retry with directions
AD000761,0.977,0.977,20.4,high,0,CONFIRMED_BY_FIELD_VISIT,LOCATION_CONFIRMED_OR_RELIABLE: a failed visit is informative
AD000762,0.732,0.923,174.0,medium,0,INFERRED_FROM_STREET_NEIGHBOURS,LOCATION_APPROXIMATE: a failed visit is weak evidence; retry with directions
AD000763,0.556,0.893,261.4,medium,0,INFERRED_FROM_STREET_NEIGHBOURS,LOCATION_APPROXIMATE: a failed visit is weak evidence; retry with directions
AD000764,0.85,0.959,123.9,medium,0,INFERRED_FROM_STREET_NEIGHBOURS,LOCATION_APPROXIMATE: a failed visit is weak evidence; retry with directions
AD000765,0.475,0.852,306.2,low,1,INFERRED_FROM_STREET_NEIGHBOURS,LOCATION_UNRESOLVED: do not treat a failed visit here as evidence the address is invalid
AD000766,0.239,0.635,538.2,low,1,INFERRED_FROM_LANDMARK,LOCATION_UNRESOLVED: do not treat a failed visit here as evidence the address is invalid
AD000767,0.895,0.973,101.6,medium,0,INFERRED_FROM_STREET_NEIGHBOURS,LOCATION_APPROXIMATE: a failed visit is weak evidence; retry with directions
AD000768,0.977,0.977,19.3,high,0,CONFIRMED_BY_FIELD_VISIT,LOCATION_CONFIRMED_OR_RELIABLE: a failed visit is informative
AD000769,0.341,0.749,421.9,low,1,INFERRED_FROM_STREET_NEIGHBOURS,LOCATION_UNRESOLVED: do not treat a failed visit here as evidence the address is invalid
AD000770,0.414,0.864,287.2,medium,0,INFERRED_FROM_STREET_NEIGHBOURS,LOCATION_APPROXIMATE: a failed visit is weak evidence; retry with directions
AD000771,0.977,0.977,19.4,high,0,CONFIRMED_BY_FIELD_VISIT,LOCATION_CONFIRMED_OR_RELIABLE: a failed visit is informative
AD000772,0.259,0.66,512.0,low,1,INFERRED_FROM_LANDMARK,LOCATION_UNRESOLVED: do not treat a failed visit here as evidence the address is invalid
AD000773,0.448,0.832,330.3,low,1,INFERRED_FROM_STREET_NEIGHBOURS,LOCATION_UNRESOLVED: do not treat a failed visit here as evidence the address is invalid
AD000774,0.977,0.977,22.4,high,0,CONFIRMED_BY_FIELD_VISIT,LOCATION_CONFIRMED_OR_RELIABLE: a failed visit is informative
AD000775,0.627,0.923,204.8,medium,0,LOCALITY_LEVEL_ONLY,LOCATION_APPROXIMATE: a failed visit is weak evidence; retry with directions
AD000776,0.977,0.977,15.3,high,0,CONFIRMED_BY_FIELD_VISIT,LOCATION_CONFIRMED_OR_RELIABLE: a failed visit is informative
AD000778,0.138,0.506,720.9,low,1,INFERRED_FROM_STREET_NEIGHBOURS,LOCATION_UNRESOLVED: do not treat a failed visit here as evidence the address is invalid
AD000779,0.977,0.977,33.9,high,0,CONFIRMED_BY_FIELD_VISIT,LOCATION_CONFIRMED_OR_RELIABLE: a failed visit is informative
AD000780,0.857,0.961,121.1,medium,0,INFERRED_FROM_STREET_NEIGHBOURS,LOCATION_APPROXIMATE: a failed visit is weak evidence; retry with directions
AD000781,0.977,0.977,29.9,high,0,CONFIRMED_BY_FIELD_VISIT,LOCATION_CONFIRMED_OR_RELIABLE: a failed visit is informative
AD000782,0.977,0.977,14.8,high,0,CONFIRMED_BY_FIELD_VISIT,LOCATION_CONFIRMED_OR_RELIABLE: a failed visit is informative
AD000783,0.977,0.977,16.1,high,0,CONFIRMED_BY_FIELD_VISIT,LOCATION_CONFIRMED_OR_RELIABLE: a failed visit is informative
AD000784,0.03,0.137,1804.9,low,1,LOCALITY_LEVEL_ONLY,LOCATION_UNRESOLVED: do not treat a failed visit here as evidence the address is invalid
AD000785,0.977,0.977,27.6,high,0,CONFIRMED_BY_FIELD_VISIT,LOCATION_CONFIRMED_OR_RELIABLE: a failed visit is informative
AD000787,0.977,0.977,12.4,high,0,CONFIRMED_BY_FIELD_VISIT,LOCATION_CONFIRMED_OR_RELIABLE: a failed visit is informative
AD000788,0.682,0.955,160.6,medium,0,CONFIRMED_BY_FIELD_VISIT,LOCATION_APPROXIMATE: a failed visit is weak evidence; retry with directions
AD000789,0.741,0.946,172.5,medium,0,INFERRED_FROM_STREET_NEIGHBOURS,LOCATION_APPROXIMATE: a failed visit is weak evidence; retry with directions
AD000790,0.404,0.811,359.3,low,1,INFERRED_FROM_STREET_NEIGHBOURS,LOCATION_UNRESOLVED: do not treat a failed visit here as evidence the address is invalid
AD000791,0.909,0.982,89.8,medium,0,INFERRED_FROM_STREET_NEIGHBOURS,LOCATION_APPROXIMATE: a failed visit is weak evidence; retry with directions
AD000792,0.977,0.977,30.4,high,0,CONFIRMED_BY_FIELD_VISIT,LOCATION_CONFIRMED_OR_RELIABLE: a failed visit is informative
AD000793,0.401,0.807,361.6,low,1,INFERRED_FROM_STREET_NEIGHBOURS,LOCATION_UNRESOLVED: do not treat a failed visit here as evidence the address is invalid
AD000794,0.614,0.914,208.1,medium,0,INFERRED_FROM_LANDMARK,LOCATION_APPROXIMATE: a failed visit is weak evidence; retry with directions
AD000795,0.977,0.977,26.0,high,0,CONFIRMED_BY_FIELD_VISIT,LOCATION_CONFIRMED_OR_RELIABLE: a failed visit is informative
AD000797,0.977,0.977,21.5,high,0,CONFIRMED_BY_FIELD_VISIT,LOCATION_CONFIRMED_OR_RELIABLE: a failed visit is informative
AD000798,0.033,0.141,1792.5,low,1,LOCALITY_LEVEL_ONLY,LOCATION_UNRESOLVED: do not treat a failed visit here as evidence the address is invalid
AD000799,0.977,0.977,19.9,high,0,CONFIRMED_BY_FIELD_VISIT,LOCATION_CONFIRMED_OR_RELIABLE: a failed visit is informative
AD000800,0.812,0.953,143.2,medium,0,INFERRED_FROM_STREET_NEIGHBOURS,LOCATION_APPROXIMATE: a failed visit is weak evidence; retry with directions
AD000801,0.736,0.923,170.6,medium,0,INFERRED_FROM_STREET_NEIGHBOURS,LOCATION_APPROXIMATE: a failed visit is weak evidence; retry with directions
AD000802,0.977,0.977,27.6,high,0,CONFIRMED_BY_FIELD_VISIT,LOCATION_CONFIRMED_OR_RELIABLE: a failed visit is informative
AD000803,0.977,0.977,18.8,high,0,CONFIRMED_BY_FIELD_VISIT,LOCATION_CONFIRMED_OR_RELIABLE: a failed visit is informative
AD000804,0.909,0.982,94.0,medium,0,INFERRED_FROM_STREET_NEIGHBOURS,LOCATION_APPROXIMATE: a failed visit is weak evidence; retry with directions
AD000805,0.279,0.672,491.0,low,1,INFERRED_FROM_STREET_NEIGHBOURS,LOCATION_UNRESOLVED: do not treat a failed visit here as evidence the address is invalid
AD000806,0.049,0.191,1468.4,low,1,INFERRED_FROM_STREET_NEIGHBOURS,LOCATION_UNRESOLVED: do not treat a failed visit here as evidence the address is invalid
AD000807,0.231,0.624,551.5,low,1,INFERRED_FROM_LANDMARK,LOCATION_UNRESOLVED: do not treat a failed visit here as evidence the address is invalid
AD000808,0.955,0.977,47.4,high,0,CONFIRMED_BY_FIELD_VISIT,LOCATION_CONFIRMED_OR_RELIABLE: a failed visit is informative
AD000809,0.977,0.977,16.8,high,0,CONFIRMED_BY_FIELD_VISIT,LOCATION_CONFIRMED_OR_RELIABLE: a failed visit is informative
AD000810,0.977,0.977,16.1,high,0,CONFIRMED_BY_FIELD_VISIT,LOCATION_CONFIRMED_OR_RELIABLE: a failed visit is informative
AD000812,0.977,0.977,18.3,high,0,CONFIRMED_BY_FIELD_VISIT,LOCATION_CONFIRMED_OR_RELIABLE: a failed visit is informative
AD000813,0.977,0.977,21.3,high,0,CONFIRMED_BY_FIELD_VISIT,LOCATION_CONFIRMED_OR_RELIABLE: a failed visit is informative
AD000814,0.0,0.031,1640.3,low,1,NO_LOCALITY_IN_TEXT|OLD_GEOCODER_AT_PINCODE_CENTRE,LOCATION_UNRESOLVED: do not treat a failed visit here as evidence the address is invalid
AD000815,0.953,0.977,74.9,medium,0,CONFIRMED_BY_FIELD_VISIT,LOCATION_APPROXIMATE: a failed visit is weak evidence; retry with directions
AD000816,0.425,0.822,349.6,low,1,INFERRED_FROM_STREET_NEIGHBOURS,LOCATION_UNRESOLVED: do not treat a failed visit here as evidence the address is invalid
AD000817,0.977,0.977,24.3,high,0,CONFIRMED_BY_FIELD_VISIT,LOCATION_CONFIRMED_OR_RELIABLE: a failed visit is informative
AD000818,0.302,0.709,460.5,low,1,INFERRED_FROM_STREET_NEIGHBOURS,LOCATION_UNRESOLVED: do not treat a failed visit here as evidence the address is invalid
AD000819,0.582,0.909,225.8,medium,0,INFERRED_FROM_STREET_NEIGHBOURS,LOCATION_APPROXIMATE: a failed visit is weak evidence; retry with directions
AD000820,0.965,0.99,45.8,high,0,INFERRED_FROM_STREET_NEIGHBOURS,LOCATION_CONFIRMED_OR_RELIABLE: a failed visit is informative
AD000821,0.327,0.739,433.2,low,1,INFERRED_FROM_STREET_NEIGHBOURS,LOCATION_UNRESOLVED: do not treat a failed visit here as evidence the address is invalid
AD000822,0.977,0.977,18.7,high,0,CONFIRMED_BY_FIELD_VISIT,LOCATION_CONFIRMED_OR_RELIABLE: a failed visit is informative
AD000823,0.817,0.953,141.3,medium,0,INFERRED_FROM_STREET_NEIGHBOURS,LOCATION_APPROXIMATE: a failed visit is weak evidence; retry with directions
AD000824,0.0,0.02,2089.6,low,1,NO_LOCALITY_IN_TEXT|OLD_GEOCODER_AT_PINCODE_CENTRE,LOCATION_UNRESOLVED: do not treat a failed visit here as evidence the address is invalid
AD000825,0.977,0.977,21.2,high,0,CONFIRMED_BY_FIELD_VISIT,LOCATION_CONFIRMED_OR_RELIABLE: a failed visit is informative
AD000826,0.448,0.832,330.7,low,1,INFERRED_FROM_STREET_NEIGHBOURS,LOCATION_UNRESOLVED: do not treat a failed visit here as evidence the address is invalid
AD000827,0.977,0.977,17.8,high,0,CONFIRMED_BY_FIELD_VISIT,LOCATION_CONFIRMED_OR_RELIABLE: a failed visit is informative
AD000828,0.0,0.02,2254.4,low,1,NO_LOCALITY_IN_TEXT|OLD_GEOCODER_AT_PINCODE_CENTRE,LOCATION_UNRESOLVED: do not treat a failed visit here as evidence the address is invalid
AD000829,0.0,0.0,2881.6,low,1,NO_LOCALITY_IN_TEXT|OLD_GEOCODER_AT_PINCODE_CENTRE,LOCATION_UNRESOLVED: do not treat a failed visit here as evidence the address is invalid
AD000830,0.977,0.977,25.5,high,0,CONFIRMED_BY_FIELD_VISIT,LOCATION_CONFIRMED_OR_RELIABLE: a failed visit is informative
AD000831,0.614,0.914,209.8,medium,0,INFERRED_FROM_STREET_NEIGHBOURS,LOCATION_APPROXIMATE: a failed visit is weak evidence; retry with directions
AD000832,0.977,0.977,25.1,high,0,CONFIRMED_BY_FIELD_VISIT,LOCATION_CONFIRMED_OR_RELIABLE: a failed visit is informative
AD000833,0.437,0.832,338.6,low,1,INFERRED_FROM_STREET_NEIGHBOURS,LOCATION_UNRESOLVED: do not treat a failed visit here as evidence the address is invalid
AD000834,0.0,0.02,2063.9,low,1,NO_LOCALITY_IN_TEXT,LOCATION_UNRESOLVED: do not treat a failed visit here as evidence the address is invalid
AD000835,0.306,0.717,453.9,low,1,INFERRED_FROM_STREET_NEIGHBOURS,LOCATION_UNRESOLVED: do not treat a failed visit here as evidence the address is invalid
AD000836,0.977,0.977,22.7,high,0,CONFIRMED_BY_FIELD_VISIT,LOCATION_CONFIRMED_OR_RELIABLE: a failed visit is informative
AD000837,0.977,0.977,19.2,high,0,CONFIRMED_BY_FIELD_VISIT,LOCATION_CONFIRMED_OR_RELIABLE: a failed visit is informative
AD000838,0.891,0.973,103.2,medium,0,INFERRED_FROM_STREET_NEIGHBOURS,LOCATION_APPROXIMATE: a failed visit is weak evidence; retry with directions
AD000839,0.083,0.339,1060.2,low,1,INFERRED_FROM_LANDMARK,LOCATION_UNRESOLVED: do not treat a failed visit here as evidence the address is invalid
AD000840,0.977,0.977,27.5,high,0,CONFIRMED_BY_FIELD_VISIT,LOCATION_CONFIRMED_OR_RELIABLE: a failed visit is informative
AD000841,0.977,0.977,19.2,high,0,CONFIRMED_BY_FIELD_VISIT,LOCATION_CONFIRMED_OR_RELIABLE: a failed visit is informative
AD000842,0.591,0.909,219.1,medium,0,INFERRED_FROM_LANDMARK,LOCATION_APPROXIMATE: a failed visit is weak evidence; retry with directions
AD000843,0.977,0.977,18.5,high,0,CONFIRMED_BY_FIELD_VISIT,LOCATION_CONFIRMED_OR_RELIABLE: a failed visit is informative
AD000844,0.243,0.647,525.3,low,1,INFERRED_FROM_STREET_NEIGHBOURS,LOCATION_UNRESOLVED: do not treat a failed visit here as evidence the address is invalid
AD000845,0.0,0.031,1922.1,low,1,NO_LOCALITY_IN_TEXT|OLD_GEOCODER_AT_PINCODE_CENTRE,LOCATION_UNRESOLVED: do not treat a failed visit here as evidence the address is invalid
AD000846,0.977,0.977,23.7,high,0,CONFIRMED_BY_FIELD_VISIT,LOCATION_CONFIRMED_OR_RELIABLE: a failed visit is informative
AD000847,0.8,0.952,147.9,medium,0,INFERRED_FROM_STREET_NEIGHBOURS,LOCATION_APPROXIMATE: a failed visit is weak evidence; retry with directions
AD000848,0.448,0.832,330.7,low,1,INFERRED_FROM_STREET_NEIGHBOURS,LOCATION_UNRESOLVED: do not treat a failed visit here as evidence the address is invalid
AD000849,0.232,0.628,547.9,low,1,INFERRED_FROM_LANDMARK,LOCATION_UNRESOLVED: do not treat a failed visit here as evidence the address is invalid
AD000850,0.977,0.977,16.2,high,0,CONFIRMED_BY_FIELD_VISIT,LOCATION_CONFIRMED_OR_RELIABLE: a failed visit is informative
AD000851,0.454,0.843,321.9,low,1,INFERRED_FROM_STREET_NEIGHBOURS,LOCATION_UNRESOLVED: do not treat a failed visit here as evidence the address is invalid
AD000852,0.977,0.977,24.6,high,0,CONFIRMED_BY_FIELD_VISIT,LOCATION_CONFIRMED_OR_RELIABLE: a failed visit is informative
AD000853,0.424,0.822,349.8,low,1,INFERRED_FROM_STREET_NEIGHBOURS,LOCATION_UNRESOLVED: do not treat a failed visit here as evidence the address is invalid
AD000854,0.977,0.977,28.3,high,0,CONFIRMED_BY_FIELD_VISIT,LOCATION_CONFIRMED_OR_RELIABLE: a failed visit is informative
AD000855,0.466,0.85,311.4,low,1,INFERRED_FROM_STREET_NEIGHBOURS,LOCATION_UNRESOLVED: do not treat a failed visit here as evidence the address is invalid
AD000856,0.977,0.977,16.3,high,0,CONFIRMED_BY_FIELD_VISIT,LOCATION_CONFIRMED_OR_RELIABLE: a failed visit is informative
AD000857,0.434,0.827,341.4,low,1,INFERRED_FROM_STREET_NEIGHBOURS,LOCATION_UNRESOLVED: do not treat a failed visit here as evidence the address is invalid
AD000858,0.632,0.923,201.5,medium,0,INFERRED_FROM_LANDMARK,LOCATION_APPROXIMATE: a failed visit is weak evidence; retry with directions
AD000860,0.977,0.977,32.6,high,0,CONFIRMED_BY_FIELD_VISIT,LOCATION_CONFIRMED_OR_RELIABLE: a failed visit is informative
AD000861,0.334,0.743,429.9,low,1,INFERRED_FROM_STREET_NEIGHBOURS,LOCATION_UNRESOLVED: do not treat a failed visit here as evidence the address is invalid
AD000862,0.176,0.575,624.6,low,1,INFERRED_FROM_LANDMARK,LOCATION_UNRESOLVED: do not treat a failed visit here as evidence the address is invalid
AD000863,0.627,0.923,202.9,medium,0,INFERRED_FROM_STREET_NEIGHBOURS,LOCATION_APPROXIMATE: a failed visit is weak evidence; retry with directions
AD000864,0.334,0.743,428.0,low,1,INFERRED_FROM_STREET_NEIGHBOURS,LOCATION_UNRESOLVED: do not treat a failed visit here as evidence the address is invalid
AD000865,0.592,0.909,239.9,medium,0,INFERRED_FROM_STREET_NEIGHBOURS,LOCATION_APPROXIMATE: a failed visit is weak evidence; retry with directions
AD000866,0.955,0.977,63.0,medium,0,CONFIRMED_BY_FIELD_VISIT,LOCATION_APPROXIMATE: a failed visit is weak evidence; retry with directions
AD000867,0.977,0.977,16.6,high,0,CONFIRMED_BY_FIELD_VISIT,LOCATION_CONFIRMED_OR_RELIABLE: a failed visit is informative
AD000868,0.977,0.977,23.1,high,0,CONFIRMED_BY_FIELD_VISIT,LOCATION_CONFIRMED_OR_RELIABLE: a failed visit is informative
AD000869,0.955,0.977,51.2,high,0,CONFIRMED_BY_FIELD_VISIT,LOCATION_CONFIRMED_OR_RELIABLE: a failed visit is informative
AD000870,0.977,0.977,19.9,high,0,CONFIRMED_BY_FIELD_VISIT,LOCATION_CONFIRMED_OR_RELIABLE: a failed visit is informative
AD000871,0.406,0.812,357.8,low,1,INFERRED_FROM_STREET_NEIGHBOURS,LOCATION_UNRESOLVED: do not treat a failed visit here as evidence the address is invalid
AD000872,0.982,0.993,30.5,high,0,LOCALITY_LEVEL_ONLY,LOCATION_CONFIRMED_OR_RELIABLE: a failed visit is informative
AD000873,0.778,0.95,157.1,medium,0,INFERRED_FROM_STREET_NEIGHBOURS,LOCATION_APPROXIMATE: a failed visit is weak evidence; retry with directions
AD000874,0.977,0.977,19.7,high,0,CONFIRMED_BY_FIELD_VISIT,LOCATION_CONFIRMED_OR_RELIABLE: a failed visit is informative
AD000875,0.592,0.909,239.7,medium,0,INFERRED_FROM_STREET_NEIGHBOURS,LOCATION_APPROXIMATE: a failed visit is weak evidence; retry with directions
AD000876,0.0,0.02,2264.7,low,1,NO_LOCALITY_IN_TEXT|OLD_GEOCODER_AT_PINCODE_CENTRE,LOCATION_UNRESOLVED: do not treat a failed visit here as evidence the address is invalid
AD000877,0.0,0.02,2106.1,low,1,NO_LOCALITY_IN_TEXT|OLD_GEOCODER_AT_PINCODE_CENTRE,LOCATION_UNRESOLVED: do not treat a failed visit here as evidence the address is invalid
AD000878,0.189,0.599,591.4,low,1,INFERRED_FROM_LANDMARK,LOCATION_UNRESOLVED: do not treat a failed visit here as evidence the address is invalid
AD000879,0.571,0.897,251.9,medium,0,INFERRED_FROM_STREET_NEIGHBOURS,LOCATION_APPROXIMATE: a failed visit is weak evidence; retry with directions
AD000880,0.865,0.965,115.6,medium,0,INFERRED_FROM_STREET_NEIGHBOURS,LOCATION_APPROXIMATE: a failed visit is weak evidence; retry with directions
AD000881,0.281,0.677,487.7,low,1,INFERRED_FROM_LANDMARK,LOCATION_UNRESOLVED: do not treat a failed visit here as evidence the address is invalid
AD000882,0.897,0.97,100.6,medium,0,INFERRED_FROM_STREET_NEIGHBOURS,LOCATION_APPROXIMATE: a failed visit is weak evidence; retry with directions
AD000883,0.396,0.805,365.9,low,1,INFERRED_FROM_STREET_NEIGHBOURS,LOCATION_UNRESOLVED: do not treat a failed visit here as evidence the address is invalid
AD000884,0.977,0.977,16.4,high,0,CONFIRMED_BY_FIELD_VISIT,LOCATION_CONFIRMED_OR_RELIABLE: a failed visit is informative
AD000885,0.977,0.977,23.8,high,0,CONFIRMED_BY_FIELD_VISIT,LOCATION_CONFIRMED_OR_RELIABLE: a failed visit is informative
AD000886,0.977,0.977,25.8,high,0,CONFIRMED_BY_FIELD_VISIT,LOCATION_CONFIRMED_OR_RELIABLE: a failed visit is informative
AD000888,0.842,0.956,129.9,medium,0,INFERRED_FROM_STREET_NEIGHBOURS,LOCATION_APPROXIMATE: a failed visit is weak evidence; retry with directions
AD000889,0.883,0.965,112.0,medium,0,INFERRED_FROM_STREET_NEIGHBOURS,LOCATION_APPROXIMATE: a failed visit is weak evidence; retry with directions
AD000890,0.732,0.923,175.7,medium,0,INFERRED_FROM_STREET_NEIGHBOURS,LOCATION_APPROXIMATE: a failed visit is weak evidence; retry with directions
AD000891,0.0,0.051,1545.2,low,1,NO_LOCALITY_IN_TEXT|OLD_GEOCODER_AT_PINCODE_CENTRE,LOCATION_UNRESOLVED: do not treat a failed visit here as evidence the address is invalid
AD000892,0.445,0.873,276.5,medium,0,INFERRED_FROM_STREET_NEIGHBOURS,LOCATION_APPROXIMATE: a failed visit is weak evidence; retry with directions
AD000894,0.732,0.923,174.1,medium,0,INFERRED_FROM_STREET_NEIGHBOURS,LOCATION_APPROXIMATE: a failed visit is weak evidence; retry with directions
AD000895,0.977,0.977,21.5,high,0,CONFIRMED_BY_FIELD_VISIT,LOCATION_CONFIRMED_OR_RELIABLE: a failed visit is informative
AD000897,0.977,0.977,29.1,high,0,CONFIRMED_BY_FIELD_VISIT,LOCATION_CONFIRMED_OR_RELIABLE: a failed visit is informative
AD000898,0.977,0.977,17.7,high,0,CONFIRMED_BY_FIELD_VISIT,LOCATION_CONFIRMED_OR_RELIABLE: a failed visit is informative
AD000899,0.0,0.02,2099.5,low,1,NO_LOCALITY_IN_TEXT|OLD_GEOCODER_AT_PINCODE_CENTRE,LOCATION_UNRESOLVED: do not treat a failed visit here as evidence the address is invalid
AD000900,0.695,0.939,190.3,medium,0,INFERRED_FROM_STREET_NEIGHBOURS,LOCATION_APPROXIMATE: a failed visit is weak evidence; retry with directions
AD000901,0.977,0.977,15.9,high,0,CONFIRMED_BY_FIELD_VISIT,LOCATION_CONFIRMED_OR_RELIABLE: a failed visit is informative
AD000902,0.977,0.977,17.3,high,0,CONFIRMED_BY_FIELD_VISIT,LOCATION_CONFIRMED_OR_RELIABLE: a failed visit is informative
AD000903,0.977,0.977,36.8,high,0,CONFIRMED_BY_FIELD_VISIT,LOCATION_CONFIRMED_OR_RELIABLE: a failed visit is informative
AD000904,0.977,0.977,17.0,high,0,CONFIRMED_BY_FIELD_VISIT,LOCATION_CONFIRMED_OR_RELIABLE: a failed visit is informative
AD000905,0.582,0.909,224.2,medium,0,INFERRED_FROM_STREET_NEIGHBOURS,LOCATION_APPROXIMATE: a failed visit is weak evidence; retry with directions
AD000906,0.103,0.426,869.9,low,1,INFERRED_FROM_STREET_NEIGHBOURS,LOCATION_UNRESOLVED: do not treat a failed visit here as evidence the address is invalid
AD000907,0.288,0.689,478.3,low,1,INFERRED_FROM_LANDMARK,LOCATION_UNRESOLVED: do not treat a failed visit here as evidence the address is invalid
AD000908,0.031,0.14,1798.0,low,1,LOCALITY_LEVEL_ONLY,LOCATION_UNRESOLVED: do not treat a failed visit here as evidence the address is invalid
AD000910,0.873,0.964,110.6,medium,0,INFERRED_FROM_STREET_NEIGHBOURS,LOCATION_APPROXIMATE: a failed visit is weak evidence; retry with directions
AD000911,0.76,0.95,164.5,medium,0,INFERRED_FROM_STREET_NEIGHBOURS,LOCATION_APPROXIMATE: a failed visit is weak evidence; retry with directions
AD000912,0.977,0.977,18.5,high,0,CONFIRMED_BY_FIELD_VISIT,LOCATION_CONFIRMED_OR_RELIABLE: a failed visit is informative
AD000913,0.832,0.954,132.0,medium,0,INFERRED_FROM_STREET_NEIGHBOURS,LOCATION_APPROXIMATE: a failed visit is weak evidence; retry with directions
AD000914,0.365,0.776,396.4,low,1,INFERRED_FROM_STREET_NEIGHBOURS,LOCATION_UNRESOLVED: do not treat a failed visit here as evidence the address is invalid
AD000915,0.886,0.977,101.5,medium,0,CONFIRMED_BY_FIELD_VISIT,LOCATION_APPROXIMATE: a failed visit is weak evidence; retry with directions
AD000916,0.128,0.48,751.9,low,1,INFERRED_FROM_STREET_NEIGHBOURS,LOCATION_UNRESOLVED: do not treat a failed visit here as evidence the address is invalid
AD000917,0.977,0.977,34.9,high,0,CONFIRMED_BY_FIELD_VISIT,LOCATION_CONFIRMED_OR_RELIABLE: a failed visit is informative
AD000918,0.977,0.977,21.2,high,0,CONFIRMED_BY_FIELD_VISIT,LOCATION_CONFIRMED_OR_RELIABLE: a failed visit is informative
AD000919,0.955,0.977,42.4,high,0,CONFIRMED_BY_FIELD_VISIT,LOCATION_CONFIRMED_OR_RELIABLE: a failed visit is informative
AD000920,0.977,0.977,31.4,high,0,CONFIRMED_BY_FIELD_VISIT,LOCATION_CONFIRMED_OR_RELIABLE: a failed visit is informative
AD000921,0.977,0.977,17.3,high,0,CONFIRMED_BY_FIELD_VISIT,LOCATION_CONFIRMED_OR_RELIABLE: a failed visit is informative
AD000922,0.267,0.663,504.2,low,1,INFERRED_FROM_STREET_NEIGHBOURS,LOCATION_UNRESOLVED: do not treat a failed visit here as evidence the address is invalid
AD000923,0.977,0.977,18.4,high,0,CONFIRMED_BY_FIELD_VISIT,LOCATION_CONFIRMED_OR_RELIABLE: a failed visit is informative
AD000924,0.977,0.977,27.4,high,0,CONFIRMED_BY_FIELD_VISIT,LOCATION_CONFIRMED_OR_RELIABLE: a failed visit is informative
AD000925,0.968,0.993,40.3,high,0,LOCALITY_LEVEL_ONLY,LOCATION_CONFIRMED_OR_RELIABLE: a failed visit is informative
AD000926,0.745,0.923,166.1,medium,0,INFERRED_FROM_STREET_NEIGHBOURS,LOCATION_APPROXIMATE: a failed visit is weak evidence; retry with directions
AD000927,0.334,0.743,427.7,low,1,INFERRED_FROM_LANDMARK,LOCATION_UNRESOLVED: do not treat a failed visit here as evidence the address is invalid
AD000928,0.832,0.954,133.8,medium,0,INFERRED_FROM_STREET_NEIGHBOURS,LOCATION_APPROXIMATE: a failed visit is weak evidence; retry with directions
AD000929,0.0,0.031,1909.4,low,1,NO_LOCALITY_IN_TEXT|OLD_GEOCODER_AT_PINCODE_CENTRE,LOCATION_UNRESOLVED: do not treat a failed visit here as evidence the address is invalid
AD000930,0.977,0.977,11.8,high,0,CONFIRMED_BY_FIELD_VISIT,LOCATION_CONFIRMED_OR_RELIABLE: a failed visit is informative
AD000932,0.104,0.433,863.8,low,1,INFERRED_FROM_LANDMARK,LOCATION_UNRESOLVED: do not treat a failed visit here as evidence the address is invalid
AD000933,0.476,0.854,304.1,low,1,INFERRED_FROM_STREET_NEIGHBOURS,LOCATION_UNRESOLVED: do not treat a failed visit here as evidence the address is invalid
AD000934,0.377,0.783,389.9,low,1,INFERRED_FROM_STREET_NEIGHBOURS,LOCATION_UNRESOLVED: do not treat a failed visit here as evidence the address is invalid
AD000935,0.782,0.932,153.9,medium,0,INFERRED_FROM_STREET_NEIGHBOURS,LOCATION_APPROXIMATE: a failed visit is weak evidence; retry with directions
AD000936,0.955,0.977,48.2,high,0,CONFIRMED_BY_FIELD_VISIT,LOCATION_CONFIRMED_OR_RELIABLE: a failed visit is informative
AD000937,0.033,0.142,1787.3,low,1,LOCALITY_LEVEL_ONLY,LOCATION_UNRESOLVED: do not treat a failed visit here as evidence the address is invalid
AD000938,0.361,0.768,400.5,low,1,INFERRED_FROM_STREET_NEIGHBOURS,LOCATION_UNRESOLVED: do not treat a failed visit here as evidence the address is invalid
AD000939,0.862,0.962,118.5,medium,0,INFERRED_FROM_STREET_NEIGHBOURS,LOCATION_APPROXIMATE: a failed visit is weak evidence; retry with directions
AD000940,0.955,0.977,70.3,medium,0,CONFIRMED_BY_FIELD_VISIT,LOCATION_APPROXIMATE: a failed visit is weak evidence; retry with directions
AD000942,0.977,0.977,22.1,high,0,CONFIRMED_BY_FIELD_VISIT,LOCATION_CONFIRMED_OR_RELIABLE: a failed visit is informative
AD000943,0.977,0.977,15.0,high,0,CONFIRMED_BY_FIELD_VISIT,LOCATION_CONFIRMED_OR_RELIABLE: a failed visit is informative
AD000944,0.977,0.977,16.4,high,0,CONFIRMED_BY_FIELD_VISIT,LOCATION_CONFIRMED_OR_RELIABLE: a failed visit is informative
AD000945,0.849,0.957,126.8,medium,0,INFERRED_FROM_STREET_NEIGHBOURS,LOCATION_APPROXIMATE: a failed visit is weak evidence; retry with directions
AD000946,0.628,0.922,219.2,medium,0,INFERRED_FROM_STREET_NEIGHBOURS,LOCATION_APPROXIMATE: a failed visit is weak evidence; retry with directions
AD000947,0.386,0.791,378.7,low,1,INFERRED_FROM_STREET_NEIGHBOURS,LOCATION_UNRESOLVED: do not treat a failed visit here as evidence the address is invalid
AD000948,0.955,0.977,68.5,medium,0,CONFIRMED_BY_FIELD_VISIT,LOCATION_APPROXIMATE: a failed visit is weak evidence; retry with directions
AD000949,0.661,0.93,203.8,medium,0,INFERRED_FROM_STREET_NEIGHBOURS,LOCATION_APPROXIMATE: a failed visit is weak evidence; retry with directions
AD000950,0.977,0.977,16.0,high,0,CONFIRMED_BY_FIELD_VISIT,LOCATION_CONFIRMED_OR_RELIABLE: a failed visit is informative
AD000951,0.324,0.738,436.6,low,1,INFERRED_FROM_STREET_NEIGHBOURS,LOCATION_UNRESOLVED: do not treat a failed visit here as evidence the address is invalid
AD000952,0.36,0.765,405.4,low,1,INFERRED_FROM_STREET_NEIGHBOURS,LOCATION_UNRESOLVED: do not treat a failed visit here as evidence the address is invalid
AD000953,0.818,0.955,114.1,medium,0,CONFIRMED_BY_FIELD_VISIT,LOCATION_APPROXIMATE: a failed visit is weak evidence; retry with directions
AD000954,0.977,0.977,24.9,high,0,CONFIRMED_BY_FIELD_VISIT,LOCATION_CONFIRMED_OR_RELIABLE: a failed visit is informative
AD000955,0.977,0.977,22.0,high,0,CONFIRMED_BY_FIELD_VISIT,LOCATION_CONFIRMED_OR_RELIABLE: a failed visit is informative
AD000957,0.977,0.977,19.6,high,0,CONFIRMED_BY_FIELD_VISIT,LOCATION_CONFIRMED_OR_RELIABLE: a failed visit is informative
AD000958,0.577,0.909,227.7,medium,0,INFERRED_FROM_STREET_NEIGHBOURS,LOCATION_APPROXIMATE: a failed visit is weak evidence; retry with directions
AD000959,0.977,0.977,17.6,high,0,CONFIRMED_BY_FIELD_VISIT,LOCATION_CONFIRMED_OR_RELIABLE: a failed visit is informative
AD000961,0.47,0.85,309.3,low,1,INFERRED_FROM_STREET_NEIGHBOURS,LOCATION_UNRESOLVED: do not treat a failed visit here as evidence the address is invalid
AD000962,0.977,0.977,30.0,high,0,CONFIRMED_BY_FIELD_VISIT,LOCATION_CONFIRMED_OR_RELIABLE: a failed visit is informative
AD000963,0.364,0.818,304.6,low,0,CONFIRMED_BY_FIELD_VISIT,LOCATION_APPROXIMATE: a failed visit is weak evidence; retry with directions
AD000964,0.977,0.977,16.2,high,0,CONFIRMED_BY_FIELD_VISIT,LOCATION_CONFIRMED_OR_RELIABLE: a failed visit is informative
AD000965,0.297,0.702,468.1,low,1,INFERRED_FROM_STREET_NEIGHBOURS,LOCATION_UNRESOLVED: do not treat a failed visit here as evidence the address is invalid
AD000967,0.238,0.632,540.4,low,1,INFERRED_FROM_LANDMARK,LOCATION_UNRESOLVED: do not treat a failed visit here as evidence the address is invalid
AD000968,0.696,0.939,189.7,medium,0,INFERRED_FROM_STREET_NEIGHBOURS,LOCATION_APPROXIMATE: a failed visit is weak evidence; retry with directions
AD000969,0.977,0.977,17.7,high,0,CONFIRMED_BY_FIELD_VISIT,LOCATION_CONFIRMED_OR_RELIABLE: a failed visit is informative
AD000970,0.977,0.977,19.1,high,0,CONFIRMED_BY_FIELD_VISIT,LOCATION_CONFIRMED_OR_RELIABLE: a failed visit is informative
AD000971,0.977,0.977,14.8,high,0,CONFIRMED_BY_FIELD_VISIT,LOCATION_CONFIRMED_OR_RELIABLE: a failed visit is informative
AD000972,0.0,0.02,2277.8,low,1,NO_LOCALITY_IN_TEXT|OLD_GEOCODER_AT_PINCODE_CENTRE,LOCATION_UNRESOLVED: do not treat a failed visit here as evidence the address is invalid
AD000973,0.034,0.142,1780.9,low,1,LOCALITY_LEVEL_ONLY,LOCATION_UNRESOLVED: do not treat a failed visit here as evidence the address is invalid
AD000974,0.0,0.02,2088.4,low,1,NO_LOCALITY_IN_TEXT|OLD_GEOCODER_AT_PINCODE_CENTRE,LOCATION_UNRESOLVED: do not treat a failed visit here as evidence the address is invalid
AD000975,0.932,0.977,87.3,medium,0,CONFIRMED_BY_FIELD_VISIT,LOCATION_APPROXIMATE: a failed visit is weak evidence; retry with directions
AD000976,0.111,0.454,805.5,low,1,INFERRED_FROM_LANDMARK,LOCATION_UNRESOLVED: do not treat a failed visit here as evidence the address is invalid
AD000978,0.977,0.977,22.5,high,0,CONFIRMED_BY_FIELD_VISIT,LOCATION_CONFIRMED_OR_RELIABLE: a failed visit is informative
AD000979,0.0,0.082,1144.3,low,1,NO_LOCALITY_IN_TEXT,LOCATION_UNRESOLVED: do not treat a failed visit here as evidence the address is invalid
AD000980,0.977,0.977,22.1,high,0,CONFIRMED_BY_FIELD_VISIT,LOCATION_CONFIRMED_OR_RELIABLE: a failed visit is informative
AD000981,0.977,0.977,19.6,high,0,CONFIRMED_BY_FIELD_VISIT,LOCATION_CONFIRMED_OR_RELIABLE: a failed visit is informative
AD000982,0.955,0.977,49.0,high,0,CONFIRMED_BY_FIELD_VISIT,LOCATION_CONFIRMED_OR_RELIABLE: a failed visit is informative
AD000984,0.977,0.977,15.6,high,0,CONFIRMED_BY_FIELD_VISIT,LOCATION_CONFIRMED_OR_RELIABLE: a failed visit is informative
AD000985,0.865,0.965,115.7,medium,0,INFERRED_FROM_STREET_NEIGHBOURS,LOCATION_APPROXIMATE: a failed visit is weak evidence; retry with directions
AD000986,0.977,0.977,14.3,high,0,CONFIRMED_BY_FIELD_VISIT,LOCATION_CONFIRMED_OR_RELIABLE: a failed visit is informative
AD000987,0.977,0.977,24.8,high,0,CONFIRMED_BY_FIELD_VISIT,LOCATION_CONFIRMED_OR_RELIABLE: a failed visit is informative
AD000988,0.599,0.909,236.6,medium,0,INFERRED_FROM_STREET_NEIGHBOURS,LOCATION_APPROXIMATE: a failed visit is weak evidence; retry with directions
AD000989,0.189,0.598,593.2,low,1,INFERRED_FROM_STREET_NEIGHBOURS,LOCATION_UNRESOLVED: do not treat a failed visit here as evidence the address is invalid
AD000990,0.518,0.9,247.2,medium,0,INFERRED_FROM_STREET_NEIGHBOURS,LOCATION_APPROXIMATE: a failed visit is weak evidence; retry with directions
AD000991,0.955,0.977,70.3,medium,0,CONFIRMED_BY_FIELD_VISIT,LOCATION_APPROXIMATE: a failed visit is weak evidence; retry with directions
AD000992,0.977,0.977,15.3,high,0,CONFIRMED_BY_FIELD_VISIT,LOCATION_CONFIRMED_OR_RELIABLE: a failed visit is informative
AD000993,0.151,0.529,683.4,low,1,INFERRED_FROM_LANDMARK,LOCATION_UNRESOLVED: do not treat a failed visit here as evidence the address is invalid
AD000994,0.361,0.774,397.2,low,1,INFERRED_FROM_STREET_NEIGHBOURS,LOCATION_UNRESOLVED: do not treat a failed visit here as evidence the address is invalid
AD000995,0.682,0.923,190.7,medium,0,INFERRED_FROM_STREET_NEIGHBOURS,LOCATION_APPROXIMATE: a failed visit is weak evidence; retry with directions
AD000996,0.262,0.66,510.3,low,1,INFERRED_FROM_LANDMARK,LOCATION_UNRESOLVED: do not treat a failed visit here as evidence the address is invalid
AD000997,0.582,0.909,223.3,medium,0,INFERRED_FROM_STREET_NEIGHBOURS,LOCATION_APPROXIMATE: a failed visit is weak evidence; retry with directions
AD000998,0.034,0.145,1774.9,low,1,LOCALITY_LEVEL_ONLY,LOCATION_UNRESOLVED: do not treat a failed visit here as evidence the address is invalid
AD000999,0.977,0.977,17.4,high,0,CONFIRMED_BY_FIELD_VISIT,LOCATION_CONFIRMED_OR_RELIABLE: a failed visit is informative
AD001000,0.977,0.977,24.3,high,0,CONFIRMED_BY_FIELD_VISIT,LOCATION_CONFIRMED_OR_RELIABLE: a failed visit is informative
AD001001,0.977,0.977,17.2,high,0,CONFIRMED_BY_FIELD_VISIT,LOCATION_CONFIRMED_OR_RELIABLE: a failed visit is informative
AD001002,0.598,0.909,238.3,medium,0,INFERRED_FROM_STREET_NEIGHBOURS,LOCATION_APPROXIMATE: a failed visit is weak evidence; retry with directions
AD001003,0.977,0.977,16.5,high,0,CONFIRMED_BY_FIELD_VISIT,LOCATION_CONFIRMED_OR_RELIABLE: a failed visit is informative
AD001004,0.786,0.952,154.1,medium,0,INFERRED_FROM_STREET_NEIGHBOURS,LOCATION_APPROXIMATE: a failed visit is weak evidence; retry with directions
AD001005,0.0,0.031,1710.1,low,1,NO_LOCALITY_IN_TEXT|OLD_GEOCODER_AT_PINCODE_CENTRE,LOCATION_UNRESOLVED: do not treat a failed visit here as evidence the address is invalid
AD001006,0.977,0.977,15.8,high,0,CONFIRMED_BY_FIELD_VISIT,LOCATION_CONFIRMED_OR_RELIABLE: a failed visit is informative
AD001007,0.805,0.945,146.5,medium,0,INFERRED_FROM_STREET_NEIGHBOURS,LOCATION_APPROXIMATE: a failed visit is weak evidence; retry with directions
AD001008,0.532,0.905,240.0,medium,0,INFERRED_FROM_LANDMARK,LOCATION_APPROXIMATE: a failed visit is weak evidence; retry with directions
AD001009,0.977,0.977,22.7,high,0,CONFIRMED_BY_FIELD_VISIT,LOCATION_CONFIRMED_OR_RELIABLE: a failed visit is informative
AD001010,0.297,0.702,467.2,low,1,INFERRED_FROM_STREET_NEIGHBOURS,LOCATION_UNRESOLVED: do not treat a failed visit here as evidence the address is invalid
AD001011,0.287,0.685,480.5,low,1,INFERRED_FROM_LANDMARK,LOCATION_UNRESOLVED: do not treat a failed visit here as evidence the address is invalid
AD001012,0.977,0.977,35.8,high,0,CONFIRMED_BY_FIELD_VISIT,LOCATION_CONFIRMED_OR_RELIABLE: a failed visit is informative
AD001013,0.977,0.977,38.1,high,0,CONFIRMED_BY_FIELD_VISIT,LOCATION_CONFIRMED_OR_RELIABLE: a failed visit is informative
AD001015,0.341,0.845,326.9,low,1,INFERRED_FROM_LANDMARK,LOCATION_UNRESOLVED: do not treat a failed visit here as evidence the address is invalid
AD001016,0.185,0.59,603.1,low,1,INFERRED_FROM_LANDMARK,LOCATION_UNRESOLVED: do not treat a failed visit here as evidence the address is invalid
AD001017,0.977,0.977,16.0,high,0,CONFIRMED_BY_FIELD_VISIT,LOCATION_CONFIRMED_OR_RELIABLE: a failed visit is informative
AD001018,0.858,0.962,120.5,medium,0,INFERRED_FROM_STREET_NEIGHBOURS,LOCATION_APPROXIMATE: a failed visit is weak evidence; retry with directions
AD001019,0.349,0.754,416.7,low,1,INFERRED_FROM_STREET_NEIGHBOURS,LOCATION_UNRESOLVED: do not treat a failed visit here as evidence the address is invalid
AD001020,0.873,0.968,109.0,medium,0,INFERRED_FROM_STREET_NEIGHBOURS,LOCATION_APPROXIMATE: a failed visit is weak evidence; retry with directions
AD001021,0.277,0.668,494.3,low,1,INFERRED_FROM_LANDMARK,LOCATION_UNRESOLVED: do not treat a failed visit here as evidence the address is invalid
AD001022,0.102,0.404,898.5,low,1,INFERRED_FROM_STREET_NEIGHBOURS,LOCATION_UNRESOLVED: do not treat a failed visit here as evidence the address is invalid
AD001023,0.0,0.02,2255.5,low,1,NO_LOCALITY_IN_TEXT|OLD_GEOCODER_AT_PINCODE_CENTRE,LOCATION_UNRESOLVED: do not treat a failed visit here as evidence the address is invalid
AD001024,0.03,0.137,1805.7,low,1,LOCALITY_LEVEL_ONLY,LOCATION_UNRESOLVED: do not treat a failed visit here as evidence the address is invalid
AD001025,0.361,0.774,397.5,low,1,INFERRED_FROM_STREET_NEIGHBOURS,LOCATION_UNRESOLVED: do not treat a failed visit here as evidence the address is invalid
AD001026,0.977,0.977,18.3,high,0,CONFIRMED_BY_FIELD_VISIT,LOCATION_CONFIRMED_OR_RELIABLE: a failed visit is informative
AD001027,0.437,0.832,337.5,low,1,INFERRED_FROM_STREET_NEIGHBOURS,LOCATION_UNRESOLVED: do not treat a failed visit here as evidence the address is invalid
AD001028,0.0,0.031,1879.1,low,1,NO_LOCALITY_IN_TEXT|OLD_GEOCODER_AT_PINCODE_CENTRE,LOCATION_UNRESOLVED: do not treat a failed visit here as evidence the address is invalid
AD001029,0.396,0.805,365.5,low,1,INFERRED_FROM_STREET_NEIGHBOURS,LOCATION_UNRESOLVED: do not treat a failed visit here as evidence the address is invalid
AD001031,0.955,0.977,57.1,high,0,CONFIRMED_BY_FIELD_VISIT,LOCATION_CONFIRMED_OR_RELIABLE: a failed visit is informative
AD001032,0.341,0.749,422.7,low,1,INFERRED_FROM_STREET_NEIGHBOURS,LOCATION_UNRESOLVED: do not treat a failed visit here as evidence the address is invalid
AD001033,0.977,0.977,25.4,high,0,CONFIRMED_BY_FIELD_VISIT,LOCATION_CONFIRMED_OR_RELIABLE: a failed visit is informative
AD001034,0.977,0.977,17.3,high,0,CONFIRMED_BY_FIELD_VISIT,LOCATION_CONFIRMED_OR_RELIABLE: a failed visit is informative
AD001035,0.955,0.977,69.0,medium,0,CONFIRMED_BY_FIELD_VISIT,LOCATION_APPROXIMATE: a failed visit is weak evidence; retry with directions
AD001036,0.705,0.955,151.6,medium,0,CONFIRMED_BY_FIELD_VISIT,LOCATION_APPROXIMATE: a failed visit is weak evidence; retry with directions
AD001037,0.313,0.722,447.5,low,1,INFERRED_FROM_STREET_NEIGHBOURS,LOCATION_UNRESOLVED: do not treat a failed visit here as evidence the address is invalid
AD001039,0.977,0.977,22.5,high,0,CONFIRMED_BY_FIELD_VISIT,LOCATION_CONFIRMED_OR_RELIABLE: a failed visit is informative
AD001040,0.977,0.977,37.0,high,0,CONFIRMED_BY_FIELD_VISIT,LOCATION_CONFIRMED_OR_RELIABLE: a failed visit is informative
AD001041,0.0,0.031,1897.5,low,1,NO_LOCALITY_IN_TEXT|OLD_GEOCODER_AT_PINCODE_CENTRE,LOCATION_UNRESOLVED: do not treat a failed visit here as evidence the address is invalid
AD001042,0.977,0.977,17.6,high,0,CONFIRMED_BY_FIELD_VISIT,LOCATION_CONFIRMED_OR_RELIABLE: a failed visit is informative
AD001043,0.977,0.977,15.3,high,0,CONFIRMED_BY_FIELD_VISIT,LOCATION_CONFIRMED_OR_RELIABLE: a failed visit is informative
AD001044,0.887,0.966,109.6,medium,0,INFERRED_FROM_STREET_NEIGHBOURS,LOCATION_APPROXIMATE: a failed visit is weak evidence; retry with directions
AD001045,0.977,0.977,25.4,high,0,CONFIRMED_BY_FIELD_VISIT,LOCATION_CONFIRMED_OR_RELIABLE: a failed visit is informative
AD001046,0.627,0.919,220.1,medium,0,INFERRED_FROM_STREET_NEIGHBOURS,LOCATION_APPROXIMATE: a failed visit is weak evidence; retry with directions
AD001047,0.977,0.977,23.2,high,0,CONFIRMED_BY_FIELD_VISIT,LOCATION_CONFIRMED_OR_RELIABLE: a failed visit is informative
AD001048,0.977,0.977,24.2,high,0,CONFIRMED_BY_FIELD_VISIT,LOCATION_CONFIRMED_OR_RELIABLE: a failed visit is informative
AD001049,0.462,0.849,316.4,low,1,INFERRED_FROM_STREET_NEIGHBOURS,LOCATION_UNRESOLVED: do not treat a failed visit here as evidence the address is invalid
AD001050,0.1,0.401,903.4,low,1,INFERRED_FROM_LANDMARK,LOCATION_UNRESOLVED: do not treat a failed visit here as evidence the address is invalid
AD001052,0.85,0.959,124.7,medium,0,INFERRED_FROM_STREET_NEIGHBOURS,LOCATION_APPROXIMATE: a failed visit is weak evidence; retry with directions
AD001053,0.977,0.977,23.0,high,0,CONFIRMED_BY_FIELD_VISIT,LOCATION_CONFIRMED_OR_RELIABLE: a failed visit is informative
AD001054,0.977,0.977,18.6,high,0,CONFIRMED_BY_FIELD_VISIT,LOCATION_CONFIRMED_OR_RELIABLE: a failed visit is informative
AD001055,0.955,0.977,56.5,high,0,CONFIRMED_BY_FIELD_VISIT,LOCATION_CONFIRMED_OR_RELIABLE: a failed visit is informative
AD001057,0.977,0.977,19.6,high,0,CONFIRMED_BY_FIELD_VISIT,LOCATION_CONFIRMED_OR_RELIABLE: a failed visit is informative
AD001058,0.859,0.962,119.8,medium,0,INFERRED_FROM_STREET_NEIGHBOURS,LOCATION_APPROXIMATE: a failed visit is weak evidence; retry with directions
AD001059,0.111,0.455,802.6,low,1,INFERRED_FROM_LANDMARK,LOCATION_UNRESOLVED: do not treat a failed visit here as evidence the address is invalid
AD001060,0.977,0.977,23.3,high,0,CONFIRMED_BY_FIELD_VISIT,LOCATION_CONFIRMED_OR_RELIABLE: a failed visit is informative
AD001062,0.138,0.504,721.2,low,1,INFERRED_FROM_LANDMARK,LOCATION_UNRESOLVED: do not treat a failed visit here as evidence the address is invalid
AD001063,0.977,0.977,22.4,high,0,CONFIRMED_BY_FIELD_VISIT,LOCATION_CONFIRMED_OR_RELIABLE: a failed visit is informative
AD001064,0.932,0.977,94.4,medium,0,CONFIRMED_BY_FIELD_VISIT,LOCATION_APPROXIMATE: a failed visit is weak evidence; retry with directions
AD001065,0.0,0.031,1922.5,low,1,NO_LOCALITY_IN_TEXT|OLD_GEOCODER_AT_PINCODE_CENTRE,LOCATION_UNRESOLVED: do not treat a failed visit here as evidence the address is invalid
AD001066,0.034,0.146,1766.6,low,1,LOCALITY_LEVEL_ONLY,LOCATION_UNRESOLVED: do not treat a failed visit here as evidence the address is invalid
AD001067,0.977,0.977,26.0,high,0,CONFIRMED_BY_FIELD_VISIT,LOCATION_CONFIRMED_OR_RELIABLE: a failed visit is informative
AD001068,0.102,0.408,889.4,low,1,INFERRED_FROM_LANDMARK,LOCATION_UNRESOLVED: do not treat a failed visit here as evidence the address is invalid
AD001069,0.0,0.0,3381.2,low,1,NO_LOCALITY_IN_TEXT|OLD_GEOCODER_AT_PINCODE_CENTRE,LOCATION_UNRESOLVED: do not treat a failed visit here as evidence the address is invalid
AD001070,0.281,0.675,488.7,low,1,INFERRED_FROM_STREET_NEIGHBOURS,LOCATION_UNRESOLVED: do not treat a failed visit here as evidence the address is invalid
AD001071,0.977,0.977,32.5,high,0,CONFIRMED_BY_FIELD_VISIT,LOCATION_CONFIRMED_OR_RELIABLE: a failed visit is informative
AD001073,0.268,0.664,502.5,low,1,INFERRED_FROM_LANDMARK,LOCATION_UNRESOLVED: do not treat a failed visit here as evidence the address is invalid
AD001074,0.977,0.977,16.7,high,0,CONFIRMED_BY_FIELD_VISIT,LOCATION_CONFIRMED_OR_RELIABLE: a failed visit is informative
AD001075,0.736,0.923,170.3,medium,0,INFERRED_FROM_STREET_NEIGHBOURS,LOCATION_APPROXIMATE: a failed visit is weak evidence; retry with directions
AD001076,0.206,0.609,575.1,low,1,INFERRED_FROM_LANDMARK,LOCATION_UNRESOLVED: do not treat a failed visit here as evidence the address is invalid
AD001078,0.953,0.977,58.9,high,0,CONFIRMED_BY_FIELD_VISIT,LOCATION_CONFIRMED_OR_RELIABLE: a failed visit is informative
AD001079,0.977,0.977,21.2,high,0,CONFIRMED_BY_FIELD_VISIT,LOCATION_CONFIRMED_OR_RELIABLE: a failed visit is informative
AD001080,0.977,0.977,40.2,high,0,CONFIRMED_BY_FIELD_VISIT,LOCATION_CONFIRMED_OR_RELIABLE: a failed visit is informative
AD001081,0.324,0.737,437.4,low,1,INFERRED_FROM_STREET_NEIGHBOURS,LOCATION_UNRESOLVED: do not treat a failed visit here as evidence the address is invalid
AD001082,0.435,0.827,340.5,low,1,INFERRED_FROM_STREET_NEIGHBOURS,LOCATION_UNRESOLVED: do not treat a failed visit here as evidence the address is invalid
AD001083,0.977,0.977,30.9,high,0,CONFIRMED_BY_FIELD_VISIT,LOCATION_CONFIRMED_OR_RELIABLE: a failed visit is informative
AD001084,0.396,0.805,365.8,low,1,INFERRED_FROM_STREET_NEIGHBOURS,LOCATION_UNRESOLVED: do not treat a failed visit here as evidence the address is invalid
AD001086,0.034,0.146,1765.9,low,1,LOCALITY_LEVEL_ONLY,LOCATION_UNRESOLVED: do not treat a failed visit here as evidence the address is invalid
AD001087,0.977,0.977,19.9,high,0,CONFIRMED_BY_FIELD_VISIT,LOCATION_CONFIRMED_OR_RELIABLE: a failed visit is informative
AD001088,0.977,0.977,29.6,high,0,CONFIRMED_BY_FIELD_VISIT,LOCATION_CONFIRMED_OR_RELIABLE: a failed visit is informative
AD001089,0.184,0.584,607.3,low,1,INFERRED_FROM_LANDMARK,LOCATION_UNRESOLVED: do not treat a failed visit here as evidence the address is invalid
AD001091,0.977,0.977,17.7,high,0,CONFIRMED_BY_FIELD_VISIT,LOCATION_CONFIRMED_OR_RELIABLE: a failed visit is informative
AD001092,0.471,0.851,308.4,low,1,INFERRED_FROM_STREET_NEIGHBOURS,LOCATION_UNRESOLVED: do not treat a failed visit here as evidence the address is invalid
AD001094,0.977,0.977,18.3,high,0,CONFIRMED_BY_FIELD_VISIT,LOCATION_CONFIRMED_OR_RELIABLE: a failed visit is informative
AD001095,0.0,0.041,1605.1,low,1,NO_LOCALITY_IN_TEXT|OLD_GEOCODER_AT_PINCODE_CENTRE,LOCATION_UNRESOLVED: do not treat a failed visit here as evidence the address is invalid
AD001096,0.977,0.977,25.9,high,0,CONFIRMED_BY_FIELD_VISIT,LOCATION_CONFIRMED_OR_RELIABLE: a failed visit is informative
AD001097,0.239,0.637,535.8,low,1,INFERRED_FROM_STREET_NEIGHBOURS,LOCATION_UNRESOLVED: do not treat a failed visit here as evidence the address is invalid
AD001098,0.0,0.02,2127.8,low,1,NO_LOCALITY_IN_TEXT|OLD_GEOCODER_AT_PINCODE_CENTRE,LOCATION_UNRESOLVED: do not treat a failed visit here as evidence the address is invalid
AD001099,0.158,0.54,667.5,low,1,INFERRED_FROM_STREET_NEIGHBOURS,LOCATION_UNRESOLVED: do not treat a failed visit here as evidence the address is invalid
AD001100,0.977,0.977,16.6,high,0,CONFIRMED_BY_FIELD_VISIT,LOCATION_CONFIRMED_OR_RELIABLE: a failed visit is informative
AD001101,0.75,0.948,167.9,medium,0,INFERRED_FROM_STREET_NEIGHBOURS,LOCATION_APPROXIMATE: a failed visit is weak evidence; retry with directions
AD001102,0.334,0.746,426.7,low,1,INFERRED_FROM_STREET_NEIGHBOURS,LOCATION_UNRESOLVED: do not treat a failed visit here as evidence the address is invalid
AD001103,0.0,0.0,3099.2,low,1,NO_LOCALITY_IN_TEXT|OLD_GEOCODER_AT_PINCODE_CENTRE,LOCATION_UNRESOLVED: do not treat a failed visit here as evidence the address is invalid
AD001104,0.0,0.031,1929.4,low,1,NO_LOCALITY_IN_TEXT|OLD_GEOCODER_AT_PINCODE_CENTRE,LOCATION_UNRESOLVED: do not treat a failed visit here as evidence the address is invalid
AD001105,0.977,0.977,33.3,high,0,CONFIRMED_BY_FIELD_VISIT,LOCATION_CONFIRMED_OR_RELIABLE: a failed visit is informative
AD001107,0.0,0.031,1906.8,low,1,NO_LOCALITY_IN_TEXT|OLD_GEOCODER_AT_PINCODE_CENTRE,LOCATION_UNRESOLVED: do not treat a failed visit here as evidence the address is invalid
AD001108,0.977,0.977,39.3,high,0,CONFIRMED_BY_FIELD_VISIT,LOCATION_CONFIRMED_OR_RELIABLE: a failed visit is informative
AD001109,0.334,0.743,428.4,low,1,INFERRED_FROM_LANDMARK,LOCATION_UNRESOLVED: do not treat a failed visit here as evidence the address is invalid
AD001110,0.977,0.977,16.3,high,0,CONFIRMED_BY_FIELD_VISIT,LOCATION_CONFIRMED_OR_RELIABLE: a failed visit is informative
AD001112,0.191,0.6,587.8,low,1,INFERRED_FROM_LANDMARK,LOCATION_UNRESOLVED: do not treat a failed visit here as evidence the address is invalid
AD001113,0.664,0.932,201.3,medium,0,INFERRED_FROM_STREET_NEIGHBOURS,LOCATION_APPROXIMATE: a failed visit is weak evidence; retry with directions
AD001114,0.41,0.818,353.2,low,1,INFERRED_FROM_STREET_NEIGHBOURS,LOCATION_UNRESOLVED: do not treat a failed visit here as evidence the address is invalid
AD001115,0.466,0.85,312.9,low,1,INFERRED_FROM_STREET_NEIGHBOURS,LOCATION_UNRESOLVED: do not treat a failed visit here as evidence the address is invalid
AD001116,0.977,0.977,30.6,high,0,CONFIRMED_BY_FIELD_VISIT,LOCATION_CONFIRMED_OR_RELIABLE: a failed visit is informative
AD001117,0.281,0.675,488.3,low,1,INFERRED_FROM_STREET_NEIGHBOURS,LOCATION_UNRESOLVED: do not treat a failed visit here as evidence the address is invalid
AD001118,0.59,0.907,241.3,medium,0,INFERRED_FROM_STREET_NEIGHBOURS,LOCATION_APPROXIMATE: a failed visit is weak evidence; retry with directions
AD001119,0.698,0.939,189.1,medium,0,INFERRED_FROM_STREET_NEIGHBOURS,LOCATION_APPROXIMATE: a failed visit is weak evidence; retry with directions
AD001120,0.297,0.702,467.6,low,1,INFERRED_FROM_STREET_NEIGHBOURS,LOCATION_UNRESOLVED: do not treat a failed visit here as evidence the address is invalid
AD001121,0.977,0.977,19.1,high,0,CONFIRMED_BY_FIELD_VISIT,LOCATION_CONFIRMED_OR_RELIABLE: a failed visit is informative
AD001122,0.977,0.977,39.5,high,0,CONFIRMED_BY_FIELD_VISIT,LOCATION_CONFIRMED_OR_RELIABLE: a failed visit is informative
AD001123,0.666,0.934,198.4,medium,0,INFERRED_FROM_STREET_NEIGHBOURS,LOCATION_APPROXIMATE: a failed visit is weak evidence; retry with directions
AD001124,0.977,0.977,24.2,high,0,CONFIRMED_BY_FIELD_VISIT,LOCATION_CONFIRMED_OR_RELIABLE: a failed visit is informative
AD001125,0.605,0.914,210.8,medium,0,INFERRED_FROM_LANDMARK,LOCATION_APPROXIMATE: a failed visit is weak evidence; retry with directions
AD001126,0.396,0.8,367.6,low,1,INFERRED_FROM_STREET_NEIGHBOURS,LOCATION_UNRESOLVED: do not treat a failed visit here as evidence the address is invalid
AD001127,0.977,0.977,40.5,high,0,CONFIRMED_BY_FIELD_VISIT,LOCATION_CONFIRMED_OR_RELIABLE: a failed visit is informative
AD001128,0.977,0.977,25.7,high,0,CONFIRMED_BY_FIELD_VISIT,LOCATION_CONFIRMED_OR_RELIABLE: a failed visit is informative
AD001129,0.618,0.914,207.3,medium,0,INFERRED_FROM_STREET_NEIGHBOURS,LOCATION_APPROXIMATE: a failed visit is weak evidence; retry with directions
AD001130,0.977,0.977,21.4,high,0,CONFIRMED_BY_FIELD_VISIT,LOCATION_CONFIRMED_OR_RELIABLE: a failed visit is informative
AD001131,0.977,0.977,24.3,high,0,CONFIRMED_BY_FIELD_VISIT,LOCATION_CONFIRMED_OR_RELIABLE: a failed visit is informative
AD001132,0.659,0.923,195.0,medium,0,INFERRED_FROM_STREET_NEIGHBOURS,LOCATION_APPROXIMATE: a failed visit is weak evidence; retry with directions
AD001133,0.977,0.977,15.9,high,0,CONFIRMED_BY_FIELD_VISIT,LOCATION_CONFIRMED_OR_RELIABLE: a failed visit is informative
AD001134,0.241,0.643,528.2,low,1,INFERRED_FROM_STREET_NEIGHBOURS,LOCATION_UNRESOLVED: do not treat a failed visit here as evidence the address is invalid
AD001135,0.955,0.977,77.5,medium,0,CONFIRMED_BY_FIELD_VISIT,LOCATION_APPROXIMATE: a failed visit is weak evidence; retry with directions
AD001136,0.955,0.977,47.0,high,0,CONFIRMED_BY_FIELD_VISIT,LOCATION_CONFIRMED_OR_RELIABLE: a failed visit is informative
AD001137,0.0,0.041,1618.7,low,1,NO_LOCALITY_IN_TEXT|OLD_GEOCODER_AT_PINCODE_CENTRE,LOCATION_UNRESOLVED: do not treat a failed visit here as evidence the address is invalid
AD001138,0.977,0.977,18.7,high,0,CONFIRMED_BY_FIELD_VISIT,LOCATION_CONFIRMED_OR_RELIABLE: a failed visit is informative
AD001139,0.0,0.031,1944.4,low,1,NO_LOCALITY_IN_TEXT|OLD_GEOCODER_AT_PINCODE_CENTRE,LOCATION_UNRESOLVED: do not treat a failed visit here as evidence the address is invalid
AD001140,0.827,0.953,136.5,medium,0,INFERRED_FROM_STREET_NEIGHBOURS,LOCATION_APPROXIMATE: a failed visit is weak evidence; retry with directions
AD001141,0.571,0.897,252.6,medium,0,INFERRED_FROM_STREET_NEIGHBOURS,LOCATION_APPROXIMATE: a failed visit is weak evidence; retry with directions
AD001142,0.034,0.146,1770.8,low,1,LOCALITY_LEVEL_ONLY,LOCATION_UNRESOLVED: do not treat a failed visit here as evidence the address is invalid
AD001143,0.434,0.826,344.2,low,1,INFERRED_FROM_STREET_NEIGHBOURS,LOCATION_UNRESOLVED: do not treat a failed visit here as evidence the address is invalid
AD001144,0.909,0.982,91.0,medium,0,INFERRED_FROM_STREET_NEIGHBOURS,LOCATION_APPROXIMATE: a failed visit is weak evidence; retry with directions
AD001145,0.977,0.977,21.0,high,0,CONFIRMED_BY_FIELD_VISIT,LOCATION_CONFIRMED_OR_RELIABLE: a failed visit is informative
AD001146,0.0,0.0,3386.5,low,1,NO_LOCALITY_IN_TEXT|OLD_GEOCODER_AT_PINCODE_CENTRE,LOCATION_UNRESOLVED: do not treat a failed visit here as evidence the address is invalid
AD001147,0.0,0.031,1876.1,low,1,NO_LOCALITY_IN_TEXT|OLD_GEOCODER_AT_PINCODE_CENTRE,LOCATION_UNRESOLVED: do not treat a failed visit here as evidence the address is invalid
AD001148,0.034,0.145,1773.7,low,1,LOCALITY_LEVEL_ONLY,LOCATION_UNRESOLVED: do not treat a failed visit here as evidence the address is invalid
AD001149,0.977,0.977,36.0,high,0,CONFIRMED_BY_FIELD_VISIT,LOCATION_CONFIRMED_OR_RELIABLE: a failed visit is informative
AD001150,0.0,0.031,1650.0,low,1,NO_LOCALITY_IN_TEXT|OLD_GEOCODER_AT_PINCODE_CENTRE,LOCATION_UNRESOLVED: do not treat a failed visit here as evidence the address is invalid
AD001151,0.955,0.977,51.5,high,0,CONFIRMED_BY_FIELD_VISIT,LOCATION_CONFIRMED_OR_RELIABLE: a failed visit is informative
AD001152,0.977,0.977,40.8,high,0,CONFIRMED_BY_FIELD_VISIT,LOCATION_CONFIRMED_OR_RELIABLE: a failed visit is informative
AD001153,0.0,0.051,1547.8,low,1,NO_LOCALITY_IN_TEXT|OLD_GEOCODER_AT_PINCODE_CENTRE,LOCATION_UNRESOLVED: do not treat a failed visit here as evidence the address is invalid
AD001154,0.977,0.977,21.6,high,0,CONFIRMED_BY_FIELD_VISIT,LOCATION_CONFIRMED_OR_RELIABLE: a failed visit is informative
AD001155,0.577,0.909,228.3,medium,0,LOCALITY_LEVEL_ONLY,LOCATION_APPROXIMATE: a failed visit is weak evidence; retry with directions
AD001156,0.955,0.977,64.5,medium,0,CONFIRMED_BY_FIELD_VISIT,LOCATION_APPROXIMATE: a failed visit is weak evidence; retry with directions
AD001157,0.977,0.977,19.8,high,0,CONFIRMED_BY_FIELD_VISIT,LOCATION_CONFIRMED_OR_RELIABLE: a failed visit is informative
AD001158,0.977,0.977,16.6,high,0,CONFIRMED_BY_FIELD_VISIT,LOCATION_CONFIRMED_OR_RELIABLE: a failed visit is informative
AD001160,0.977,0.977,18.0,high,0,CONFIRMED_BY_FIELD_VISIT,LOCATION_CONFIRMED_OR_RELIABLE: a failed visit is informative
AD001161,0.777,0.927,156.2,medium,0,INFERRED_FROM_STREET_NEIGHBOURS,LOCATION_APPROXIMATE: a failed visit is weak evidence; retry with directions
AD001162,0.977,0.977,16.3,high,0,CONFIRMED_BY_FIELD_VISIT,LOCATION_CONFIRMED_OR_RELIABLE: a failed visit is informative
AD001163,0.392,0.798,373.7,low,1,INFERRED_FROM_STREET_NEIGHBOURS,LOCATION_UNRESOLVED: do not treat a failed visit here as evidence the address is invalid
AD001164,0.268,0.664,502.3,low,1,INFERRED_FROM_LANDMARK,LOCATION_UNRESOLVED: do not treat a failed visit here as evidence the address is invalid
AD001165,0.977,0.977,17.9,high,0,CONFIRMED_BY_FIELD_VISIT,LOCATION_CONFIRMED_OR_RELIABLE: a failed visit is informative
AD001166,0.823,0.953,138.8,medium,0,INFERRED_FROM_STREET_NEIGHBOURS,LOCATION_APPROXIMATE: a failed visit is weak evidence; retry with directions
AD001167,0.0,0.031,1919.3,low,1,NO_LOCALITY_IN_TEXT|OLD_GEOCODER_AT_PINCODE_CENTRE,LOCATION_UNRESOLVED: do not treat a failed visit here as evidence the address is invalid
AD001168,0.396,0.8,369.2,low,1,INFERRED_FROM_STREET_NEIGHBOURS,LOCATION_UNRESOLVED: do not treat a failed visit here as evidence the address is invalid
AD001170,0.955,0.977,57.3,high,0,CONFIRMED_BY_FIELD_VISIT,LOCATION_CONFIRMED_OR_RELIABLE: a failed visit is informative
AD001171,0.977,0.977,19.5,high,0,CONFIRMED_BY_FIELD_VISIT,LOCATION_CONFIRMED_OR_RELIABLE: a failed visit is informative
AD001172,0.852,0.961,122.5,medium,0,INFERRED_FROM_STREET_NEIGHBOURS,LOCATION_APPROXIMATE: a failed visit is weak evidence; retry with directions
AD001173,0.858,0.961,121.0,medium,0,INFERRED_FROM_STREET_NEIGHBOURS,LOCATION_APPROXIMATE: a failed visit is weak evidence; retry with directions
AD001174,0.977,0.977,10.6,high,0,CONFIRMED_BY_FIELD_VISIT,LOCATION_CONFIRMED_OR_RELIABLE: a failed visit is informative
AD001175,0.855,0.945,124.5,medium,0,INFERRED_FROM_STREET_NEIGHBOURS,LOCATION_APPROXIMATE: a failed visit is weak evidence; retry with directions
AD001176,0.955,0.977,42.5,high,0,CONFIRMED_BY_FIELD_VISIT,LOCATION_CONFIRMED_OR_RELIABLE: a failed visit is informative
AD001177,0.35,0.756,413.9,low,1,INFERRED_FROM_STREET_NEIGHBOURS,LOCATION_UNRESOLVED: do not treat a failed visit here as evidence the address is invalid
AD001178,0.977,0.977,21.3,high,0,CONFIRMED_BY_FIELD_VISIT,LOCATION_CONFIRMED_OR_RELIABLE: a failed visit is informative
AD001180,0.03,0.136,1809.2,low,1,LOCALITY_LEVEL_ONLY,LOCATION_UNRESOLVED: do not treat a failed visit here as evidence the address is invalid
AD001181,0.783,0.951,155.8,medium,0,INFERRED_FROM_STREET_NEIGHBOURS,LOCATION_APPROXIMATE: a failed visit is weak evidence; retry with directions
AD001182,0.128,0.487,745.5,low,1,INFERRED_FROM_STREET_NEIGHBOURS,LOCATION_UNRESOLVED: do not treat a failed visit here as evidence the address is invalid
AD001183,0.594,0.909,239.6,medium,0,INFERRED_FROM_STREET_NEIGHBOURS,LOCATION_APPROXIMATE: a failed visit is weak evidence; retry with directions
AD001184,0.72,0.945,180.4,medium,0,INFERRED_FROM_STREET_NEIGHBOURS,LOCATION_APPROXIMATE: a failed visit is weak evidence; retry with directions
AD001186,0.977,0.977,18.2,high,0,CONFIRMED_BY_FIELD_VISIT,LOCATION_CONFIRMED_OR_RELIABLE: a failed visit is informative
AD001187,0.977,0.977,16.2,high,0,CONFIRMED_BY_FIELD_VISIT,LOCATION_CONFIRMED_OR_RELIABLE: a failed visit is informative
AD001188,0.031,0.138,1800.9,low,1,LOCALITY_LEVEL_ONLY,LOCATION_UNRESOLVED: do not treat a failed visit here as evidence the address is invalid
AD001189,0.033,0.142,1787.8,low,1,LOCALITY_LEVEL_ONLY,LOCATION_UNRESOLVED: do not treat a failed visit here as evidence the address is invalid
AD001190,0.324,0.735,438.0,low,1,INFERRED_FROM_STREET_NEIGHBOURS,LOCATION_UNRESOLVED: do not treat a failed visit here as evidence the address is invalid
AD001191,0.977,0.977,14.8,high,0,CONFIRMED_BY_FIELD_VISIT,LOCATION_CONFIRMED_OR_RELIABLE: a failed visit is informative
AD001192,0.385,0.79,379.4,low,1,INFERRED_FROM_STREET_NEIGHBOURS,LOCATION_UNRESOLVED: do not treat a failed visit here as evidence the address is invalid
AD001193,0.378,0.785,387.2,low,1,INFERRED_FROM_STREET_NEIGHBOURS,LOCATION_UNRESOLVED: do not treat a failed visit here as evidence the address is invalid
AD001194,0.358,0.763,406.5,low,1,INFERRED_FROM_STREET_NEIGHBOURS,LOCATION_UNRESOLVED: do not treat a failed visit here as evidence the address is invalid
AD001195,0.395,0.8,370.8,low,1,INFERRED_FROM_STREET_NEIGHBOURS,LOCATION_UNRESOLVED: do not treat a failed visit here as evidence the address is invalid
AD001196,0.0,0.031,1932.4,low,1,NO_LOCALITY_IN_TEXT|OLD_GEOCODER_AT_PINCODE_CENTRE,LOCATION_UNRESOLVED: do not treat a failed visit here as evidence the address is invalid
AD001197,0.661,0.93,202.7,medium,0,INFERRED_FROM_STREET_NEIGHBOURS,LOCATION_APPROXIMATE: a failed visit is weak evidence; retry with directions
AD001198,0.977,0.977,26.7,high,0,CONFIRMED_BY_FIELD_VISIT,LOCATION_CONFIRMED_OR_RELIABLE: a failed visit is informative
AD001199,0.822,0.953,140.3,medium,0,INFERRED_FROM_STREET_NEIGHBOURS,LOCATION_APPROXIMATE: a failed visit is weak evidence; retry with directions
AD001200,0.977,0.977,20.0,high,0,CONFIRMED_BY_FIELD_VISIT,LOCATION_CONFIRMED_OR_RELIABLE: a failed visit is informative
AD001201,0.977,0.977,15.3,high,0,CONFIRMED_BY_FIELD_VISIT,LOCATION_CONFIRMED_OR_RELIABLE: a failed visit is informative
AD001202,0.201,0.604,580.8,low,1,INFERRED_FROM_LANDMARK,LOCATION_UNRESOLVED: do not treat a failed visit here as evidence the address is invalid
AD001203,0.627,0.918,206.3,medium,0,LOCALITY_LEVEL_ONLY,LOCATION_APPROXIMATE: a failed visit is weak evidence; retry with directions
AD001204,0.279,0.673,489.8,low,1,INFERRED_FROM_LANDMARK,LOCATION_UNRESOLVED: do not treat a failed visit here as evidence the address is invalid
AD001206,0.911,0.976,92.7,medium,0,INFERRED_FROM_STREET_NEIGHBOURS,LOCATION_APPROXIMATE: a failed visit is weak evidence; retry with directions
AD001207,0.977,0.977,38.0,high,0,CONFIRMED_BY_FIELD_VISIT,LOCATION_CONFIRMED_OR_RELIABLE: a failed visit is informative
AD001208,0.977,0.977,16.5,high,0,CONFIRMED_BY_FIELD_VISIT,LOCATION_CONFIRMED_OR_RELIABLE: a failed visit is informative
AD001209,0.414,0.864,286.3,medium,0,INFERRED_FROM_STREET_NEIGHBOURS,LOCATION_APPROXIMATE: a failed visit is weak evidence; retry with directions
AD001210,0.447,0.832,331.2,low,1,INFERRED_FROM_STREET_NEIGHBOURS,LOCATION_UNRESOLVED: do not treat a failed visit here as evidence the address is invalid
AD001211,0.284,0.683,484.4,low,1,INFERRED_FROM_STREET_NEIGHBOURS,LOCATION_UNRESOLVED: do not treat a failed visit here as evidence the address is invalid
AD001212,0.932,0.977,83.3,medium,0,CONFIRMED_BY_FIELD_VISIT,LOCATION_APPROXIMATE: a failed visit is weak evidence; retry with directions
AD001213,0.407,0.814,357.4,low,1,INFERRED_FROM_STREET_NEIGHBOURS,LOCATION_UNRESOLVED: do not treat a failed visit here as evidence the address is invalid
AD001214,0.977,0.977,21.3,high,0,CONFIRMED_BY_FIELD_VISIT,LOCATION_CONFIRMED_OR_RELIABLE: a failed visit is informative
AD001215,0.03,0.136,1808.1,low,1,LOCALITY_LEVEL_ONLY,LOCATION_UNRESOLVED: do not treat a failed visit here as evidence the address is invalid
AD001216,0.977,0.977,22.8,high,0,CONFIRMED_BY_FIELD_VISIT,LOCATION_CONFIRMED_OR_RELIABLE: a failed visit is informative
AD001217,0.265,0.661,508.2,low,1,INFERRED_FROM_LANDMARK,LOCATION_UNRESOLVED: do not treat a failed visit here as evidence the address is invalid
AD001218,0.342,0.749,421.7,low,1,INFERRED_FROM_STREET_NEIGHBOURS,LOCATION_UNRESOLVED: do not treat a failed visit here as evidence the address is invalid
AD001219,0.977,0.977,26.7,high,0,CONFIRMED_BY_FIELD_VISIT,LOCATION_CONFIRMED_OR_RELIABLE: a failed visit is informative
AD001220,0.977,0.977,23.3,high,0,CONFIRMED_BY_FIELD_VISIT,LOCATION_CONFIRMED_OR_RELIABLE: a failed visit is informative
AD001222,0.033,0.142,1788.7,low,1,LOCALITY_LEVEL_ONLY,LOCATION_UNRESOLVED: do not treat a failed visit here as evidence the address is invalid
AD001223,0.977,0.977,14.6,high,0,CONFIRMED_BY_FIELD_VISIT,LOCATION_CONFIRMED_OR_RELIABLE: a failed visit is informative
AD001224,0.857,0.961,121.2,medium,0,INFERRED_FROM_STREET_NEIGHBOURS,LOCATION_APPROXIMATE: a failed visit is weak evidence; retry with directions
AD001225,0.325,0.739,435.8,low,1,INFERRED_FROM_STREET_NEIGHBOURS,LOCATION_UNRESOLVED: do not treat a failed visit here as evidence the address is invalid
AD001226,0.0,0.031,1747.4,low,1,NO_LOCALITY_IN_TEXT|OLD_GEOCODER_AT_PINCODE_CENTRE,LOCATION_UNRESOLVED: do not treat a failed visit here as evidence the address is invalid
AD001227,0.578,0.902,246.8,medium,0,INFERRED_FROM_STREET_NEIGHBOURS,LOCATION_APPROXIMATE: a failed visit is weak evidence; retry with directions
AD001228,0.341,0.749,422.1,low,1,INFERRED_FROM_STREET_NEIGHBOURS,LOCATION_UNRESOLVED: do not treat a failed visit here as evidence the address is invalid
AD001230,0.618,0.914,207.3,medium,0,INFERRED_FROM_LANDMARK,LOCATION_APPROXIMATE: a failed visit is weak evidence; retry with directions
AD001231,0.977,0.977,30.2,high,0,CONFIRMED_BY_FIELD_VISIT,LOCATION_CONFIRMED_OR_RELIABLE: a failed visit is informative
AD001232,0.955,0.977,72.8,medium,0,CONFIRMED_BY_FIELD_VISIT,LOCATION_APPROXIMATE: a failed visit is weak evidence; retry with directions
AD001233,0.955,0.977,58.6,high,0,CONFIRMED_BY_FIELD_VISIT,LOCATION_CONFIRMED_OR_RELIABLE: a failed visit is informative
AD001234,0.0,0.02,2270.3,low,1,NO_LOCALITY_IN_TEXT|OLD_GEOCODER_AT_PINCODE_CENTRE,LOCATION_UNRESOLVED: do not treat a failed visit here as evidence the address is invalid
AD001236,0.977,0.977,31.8,high,0,CONFIRMED_BY_FIELD_VISIT,LOCATION_CONFIRMED_OR_RELIABLE: a failed visit is informative
AD001237,0.955,0.977,53.1,high,0,CONFIRMED_BY_FIELD_VISIT,LOCATION_CONFIRMED_OR_RELIABLE: a failed visit is informative
AD001238,0.305,0.717,455.0,low,1,INFERRED_FROM_LANDMARK,LOCATION_UNRESOLVED: do not treat a failed visit here as evidence the address is invalid
AD001239,0.977,0.977,19.6,high,0,CONFIRMED_BY_FIELD_VISIT,LOCATION_CONFIRMED_OR_RELIABLE: a failed visit is informative
AD001240,0.977,0.977,33.2,high,0,CONFIRMED_BY_FIELD_VISIT,LOCATION_CONFIRMED_OR_RELIABLE: a failed visit is informative
AD001242,0.977,0.977,40.2,high,0,CONFIRMED_BY_FIELD_VISIT,LOCATION_CONFIRMED_OR_RELIABLE: a failed visit is informative
AD001243,0.887,0.967,107.4,medium,0,INFERRED_FROM_STREET_NEIGHBOURS,LOCATION_APPROXIMATE: a failed visit is weak evidence; retry with directions
AD001245,0.977,0.977,19.1,high,0,CONFIRMED_BY_FIELD_VISIT,LOCATION_CONFIRMED_OR_RELIABLE: a failed visit is informative
AD001246,0.034,0.146,1770.8,low,1,LOCALITY_LEVEL_ONLY,LOCATION_UNRESOLVED: do not treat a failed visit here as evidence the address is invalid
AD001247,0.977,0.977,18.9,high,0,CONFIRMED_BY_FIELD_VISIT,LOCATION_CONFIRMED_OR_RELIABLE: a failed visit is informative
AD001248,0.977,0.977,17.5,high,0,CONFIRMED_BY_FIELD_VISIT,LOCATION_CONFIRMED_OR_RELIABLE: a failed visit is informative
AD001249,0.487,0.86,297.4,medium,0,INFERRED_FROM_STREET_NEIGHBOURS,LOCATION_APPROXIMATE: a failed visit is weak evidence; retry with directions
AD001250,0.862,0.962,118.0,medium,0,INFERRED_FROM_STREET_NEIGHBOURS,LOCATION_APPROXIMATE: a failed visit is weak evidence; retry with directions
AD001251,0.034,0.145,1773.8,low,1,LOCALITY_LEVEL_ONLY,LOCATION_UNRESOLVED: do not treat a failed visit here as evidence the address is invalid
AD001252,0.278,0.669,493.4,low,1,INFERRED_FROM_STREET_NEIGHBOURS,LOCATION_UNRESOLVED: do not treat a failed visit here as evidence the address is invalid
AD001253,0.695,0.923,186.6,medium,0,INFERRED_FROM_STREET_NEIGHBOURS,LOCATION_APPROXIMATE: a failed visit is weak evidence; retry with directions
AD001254,0.977,0.977,24.0,high,0,CONFIRMED_BY_FIELD_VISIT,LOCATION_CONFIRMED_OR_RELIABLE: a failed visit is informative
AD001255,0.641,0.923,199.4,medium,0,INFERRED_FROM_STREET_NEIGHBOURS,LOCATION_APPROXIMATE: a failed visit is weak evidence; retry with directions
AD001256,0.977,0.977,18.1,high,0,CONFIRMED_BY_FIELD_VISIT,LOCATION_CONFIRMED_OR_RELIABLE: a failed visit is informative
AD001257,0.977,0.977,15.9,high,0,CONFIRMED_BY_FIELD_VISIT,LOCATION_CONFIRMED_OR_RELIABLE: a failed visit is informative
AD001258,0.977,0.977,17.4,high,0,CONFIRMED_BY_FIELD_VISIT,LOCATION_CONFIRMED_OR_RELIABLE: a failed visit is informative
AD001259,0.297,0.704,466.6,low,1,INFERRED_FROM_LANDMARK,LOCATION_UNRESOLVED: do not treat a failed visit here as evidence the address is invalid
AD001260,0.202,0.604,580.2,low,1,INFERRED_FROM_LANDMARK,LOCATION_UNRESOLVED: do not treat a failed visit here as evidence the address is invalid
AD001261,0.749,0.948,168.8,medium,0,INFERRED_FROM_STREET_NEIGHBOURS,LOCATION_APPROXIMATE: a failed visit is weak evidence; retry with directions
AD001262,0.977,0.977,25.2,high,0,CONFIRMED_BY_FIELD_VISIT,LOCATION_CONFIRMED_OR_RELIABLE: a failed visit is informative
AD001263,0.402,0.807,360.1,low,1,INFERRED_FROM_STREET_NEIGHBOURS,LOCATION_UNRESOLVED: do not treat a failed visit here as evidence the address is invalid
AD001264,0.095,0.381,955.8,low,1,INFERRED_FROM_LANDMARK,LOCATION_UNRESOLVED: do not treat a failed visit here as evidence the address is invalid
AD001265,0.031,0.138,1800.2,low,1,LOCALITY_LEVEL_ONLY,LOCATION_UNRESOLVED: do not treat a failed visit here as evidence the address is invalid
AD001266,0.864,0.964,116.7,medium,0,INFERRED_FROM_STREET_NEIGHBOURS,LOCATION_APPROXIMATE: a failed visit is weak evidence; retry with directions
AD001267,0.977,0.977,17.5,high,0,CONFIRMED_BY_FIELD_VISIT,LOCATION_CONFIRMED_OR_RELIABLE: a failed visit is informative
AD001268,0.818,0.955,125.6,medium,0,CONFIRMED_BY_FIELD_VISIT,LOCATION_APPROXIMATE: a failed visit is weak evidence; retry with directions
AD001269,0.977,0.977,15.9,high,0,CONFIRMED_BY_FIELD_VISIT,LOCATION_CONFIRMED_OR_RELIABLE: a failed visit is informative
AD001270,0.845,0.956,127.7,medium,0,INFERRED_FROM_STREET_NEIGHBOURS,LOCATION_APPROXIMATE: a failed visit is weak evidence; retry with directions
AD001271,0.977,0.977,18.9,high,0,CONFIRMED_BY_FIELD_VISIT,LOCATION_CONFIRMED_OR_RELIABLE: a failed visit is informative
AD001272,0.955,0.977,47.4,high,0,CONFIRMED_BY_FIELD_VISIT,LOCATION_CONFIRMED_OR_RELIABLE: a failed visit is informative
AD001273,0.977,0.977,32.1,high,0,CONFIRMED_BY_FIELD_VISIT,LOCATION_CONFIRMED_OR_RELIABLE: a failed visit is informative
AD001274,0.977,0.977,22.0,high,0,CONFIRMED_BY_FIELD_VISIT,LOCATION_CONFIRMED_OR_RELIABLE: a failed visit is informative
AD001275,0.661,0.932,201.8,medium,0,INFERRED_FROM_STREET_NEIGHBOURS,LOCATION_APPROXIMATE: a failed visit is weak evidence; retry with directions
AD001276,0.977,0.977,23.7,high,0,CONFIRMED_BY_FIELD_VISIT,LOCATION_CONFIRMED_OR_RELIABLE: a failed visit is informative
AD001277,0.627,0.923,203.2,medium,0,INFERRED_FROM_STREET_NEIGHBOURS,LOCATION_APPROXIMATE: a failed visit is weak evidence; retry with directions
AD001278,0.827,0.953,136.1,medium,0,INFERRED_FROM_STREET_NEIGHBOURS,LOCATION_APPROXIMATE: a failed visit is weak evidence; retry with directions
AD001279,0.977,0.977,18.5,high,0,CONFIRMED_BY_FIELD_VISIT,LOCATION_CONFIRMED_OR_RELIABLE: a failed visit is informative
AD001280,0.341,0.749,423.4,low,1,INFERRED_FROM_STREET_NEIGHBOURS,LOCATION_UNRESOLVED: do not treat a failed visit here as evidence the address is invalid
AD001281,0.977,0.977,21.6,high,0,CONFIRMED_BY_FIELD_VISIT,LOCATION_CONFIRMED_OR_RELIABLE: a failed visit is informative
AD001282,0.739,0.946,173.6,medium,0,INFERRED_FROM_STREET_NEIGHBOURS,LOCATION_APPROXIMATE: a failed visit is weak evidence; retry with directions
AD001283,0.665,0.933,199.6,medium,0,INFERRED_FROM_STREET_NEIGHBOURS,LOCATION_APPROXIMATE: a failed visit is weak evidence; retry with directions
AD001284,0.374,0.783,390.8,low,1,INFERRED_FROM_STREET_NEIGHBOURS,LOCATION_UNRESOLVED: do not treat a failed visit here as evidence the address is invalid
AD001285,0.324,0.735,438.1,low,1,INFERRED_FROM_STREET_NEIGHBOURS,LOCATION_UNRESOLVED: do not treat a failed visit here as evidence the address is invalid
AD001286,0.464,0.877,263.9,medium,0,INFERRED_FROM_STREET_NEIGHBOURS,LOCATION_APPROXIMATE: a failed visit is weak evidence; retry with directions
AD001287,0.034,0.146,1771.4,low,1,LOCALITY_LEVEL_ONLY,LOCATION_UNRESOLVED: do not treat a failed visit here as evidence the address is invalid
AD001288,0.826,0.953,136.9,medium,0,INFERRED_FROM_STREET_NEIGHBOURS,LOCATION_APPROXIMATE: a failed visit is weak evidence; retry with directions
AD001289,0.98,0.993,32.3,high,0,LOCALITY_LEVEL_ONLY,LOCATION_CONFIRMED_OR_RELIABLE: a failed visit is informative
AD001290,0.977,0.977,15.5,high,0,CONFIRMED_BY_FIELD_VISIT,LOCATION_CONFIRMED_OR_RELIABLE: a failed visit is informative
AD001291,0.955,0.977,46.6,high,0,CONFIRMED_BY_FIELD_VISIT,LOCATION_CONFIRMED_OR_RELIABLE: a failed visit is informative
AD001293,0.595,0.909,215.6,medium,0,LOCALITY_LEVEL_ONLY,LOCATION_APPROXIMATE: a failed visit is weak evidence; retry with directions
AD001294,0.977,0.977,37.2,high,0,CONFIRMED_BY_FIELD_VISIT,LOCATION_CONFIRMED_OR_RELIABLE: a failed visit is informative
AD001295,0.034,0.142,1781.8,low,1,LOCALITY_LEVEL_ONLY,LOCATION_UNRESOLVED: do not treat a failed visit here as evidence the address is invalid
AD001296,0.414,0.821,352.3,low,1,INFERRED_FROM_STREET_NEIGHBOURS,LOCATION_UNRESOLVED: do not treat a failed visit here as evidence the address is invalid
AD001297,0.168,0.561,642.9,low,1,INFERRED_FROM_STREET_NEIGHBOURS,LOCATION_UNRESOLVED: do not treat a failed visit here as evidence the address is invalid
AD001298,0.977,0.977,17.5,high,0,CONFIRMED_BY_FIELD_VISIT,LOCATION_CONFIRMED_OR_RELIABLE: a failed visit is informative
AD001299,0.862,0.962,117.9,medium,0,INFERRED_FROM_STREET_NEIGHBOURS,LOCATION_APPROXIMATE: a failed visit is weak evidence; retry with directions
AD001300,0.977,0.993,33.9,high,0,LOCALITY_LEVEL_ONLY,LOCATION_CONFIRMED_OR_RELIABLE: a failed visit is informative
AD001301,0.482,0.895,252.9,medium,0,INFERRED_FROM_STREET_NEIGHBOURS,LOCATION_APPROXIMATE: a failed visit is weak evidence; retry with directions
AD001302,0.234,0.631,543.5,low,1,INFERRED_FROM_LANDMARK,LOCATION_UNRESOLVED: do not treat a failed visit here as evidence the address is invalid
AD001303,0.527,0.905,243.2,medium,0,INFERRED_FROM_STREET_NEIGHBOURS,LOCATION_APPROXIMATE: a failed visit is weak evidence; retry with directions
AD001304,0.627,0.923,204.9,medium,0,INFERRED_FROM_STREET_NEIGHBOURS,LOCATION_APPROXIMATE: a failed visit is weak evidence; retry with directions
AD001305,0.324,0.738,436.7,low,1,INFERRED_FROM_LANDMARK,LOCATION_UNRESOLVED: do not treat a failed visit here as evidence the address is invalid
AD001306,0.977,0.977,20.7,high,0,CONFIRMED_BY_FIELD_VISIT,LOCATION_CONFIRMED_OR_RELIABLE: a failed visit is informative
AD001307,0.977,0.977,19.9,high,0,CONFIRMED_BY_FIELD_VISIT,LOCATION_CONFIRMED_OR_RELIABLE: a failed visit is informative
AD001308,0.782,0.932,153.7,medium,0,INFERRED_FROM_STREET_NEIGHBOURS,LOCATION_APPROXIMATE: a failed visit is weak evidence; retry with directions
AD001309,0.111,0.456,796.2,low,1,INFERRED_FROM_LANDMARK,LOCATION_UNRESOLVED: do not treat a failed visit here as evidence the address is invalid
AD001310,0.083,0.339,1061.3,low,1,INFERRED_FROM_STREET_NEIGHBOURS,LOCATION_UNRESOLVED: do not treat a failed visit here as evidence the address is invalid
AD001311,0.743,0.946,171.6,medium,0,INFERRED_FROM_STREET_NEIGHBOURS,LOCATION_APPROXIMATE: a failed visit is weak evidence; retry with directions
AD001312,0.797,0.952,150.2,medium,0,INFERRED_FROM_STREET_NEIGHBOURS,LOCATION_APPROXIMATE: a failed visit is weak evidence; retry with directions
AD001314,0.977,0.977,36.1,high,0,CONFIRMED_BY_FIELD_VISIT,LOCATION_CONFIRMED_OR_RELIABLE: a failed visit is informative
AD001315,0.258,0.656,514.6,low,1,INFERRED_FROM_LANDMARK,LOCATION_UNRESOLVED: do not treat a failed visit here as evidence the address is invalid
AD001316,0.425,0.822,349.7,low,1,INFERRED_FROM_STREET_NEIGHBOURS,LOCATION_UNRESOLVED: do not treat a failed visit here as evidence the address is invalid
AD001317,0.627,0.923,203.5,medium,0,INFERRED_FROM_STREET_NEIGHBOURS,LOCATION_APPROXIMATE: a failed visit is weak evidence; retry with directions
AD001318,0.955,0.977,78.1,medium,0,CONFIRMED_BY_FIELD_VISIT,LOCATION_APPROXIMATE: a failed visit is weak evidence; retry with directions
AD001319,0.241,0.64,530.5,low,1,INFERRED_FROM_LANDMARK,LOCATION_UNRESOLVED: do not treat a failed visit here as evidence the address is invalid
AD001320,0.873,0.968,109.3,medium,0,INFERRED_FROM_STREET_NEIGHBOURS,LOCATION_APPROXIMATE: a failed visit is weak evidence; retry with directions
AD001321,0.864,0.959,113.9,medium,0,INFERRED_FROM_STREET_NEIGHBOURS,LOCATION_APPROXIMATE: a failed visit is weak evidence; retry with directions
AD001322,0.977,0.977,19.7,high,0,CONFIRMED_BY_FIELD_VISIT,LOCATION_CONFIRMED_OR_RELIABLE: a failed visit is informative
AD001323,0.977,0.977,14.6,high,0,CONFIRMED_BY_FIELD_VISIT,LOCATION_CONFIRMED_OR_RELIABLE: a failed visit is informative
AD001324,0.977,0.977,16.4,high,0,CONFIRMED_BY_FIELD_VISIT,LOCATION_CONFIRMED_OR_RELIABLE: a failed visit is informative
AD001325,0.295,0.698,470.9,low,1,INFERRED_FROM_STREET_NEIGHBOURS,LOCATION_UNRESOLVED: do not treat a failed visit here as evidence the address is invalid
AD001326,0.146,0.517,705.4,low,1,INFERRED_FROM_STREET_NEIGHBOURS,LOCATION_UNRESOLVED: do not treat a failed visit here as evidence the address is invalid
AD001327,0.378,0.785,387.3,low,1,INFERRED_FROM_STREET_NEIGHBOURS,LOCATION_UNRESOLVED: do not treat a failed visit here as evidence the address is invalid
AD001328,0.034,0.146,1763.1,low,1,LOCALITY_LEVEL_ONLY,LOCATION_UNRESOLVED: do not treat a failed visit here as evidence the address is invalid
AD001329,0.673,0.936,196.1,medium,0,INFERRED_FROM_STREET_NEIGHBOURS,LOCATION_APPROXIMATE: a failed visit is weak evidence; retry with directions
AD001330,0.955,0.977,60.4,medium,0,CONFIRMED_BY_FIELD_VISIT,LOCATION_APPROXIMATE: a failed visit is weak evidence; retry with directions
AD001331,0.977,0.977,22.1,high,0,CONFIRMED_BY_FIELD_VISIT,LOCATION_CONFIRMED_OR_RELIABLE: a failed visit is informative
AD001332,0.041,0.164,1655.1,low,1,INFERRED_FROM_LANDMARK,LOCATION_UNRESOLVED: do not treat a failed visit here as evidence the address is invalid
AD001333,0.818,0.955,124.9,medium,0,CONFIRMED_BY_FIELD_VISIT,LOCATION_APPROXIMATE: a failed visit is weak evidence; retry with directions
AD001335,0.818,0.955,124.6,medium,0,CONFIRMED_BY_FIELD_VISIT,LOCATION_APPROXIMATE: a failed visit is weak evidence; retry with directions
AD001336,0.977,0.977,32.6,high,0,CONFIRMED_BY_FIELD_VISIT,LOCATION_CONFIRMED_OR_RELIABLE: a failed visit is informative
AD001337,0.977,0.977,16.5,high,0,CONFIRMED_BY_FIELD_VISIT,LOCATION_CONFIRMED_OR_RELIABLE: a failed visit is informative
AD001338,0.977,0.977,16.8,high,0,CONFIRMED_BY_FIELD_VISIT,LOCATION_CONFIRMED_OR_RELIABLE: a failed visit is informative
AD001339,0.955,0.977,79.8,medium,0,CONFIRMED_BY_FIELD_VISIT,LOCATION_APPROXIMATE: a failed visit is weak evidence; retry with directions
AD001340,0.452,0.837,326.1,low,1,INFERRED_FROM_STREET_NEIGHBOURS,LOCATION_UNRESOLVED: do not treat a failed visit here as evidence the address is invalid
AD001341,0.709,0.923,182.7,medium,0,INFERRED_FROM_STREET_NEIGHBOURS,LOCATION_APPROXIMATE: a failed visit is weak evidence; retry with directions
AD001342,0.364,0.775,396.9,low,1,INFERRED_FROM_STREET_NEIGHBOURS,LOCATION_UNRESOLVED: do not treat a failed visit here as evidence the address is invalid
AD001343,0.977,0.977,25.2,high,0,CONFIRMED_BY_FIELD_VISIT,LOCATION_CONFIRMED_OR_RELIABLE: a failed visit is informative
AD001344,0.089,0.358,1016.9,low,1,INFERRED_FROM_LANDMARK,LOCATION_UNRESOLVED: do not treat a failed visit here as evidence the address is invalid
AD001346,0.977,0.977,17.4,high,0,CONFIRMED_BY_FIELD_VISIT,LOCATION_CONFIRMED_OR_RELIABLE: a failed visit is informative
AD001348,0.85,0.959,124.5,medium,0,INFERRED_FROM_STREET_NEIGHBOURS,LOCATION_APPROXIMATE: a failed visit is weak evidence; retry with directions
AD001349,0.673,0.923,193.5,medium,0,INFERRED_FROM_STREET_NEIGHBOURS,LOCATION_APPROXIMATE: a failed visit is weak evidence; retry with directions
AD001350,0.104,0.434,860.2,low,1,INFERRED_FROM_LANDMARK,LOCATION_UNRESOLVED: do not treat a failed visit here as evidence the address is invalid
AD001351,0.977,0.977,19.6,high,0,CONFIRMED_BY_FIELD_VISIT,LOCATION_CONFIRMED_OR_RELIABLE: a failed visit is informative
AD001352,0.977,0.977,37.8,high,0,CONFIRMED_BY_FIELD_VISIT,LOCATION_CONFIRMED_OR_RELIABLE: a failed visit is informative
AD001353,0.18,0.58,616.3,low,1,INFERRED_FROM_LANDMARK,LOCATION_UNRESOLVED: do not treat a failed visit here as evidence the address is invalid
AD001354,0.977,0.977,40.4,high,0,CONFIRMED_BY_FIELD_VISIT,LOCATION_CONFIRMED_OR_RELIABLE: a failed visit is informative
AD001355,0.977,0.977,15.0,high,0,CONFIRMED_BY_FIELD_VISIT,LOCATION_CONFIRMED_OR_RELIABLE: a failed visit is informative
AD001356,0.879,0.965,112.6,medium,0,INFERRED_FROM_STREET_NEIGHBOURS,LOCATION_APPROXIMATE: a failed visit is weak evidence; retry with directions
AD001357,0.977,0.977,15.9,high,0,CONFIRMED_BY_FIELD_VISIT,LOCATION_CONFIRMED_OR_RELIABLE: a failed visit is informative
AD001359,0.238,0.632,539.9,low,1,INFERRED_FROM_LANDMARK,LOCATION_UNRESOLVED: do not treat a failed visit here as evidence the address is invalid
AD001360,0.977,0.977,28.8,high,0,CONFIRMED_BY_FIELD_VISIT,LOCATION_CONFIRMED_OR_RELIABLE: a failed visit is informative
AD001361,0.977,0.977,24.6,high,0,CONFIRMED_BY_FIELD_VISIT,LOCATION_CONFIRMED_OR_RELIABLE: a failed visit is informative
AD001362,0.977,0.977,20.0,high,0,CONFIRMED_BY_FIELD_VISIT,LOCATION_CONFIRMED_OR_RELIABLE: a failed visit is informative
AD001363,0.977,0.977,22.4,high,0,CONFIRMED_BY_FIELD_VISIT,LOCATION_CONFIRMED_OR_RELIABLE: a failed visit is informative
AD001364,0.977,0.977,18.0,high,0,CONFIRMED_BY_FIELD_VISIT,LOCATION_CONFIRMED_OR_RELIABLE: a failed visit is informative
AD001365,0.0,0.051,1496.8,low,1,NO_LOCALITY_IN_TEXT|OLD_GEOCODER_AT_PINCODE_CENTRE,LOCATION_UNRESOLVED: do not treat a failed visit here as evidence the address is invalid
AD001366,0.238,0.632,540.3,low,1,INFERRED_FROM_STREET_NEIGHBOURS,LOCATION_UNRESOLVED: do not treat a failed visit here as evidence the address is invalid
AD001367,0.85,0.959,124.4,medium,0,INFERRED_FROM_STREET_NEIGHBOURS,LOCATION_APPROXIMATE: a failed visit is weak evidence; retry with directions
AD001368,0.034,0.143,1777.9,low,1,LOCALITY_LEVEL_ONLY,LOCATION_UNRESOLVED: do not treat a failed visit here as evidence the address is invalid
AD001369,0.7,0.923,185.8,medium,0,INFERRED_FROM_LANDMARK,LOCATION_APPROXIMATE: a failed visit is weak evidence; retry with directions
AD001370,0.0,0.031,1891.3,low,1,NO_LOCALITY_IN_TEXT|OLD_GEOCODER_AT_PINCODE_CENTRE,LOCATION_UNRESOLVED: do not treat a failed visit here as evidence the address is invalid
AD001371,0.955,0.977,55.9,high,0,CONFIRMED_BY_FIELD_VISIT,LOCATION_CONFIRMED_OR_RELIABLE: a failed visit is informative
AD001372,0.977,0.977,35.2,high,0,CONFIRMED_BY_FIELD_VISIT,LOCATION_CONFIRMED_OR_RELIABLE: a failed visit is informative
AD001373,0.09,0.361,999.2,low,1,INFERRED_FROM_STREET_NEIGHBOURS,LOCATION_UNRESOLVED: do not treat a failed visit here as evidence the address is invalid
AD001374,0.161,0.543,664.0,low,1,INFERRED_FROM_LANDMARK,LOCATION_UNRESOLVED: do not treat a failed visit here as evidence the address is invalid
AD001375,0.302,0.706,463.4,low,1,INFERRED_FROM_LANDMARK,LOCATION_UNRESOLVED: do not treat a failed visit here as evidence the address is invalid
AD001376,0.248,0.651,522.1,low,1,INFERRED_FROM_STREET_NEIGHBOURS,LOCATION_UNRESOLVED: do not treat a failed visit here as evidence the address is invalid
AD001377,0.855,0.945,123.5,medium,0,INFERRED_FROM_STREET_NEIGHBOURS,LOCATION_APPROXIMATE: a failed visit is weak evidence; retry with directions
AD001378,0.071,0.308,1128.4,low,1,INFERRED_FROM_LANDMARK,LOCATION_UNRESOLVED: do not treat a failed visit here as evidence the address is invalid
AD001380,0.977,0.977,19.7,high,0,CONFIRMED_BY_FIELD_VISIT,LOCATION_CONFIRMED_OR_RELIABLE: a failed visit is informative
AD001381,0.977,0.977,17.0,high,0,CONFIRMED_BY_FIELD_VISIT,LOCATION_CONFIRMED_OR_RELIABLE: a failed visit is informative
AD001382,0.977,0.977,16.8,high,0,CONFIRMED_BY_FIELD_VISIT,LOCATION_CONFIRMED_OR_RELIABLE: a failed visit is informative
AD001383,0.977,0.977,18.2,high,0,CONFIRMED_BY_FIELD_VISIT,LOCATION_CONFIRMED_OR_RELIABLE: a failed visit is informative
AD001384,0.977,0.977,17.7,high,0,CONFIRMED_BY_FIELD_VISIT,LOCATION_CONFIRMED_OR_RELIABLE: a failed visit is informative
AD001385,0.028,0.133,1825.0,low,1,LOCALITY_LEVEL_ONLY,LOCATION_UNRESOLVED: do not treat a failed visit here as evidence the address is invalid
AD001386,0.977,0.977,37.0,high,0,CONFIRMED_BY_FIELD_VISIT,LOCATION_CONFIRMED_OR_RELIABLE: a failed visit is informative
AD001387,0.955,0.977,45.1,high,0,CONFIRMED_BY_FIELD_VISIT,LOCATION_CONFIRMED_OR_RELIABLE: a failed visit is informative
AD001388,0.0,0.031,1924.1,low,1,NO_LOCALITY_IN_TEXT|OLD_GEOCODER_AT_PINCODE_CENTRE,LOCATION_UNRESOLVED: do not treat a failed visit here as evidence the address is invalid
AD001389,0.977,0.977,19.4,high,0,CONFIRMED_BY_FIELD_VISIT,LOCATION_CONFIRMED_OR_RELIABLE: a failed visit is informative
AD001390,0.034,0.145,1776.2,low,1,LOCALITY_LEVEL_ONLY,LOCATION_UNRESOLVED: do not treat a failed visit here as evidence the address is invalid
AD001391,0.977,0.977,18.1,high,0,CONFIRMED_BY_FIELD_VISIT,LOCATION_CONFIRMED_OR_RELIABLE: a failed visit is informative
AD001392,0.104,0.435,849.4,low,1,INFERRED_FROM_LANDMARK,LOCATION_UNRESOLVED: do not treat a failed visit here as evidence the address is invalid
AD001393,0.977,0.977,19.5,high,0,CONFIRMED_BY_FIELD_VISIT,LOCATION_CONFIRMED_OR_RELIABLE: a failed visit is informative
AD001394,0.698,0.939,188.3,medium,0,INFERRED_FROM_STREET_NEIGHBOURS,LOCATION_APPROXIMATE: a failed visit is weak evidence; retry with directions
AD001395,0.977,0.977,21.1,high,0,CONFIRMED_BY_FIELD_VISIT,LOCATION_CONFIRMED_OR_RELIABLE: a failed visit is informative
AD001396,0.977,0.977,16.0,high,0,CONFIRMED_BY_FIELD_VISIT,LOCATION_CONFIRMED_OR_RELIABLE: a failed visit is informative
AD001397,0.955,0.977,63.6,medium,0,CONFIRMED_BY_FIELD_VISIT,LOCATION_APPROXIMATE: a failed visit is weak evidence; retry with directions
AD001399,0.627,0.923,204.8,medium,0,INFERRED_FROM_STREET_NEIGHBOURS,LOCATION_APPROXIMATE: a failed visit is weak evidence; retry with directions
AD001401,0.4,0.807,362.4,low,1,INFERRED_FROM_STREET_NEIGHBOURS,LOCATION_UNRESOLVED: do not treat a failed visit here as evidence the address is invalid
AD001402,0.885,0.966,110.8,medium,0,INFERRED_FROM_STREET_NEIGHBOURS,LOCATION_APPROXIMATE: a failed visit is weak evidence; retry with directions
AD001403,0.315,0.73,444.6,low,1,INFERRED_FROM_STREET_NEIGHBOURS,LOCATION_UNRESOLVED: do not treat a failed visit here as evidence the address is invalid
AD001404,0.632,0.923,201.3,medium,0,INFERRED_FROM_STREET_NEIGHBOURS,LOCATION_APPROXIMATE: a failed visit is weak evidence; retry with directions
AD001405,0.034,0.146,1770.2,low,1,LOCALITY_LEVEL_ONLY,LOCATION_UNRESOLVED: do not treat a failed visit here as evidence the address is invalid
AD001406,0.276,0.666,497.1,low,1,INFERRED_FROM_STREET_NEIGHBOURS,LOCATION_UNRESOLVED: do not treat a failed visit here as evidence the address is invalid
AD001407,0.426,0.823,348.1,low,1,INFERRED_FROM_STREET_NEIGHBOURS,LOCATION_UNRESOLVED: do not treat a failed visit here as evidence the address is invalid
AD001408,0.977,0.977,19.8,high,0,CONFIRMED_BY_FIELD_VISIT,LOCATION_CONFIRMED_OR_RELIABLE: a failed visit is informative
AD001409,0.272,0.665,498.1,low,1,INFERRED_FROM_STREET_NEIGHBOURS,LOCATION_UNRESOLVED: do not treat a failed visit here as evidence the address is invalid
AD001410,0.627,0.923,205.7,medium,0,INFERRED_FROM_STREET_NEIGHBOURS,LOCATION_APPROXIMATE: a failed visit is weak evidence; retry with directions
AD001411,0.864,0.959,113.4,medium,0,INFERRED_FROM_STREET_NEIGHBOURS,LOCATION_APPROXIMATE: a failed visit is weak evidence; retry with directions
AD001412,0.832,0.954,131.9,medium,0,INFERRED_FROM_STREET_NEIGHBOURS,LOCATION_APPROXIMATE: a failed visit is weak evidence; retry with directions
AD001413,0.76,0.95,164.2,medium,0,INFERRED_FROM_STREET_NEIGHBOURS,LOCATION_APPROXIMATE: a failed visit is weak evidence; retry with directions
AD001414,0.977,0.977,15.9,high,0,CONFIRMED_BY_FIELD_VISIT,LOCATION_CONFIRMED_OR_RELIABLE: a failed visit is informative
AD001415,0.749,0.948,168.7,medium,0,INFERRED_FROM_STREET_NEIGHBOURS,LOCATION_APPROXIMATE: a failed visit is weak evidence; retry with directions
AD001416,0.977,0.977,17.2,high,0,CONFIRMED_BY_FIELD_VISIT,LOCATION_CONFIRMED_OR_RELIABLE: a failed visit is informative
AD001417,0.955,0.977,50.8,high,0,CONFIRMED_BY_FIELD_VISIT,LOCATION_CONFIRMED_OR_RELIABLE: a failed visit is informative
AD001419,0.0,0.031,1919.0,low,1,NO_LOCALITY_IN_TEXT|OLD_GEOCODER_AT_PINCODE_CENTRE,LOCATION_UNRESOLVED: do not treat a failed visit here as evidence the address is invalid
AD001420,0.977,0.977,16.1,high,0,CONFIRMED_BY_FIELD_VISIT,LOCATION_CONFIRMED_OR_RELIABLE: a failed visit is informative
AD001421,0.811,0.952,143.7,medium,0,INFERRED_FROM_STREET_NEIGHBOURS,LOCATION_APPROXIMATE: a failed visit is weak evidence; retry with directions
AD001422,0.955,0.977,63.3,medium,0,CONFIRMED_BY_FIELD_VISIT,LOCATION_APPROXIMATE: a failed visit is weak evidence; retry with directions
AD001424,0.955,0.977,77.5,medium,0,CONFIRMED_BY_FIELD_VISIT,LOCATION_APPROXIMATE: a failed visit is weak evidence; retry with directions
AD001425,0.977,0.977,21.5,high,0,CONFIRMED_BY_FIELD_VISIT,LOCATION_CONFIRMED_OR_RELIABLE: a failed visit is informative
AD001426,0.0,0.031,1715.4,low,1,NO_LOCALITY_IN_TEXT|OLD_GEOCODER_AT_PINCODE_CENTRE,LOCATION_UNRESOLVED: do not treat a failed visit here as evidence the address is invalid
AD001427,0.675,0.936,195.5,medium,0,INFERRED_FROM_STREET_NEIGHBOURS,LOCATION_APPROXIMATE: a failed visit is weak evidence; retry with directions
AD001428,0.787,0.952,153.6,medium,0,INFERRED_FROM_STREET_NEIGHBOURS,LOCATION_APPROXIMATE: a failed visit is weak evidence; retry with directions
AD001430,0.977,0.977,24.3,high,0,CONFIRMED_BY_FIELD_VISIT,LOCATION_CONFIRMED_OR_RELIABLE: a failed visit is informative
AD001431,0.632,0.926,216.3,medium,0,INFERRED_FROM_STREET_NEIGHBOURS,LOCATION_APPROXIMATE: a failed visit is weak evidence; retry with directions
AD001432,0.977,0.977,17.0,high,0,CONFIRMED_BY_FIELD_VISIT,LOCATION_CONFIRMED_OR_RELIABLE: a failed visit is informative
AD001433,0.977,0.977,16.6,high,0,CONFIRMED_BY_FIELD_VISIT,LOCATION_CONFIRMED_OR_RELIABLE: a failed visit is informative
AD001434,0.977,0.977,16.1,high,0,CONFIRMED_BY_FIELD_VISIT,LOCATION_CONFIRMED_OR_RELIABLE: a failed visit is informative
AD001435,0.279,0.67,491.2,low,1,INFERRED_FROM_STREET_NEIGHBOURS,LOCATION_UNRESOLVED: do not treat a failed visit here as evidence the address is invalid
AD001436,0.977,0.977,17.3,high,0,CONFIRMED_BY_FIELD_VISIT,LOCATION_CONFIRMED_OR_RELIABLE: a failed visit is informative
AD001437,0.955,0.977,77.1,medium,0,CONFIRMED_BY_FIELD_VISIT,LOCATION_APPROXIMATE: a failed visit is weak evidence; retry with directions
AD001438,0.637,0.927,214.2,medium,0,INFERRED_FROM_STREET_NEIGHBOURS,LOCATION_APPROXIMATE: a failed visit is weak evidence; retry with directions
AD001439,0.033,0.142,1791.0,low,1,LOCALITY_LEVEL_ONLY,LOCATION_UNRESOLVED: do not treat a failed visit here as evidence the address is invalid
AD001440,0.034,0.145,1775.3,low,1,LOCALITY_LEVEL_ONLY,LOCATION_UNRESOLVED: do not treat a failed visit here as evidence the address is invalid
AD001441,0.815,0.953,142.3,medium,0,INFERRED_FROM_STREET_NEIGHBOURS,LOCATION_APPROXIMATE: a failed visit is weak evidence; retry with directions
AD001442,0.0,0.031,1924.4,low,1,NO_LOCALITY_IN_TEXT|OLD_GEOCODER_AT_PINCODE_CENTRE,LOCATION_UNRESOLVED: do not treat a failed visit here as evidence the address is invalid
AD001443,0.955,0.977,43.9,high,0,CONFIRMED_BY_FIELD_VISIT,LOCATION_CONFIRMED_OR_RELIABLE: a failed visit is informative
AD001444,0.977,0.977,16.0,high,0,CONFIRMED_BY_FIELD_VISIT,LOCATION_CONFIRMED_OR_RELIABLE: a failed visit is informative
AD001445,0.028,0.133,1827.0,low,1,LOCALITY_LEVEL_ONLY,LOCATION_UNRESOLVED: do not treat a failed visit here as evidence the address is invalid
AD001446,0.0,0.071,1307.1,low,1,NO_LOCALITY_IN_TEXT|OLD_GEOCODER_AT_PINCODE_CENTRE,LOCATION_UNRESOLVED: do not treat a failed visit here as evidence the address is invalid
AD001447,0.977,0.977,34.4,high,0,CONFIRMED_BY_FIELD_VISIT,LOCATION_CONFIRMED_OR_RELIABLE: a failed visit is informative
AD001448,0.639,0.927,213.0,medium,0,INFERRED_FROM_STREET_NEIGHBOURS,LOCATION_APPROXIMATE: a failed visit is weak evidence; retry with directions
AD001449,0.0,0.031,1918.5,low,1,NO_LOCALITY_IN_TEXT|OLD_GEOCODER_AT_PINCODE_CENTRE,LOCATION_UNRESOLVED: do not treat a failed visit here as evidence the address is invalid
AD001450,0.955,0.977,49.5,high,0,CONFIRMED_BY_FIELD_VISIT,LOCATION_CONFIRMED_OR_RELIABLE: a failed visit is informative
AD001451,0.714,0.923,181.4,medium,0,INFERRED_FROM_STREET_NEIGHBOURS,LOCATION_APPROXIMATE: a failed visit is weak evidence; retry with directions
AD001453,0.683,0.937,193.0,medium,0,INFERRED_FROM_STREET_NEIGHBOURS,LOCATION_APPROXIMATE: a failed visit is weak evidence; retry with directions
AD001454,0.258,0.656,513.6,low,1,INFERRED_FROM_LANDMARK,LOCATION_UNRESOLVED: do not treat a failed visit here as evidence the address is invalid
AD001455,0.7,0.923,185.6,medium,0,INFERRED_FROM_STREET_NEIGHBOURS,LOCATION_APPROXIMATE: a failed visit is weak evidence; retry with directions
AD001456,0.158,0.537,672.8,low,1,INFERRED_FROM_LANDMARK,LOCATION_UNRESOLVED: do not treat a failed visit here as evidence the address is invalid
AD001457,0.977,0.977,17.9,high,0,CONFIRMED_BY_FIELD_VISIT,LOCATION_CONFIRMED_OR_RELIABLE: a failed visit is informative
AD001458,0.955,0.977,51.5,high,0,CONFIRMED_BY_FIELD_VISIT,LOCATION_CONFIRMED_OR_RELIABLE: a failed visit is informative
AD001460,0.818,0.945,142.5,medium,0,INFERRED_FROM_STREET_NEIGHBOURS,LOCATION_APPROXIMATE: a failed visit is weak evidence; retry with directions
AD001461,0.827,0.953,136.1,medium,0,INFERRED_FROM_STREET_NEIGHBOURS,LOCATION_APPROXIMATE: a failed visit is weak evidence; retry with directions
AD001462,0.977,0.977,17.6,high,0,CONFIRMED_BY_FIELD_VISIT,LOCATION_CONFIRMED_OR_RELIABLE: a failed visit is informative
AD001463,0.241,0.642,529.7,low,1,INFERRED_FROM_LANDMARK,LOCATION_UNRESOLVED: do not treat a failed visit here as evidence the address is invalid
AD001465,0.977,0.977,17.9,high,0,CONFIRMED_BY_FIELD_VISIT,LOCATION_CONFIRMED_OR_RELIABLE: a failed visit is informative
AD001466,0.977,0.977,23.9,high,0,CONFIRMED_BY_FIELD_VISIT,LOCATION_CONFIRMED_OR_RELIABLE: a failed visit is informative
AD001467,0.248,0.652,520.8,low,1,INFERRED_FROM_LANDMARK,LOCATION_UNRESOLVED: do not treat a failed visit here as evidence the address is invalid
AD001468,0.977,0.977,16.3,high,0,CONFIRMED_BY_FIELD_VISIT,LOCATION_CONFIRMED_OR_RELIABLE: a failed visit is informative
AD001469,0.977,0.977,17.1,high,0,CONFIRMED_BY_FIELD_VISIT,LOCATION_CONFIRMED_OR_RELIABLE: a failed visit is informative
AD001470,0.627,0.918,206.5,medium,0,INFERRED_FROM_LANDMARK,LOCATION_APPROXIMATE: a failed visit is weak evidence; retry with directions
AD001471,0.852,0.961,122.7,medium,0,INFERRED_FROM_STREET_NEIGHBOURS,LOCATION_APPROXIMATE: a failed visit is weak evidence; retry with directions
AD001472,0.977,0.977,31.6,high,0,CONFIRMED_BY_FIELD_VISIT,LOCATION_CONFIRMED_OR_RELIABLE: a failed visit is informative
AD001473,0.977,0.977,16.4,high,0,CONFIRMED_BY_FIELD_VISIT,LOCATION_CONFIRMED_OR_RELIABLE: a failed visit is informative
AD001474,0.416,0.821,351.4,low,1,INFERRED_FROM_STREET_NEIGHBOURS,LOCATION_UNRESOLVED: do not treat a failed visit here as evidence the address is invalid
AD001475,0.034,0.146,1763.8,low,1,LOCALITY_LEVEL_ONLY,LOCATION_UNRESOLVED: do not treat a failed visit here as evidence the address is invalid
AD001476,0.524,0.885,277.8,medium,0,INFERRED_FROM_STREET_NEIGHBOURS,LOCATION_APPROXIMATE: a failed visit is weak evidence; retry with directions
AD001477,0.832,0.953,135.1,medium,0,INFERRED_FROM_STREET_NEIGHBOURS,LOCATION_APPROXIMATE: a failed visit is weak evidence; retry with directions
AD001478,0.229,0.623,552.7,low,1,INFERRED_FROM_LANDMARK,LOCATION_UNRESOLVED: do not treat a failed visit here as evidence the address is invalid
AD001479,0.955,0.977,48.2,high,0,CONFIRMED_BY_FIELD_VISIT,LOCATION_CONFIRMED_OR_RELIABLE: a failed visit is informative
AD001480,0.955,0.977,62.2,medium,0,CONFIRMED_BY_FIELD_VISIT,LOCATION_APPROXIMATE: a failed visit is weak evidence; retry with directions
AD001481,0.977,0.977,36.3,high,0,CONFIRMED_BY_FIELD_VISIT,LOCATION_CONFIRMED_OR_RELIABLE: a failed visit is informative
AD001482,0.176,0.576,622.7,low,1,INFERRED_FROM_LANDMARK,LOCATION_UNRESOLVED: do not treat a failed visit here as evidence the address is invalid
AD001483,0.276,0.666,496.7,low,1,INFERRED_FROM_LANDMARK,LOCATION_UNRESOLVED: do not treat a failed visit here as evidence the address is invalid
AD001484,0.189,0.598,593.4,low,1,INFERRED_FROM_LANDMARK,LOCATION_UNRESOLVED: do not treat a failed visit here as evidence the address is invalid
AD001485,0.158,0.538,672.1,low,1,INFERRED_FROM_LANDMARK,LOCATION_UNRESOLVED: do not treat a failed visit here as evidence the address is invalid
AD001486,0.0,0.0,3397.8,low,1,NO_LOCALITY_IN_TEXT|OLD_GEOCODER_AT_PINCODE_CENTRE,LOCATION_UNRESOLVED: do not treat a failed visit here as evidence the address is invalid
AD001487,0.977,0.977,20.1,high,0,CONFIRMED_BY_FIELD_VISIT,LOCATION_CONFIRMED_OR_RELIABLE: a failed visit is informative
AD001488,0.977,0.977,16.0,high,0,CONFIRMED_BY_FIELD_VISIT,LOCATION_CONFIRMED_OR_RELIABLE: a failed visit is informative
AD001489,0.977,0.977,22.6,high,0,CONFIRMED_BY_FIELD_VISIT,LOCATION_CONFIRMED_OR_RELIABLE: a failed visit is informative
AD001490,0.977,0.977,17.1,high,0,CONFIRMED_BY_FIELD_VISIT,LOCATION_CONFIRMED_OR_RELIABLE: a failed visit is informative
AD001491,0.732,0.923,175.3,medium,0,INFERRED_FROM_STREET_NEIGHBOURS,LOCATION_APPROXIMATE: a failed visit is weak evidence; retry with directions
AD001493,0.977,0.977,16.7,high,0,CONFIRMED_BY_FIELD_VISIT,LOCATION_CONFIRMED_OR_RELIABLE: a failed visit is informative
AD001494,0.977,0.977,16.3,high,0,CONFIRMED_BY_FIELD_VISIT,LOCATION_CONFIRMED_OR_RELIABLE: a failed visit is informative
AD001495,0.977,0.977,32.0,high,0,CONFIRMED_BY_FIELD_VISIT,LOCATION_CONFIRMED_OR_RELIABLE: a failed visit is informative
AD001496,0.977,0.977,19.5,high,0,CONFIRMED_BY_FIELD_VISIT,LOCATION_CONFIRMED_OR_RELIABLE: a failed visit is informative
AD001497,0.334,0.743,429.0,low,1,INFERRED_FROM_STREET_NEIGHBOURS,LOCATION_UNRESOLVED: do not treat a failed visit here as evidence the address is invalid
AD001498,0.728,0.946,178.3,medium,0,INFERRED_FROM_STREET_NEIGHBOURS,LOCATION_APPROXIMATE: a failed visit is weak evidence; retry with directions
AD001499,0.977,0.977,37.4,high,0,CONFIRMED_BY_FIELD_VISIT,LOCATION_CONFIRMED_OR_RELIABLE: a failed visit is informative
AD001500,0.85,0.945,126.4,medium,0,INFERRED_FROM_STREET_NEIGHBOURS,LOCATION_APPROXIMATE: a failed visit is weak evidence; retry with directions
AD001501,0.0,0.02,2094.9,low,1,NO_LOCALITY_IN_TEXT|OLD_GEOCODER_AT_PINCODE_CENTRE,LOCATION_UNRESOLVED: do not treat a failed visit here as evidence the address is invalid
AD001502,0.0,0.02,2284.8,low,1,NO_LOCALITY_IN_TEXT|OLD_GEOCODER_AT_PINCODE_CENTRE,LOCATION_UNRESOLVED: do not treat a failed visit here as evidence the address is invalid
AD001503,0.955,0.977,59.8,high,0,CONFIRMED_BY_FIELD_VISIT,LOCATION_CONFIRMED_OR_RELIABLE: a failed visit is informative
AD001504,0.334,0.743,427.6,low,1,INFERRED_FROM_STREET_NEIGHBOURS,LOCATION_UNRESOLVED: do not treat a failed visit here as evidence the address is invalid
AD001505,0.977,0.977,18.0,high,0,CONFIRMED_BY_FIELD_VISIT,LOCATION_CONFIRMED_OR_RELIABLE: a failed visit is informative
AD001506,0.378,0.785,387.7,low,1,INFERRED_FROM_STREET_NEIGHBOURS,LOCATION_UNRESOLVED: do not treat a failed visit here as evidence the address is invalid
AD001507,0.033,0.142,1789.4,low,1,LOCALITY_LEVEL_ONLY,LOCATION_UNRESOLVED: do not treat a failed visit here as evidence the address is invalid
AD001508,0.302,0.711,459.3,low,1,INFERRED_FROM_LANDMARK,LOCATION_UNRESOLVED: do not treat a failed visit here as evidence the address is invalid
AD001509,0.977,0.977,21.3,high,0,CONFIRMED_BY_FIELD_VISIT,LOCATION_CONFIRMED_OR_RELIABLE: a failed visit is informative
AD001510,0.32,0.731,442.3,low,1,INFERRED_FROM_STREET_NEIGHBOURS,LOCATION_UNRESOLVED: do not treat a failed visit here as evidence the address is invalid
AD001511,0.123,0.472,770.1,low,1,INFERRED_FROM_STREET_NEIGHBOURS,LOCATION_UNRESOLVED: do not treat a failed visit here as evidence the address is invalid
AD001512,0.619,0.916,225.3,medium,0,INFERRED_FROM_STREET_NEIGHBOURS,LOCATION_APPROXIMATE: a failed visit is weak evidence; retry with directions
AD001513,0.03,0.135,1811.9,low,1,LOCALITY_LEVEL_ONLY,LOCATION_UNRESOLVED: do not treat a failed visit here as evidence the address is invalid
AD001514,0.0,0.031,1662.9,low,1,NO_LOCALITY_IN_TEXT|OLD_GEOCODER_AT_PINCODE_CENTRE,LOCATION_UNRESOLVED: do not treat a failed visit here as evidence the address is invalid
AD001515,0.435,0.827,340.3,low,1,INFERRED_FROM_STREET_NEIGHBOURS,LOCATION_UNRESOLVED: do not treat a failed visit here as evidence the address is invalid
AD001516,0.932,0.977,82.0,medium,0,CONFIRMED_BY_FIELD_VISIT,LOCATION_APPROXIMATE: a failed visit is weak evidence; retry with directions
AD001517,0.841,0.945,134.1,medium,0,INFERRED_FROM_STREET_NEIGHBOURS,LOCATION_APPROXIMATE: a failed visit is weak evidence; retry with directions
AD001519,0.154,0.534,680.3,low,1,INFERRED_FROM_LANDMARK,LOCATION_UNRESOLVED: do not treat a failed visit here as evidence the address is invalid
AD001520,0.977,0.977,34.3,high,0,CONFIRMED_BY_FIELD_VISIT,LOCATION_CONFIRMED_OR_RELIABLE: a failed visit is informative
AD001521,0.977,0.977,17.9,high,0,CONFIRMED_BY_FIELD_VISIT,LOCATION_CONFIRMED_OR_RELIABLE: a failed visit is informative
AD001523,0.977,0.977,16.5,high,0,CONFIRMED_BY_FIELD_VISIT,LOCATION_CONFIRMED_OR_RELIABLE: a failed visit is informative
AD001524,0.977,0.977,33.1,high,0,CONFIRMED_BY_FIELD_VISIT,LOCATION_CONFIRMED_OR_RELIABLE: a failed visit is informative
AD001525,0.659,0.923,195.1,medium,0,INFERRED_FROM_LANDMARK,LOCATION_APPROXIMATE: a failed visit is weak evidence; retry with directions
AD001526,0.388,0.794,377.4,low,1,INFERRED_FROM_STREET_NEIGHBOURS,LOCATION_UNRESOLVED: do not treat a failed visit here as evidence the address is invalid
AD001528,0.977,0.977,37.8,high,0,CONFIRMED_BY_FIELD_VISIT,LOCATION_CONFIRMED_OR_RELIABLE: a failed visit is informative
AD001530,0.977,0.977,14.9,high,0,CONFIRMED_BY_FIELD_VISIT,LOCATION_CONFIRMED_OR_RELIABLE: a failed visit is informative
AD001531,0.0,0.031,1745.5,low,1,NO_LOCALITY_IN_TEXT|OLD_GEOCODER_AT_PINCODE_CENTRE,LOCATION_UNRESOLVED: do not treat a failed visit here as evidence the address is invalid
AD001532,0.0,0.031,1652.7,low,1,NO_LOCALITY_IN_TEXT|OLD_GEOCODER_AT_PINCODE_CENTRE,LOCATION_UNRESOLVED: do not treat a failed visit here as evidence the address is invalid
AD001533,0.176,0.576,622.9,low,1,INFERRED_FROM_LANDMARK,LOCATION_UNRESOLVED: do not treat a failed visit here as evidence the address is invalid
AD001534,0.977,0.977,30.2,high,0,CONFIRMED_BY_FIELD_VISIT,LOCATION_CONFIRMED_OR_RELIABLE: a failed visit is informative
AD001535,0.442,0.832,335.1,low,1,INFERRED_FROM_STREET_NEIGHBOURS,LOCATION_UNRESOLVED: do not treat a failed visit here as evidence the address is invalid
AD001536,0.034,0.146,1763.9,low,1,LOCALITY_LEVEL_ONLY,LOCATION_UNRESOLVED: do not treat a failed visit here as evidence the address is invalid
AD001537,0.344,0.749,421.0,low,1,INFERRED_FROM_STREET_NEIGHBOURS,LOCATION_UNRESOLVED: do not treat a failed visit here as evidence the address is invalid
AD001538,0.591,0.909,221.5,medium,0,LOCALITY_LEVEL_ONLY,LOCATION_APPROXIMATE: a failed visit is weak evidence; retry with directions
AD001539,0.977,0.977,20.0,high,0,CONFIRMED_BY_FIELD_VISIT,LOCATION_CONFIRMED_OR_RELIABLE: a failed visit is informative
AD001540,0.977,0.977,22.6,high,0,CONFIRMED_BY_FIELD_VISIT,LOCATION_CONFIRMED_OR_RELIABLE: a failed visit is informative
AD001541,0.189,0.598,594.0,low,1,INFERRED_FROM_LANDMARK,LOCATION_UNRESOLVED: do not treat a failed visit here as evidence the address is invalid
AD001542,0.591,0.909,217.2,medium,0,LOCALITY_LEVEL_ONLY,LOCATION_APPROXIMATE: a failed visit is weak evidence; retry with directions
AD001543,0.437,0.831,339.0,low,1,INFERRED_FROM_STREET_NEIGHBOURS,LOCATION_UNRESOLVED: do not treat a failed visit here as evidence the address is invalid
AD001544,0.034,0.143,1779.2,low,1,LOCALITY_LEVEL_ONLY,LOCATION_UNRESOLVED: do not treat a failed visit here as evidence the address is invalid
AD001545,0.293,0.696,474.4,low,1,INFERRED_FROM_LANDMARK,LOCATION_UNRESOLVED: do not treat a failed visit here as evidence the address is invalid
AD001546,0.977,0.977,17.6,high,0,CONFIRMED_BY_FIELD_VISIT,LOCATION_CONFIRMED_OR_RELIABLE: a failed visit is informative
AD001548,0.096,0.396,916.8,low,1,INFERRED_FROM_STREET_NEIGHBOURS,LOCATION_UNRESOLVED: do not treat a failed visit here as evidence the address is invalid
AD001549,0.977,0.977,20.0,high,0,CONFIRMED_BY_FIELD_VISIT,LOCATION_CONFIRMED_OR_RELIABLE: a failed visit is informative
AD001551,0.818,0.955,119.9,medium,0,CONFIRMED_BY_FIELD_VISIT,LOCATION_APPROXIMATE: a failed visit is weak evidence; retry with directions
AD001552,0.817,0.953,141.5,medium,0,INFERRED_FROM_STREET_NEIGHBOURS,LOCATION_APPROXIMATE: a failed visit is weak evidence; retry with directions
AD001553,0.346,0.751,419.1,low,1,INFERRED_FROM_STREET_NEIGHBOURS,LOCATION_UNRESOLVED: do not treat a failed visit here as evidence the address is invalid
AD001554,0.977,0.977,19.0,high,0,CONFIRMED_BY_FIELD_VISIT,LOCATION_CONFIRMED_OR_RELIABLE: a failed visit is informative
AD001555,0.977,0.977,36.4,high,0,CONFIRMED_BY_FIELD_VISIT,LOCATION_CONFIRMED_OR_RELIABLE: a failed visit is informative
AD001556,0.955,0.977,55.1,high,0,CONFIRMED_BY_FIELD_VISIT,LOCATION_CONFIRMED_OR_RELIABLE: a failed visit is informative
AD001557,0.361,0.769,399.7,low,1,INFERRED_FROM_STREET_NEIGHBOURS,LOCATION_UNRESOLVED: do not treat a failed visit here as evidence the address is invalid
AD001558,0.0,0.041,1613.1,low,1,NO_LOCALITY_IN_TEXT|OLD_GEOCODER_AT_PINCODE_CENTRE,LOCATION_UNRESOLVED: do not treat a failed visit here as evidence the address is invalid
AD001559,0.202,0.605,579.2,low,1,INFERRED_FROM_STREET_NEIGHBOURS,LOCATION_UNRESOLVED: do not treat a failed visit here as evidence the address is invalid
AD001560,0.287,0.685,480.4,low,1,INFERRED_FROM_LANDMARK,LOCATION_UNRESOLVED: do not treat a failed visit here as evidence the address is invalid
AD001561,0.827,0.953,136.7,medium,0,INFERRED_FROM_STREET_NEIGHBOURS,LOCATION_APPROXIMATE: a failed visit is weak evidence; retry with directions
AD001563,0.977,0.977,17.0,high,0,CONFIRMED_BY_FIELD_VISIT,LOCATION_CONFIRMED_OR_RELIABLE: a failed visit is informative
AD001564,0.977,0.977,27.0,high,0,CONFIRMED_BY_FIELD_VISIT,LOCATION_CONFIRMED_OR_RELIABLE: a failed visit is informative
AD001565,0.034,0.146,1772.2,low,1,LOCALITY_LEVEL_ONLY,LOCATION_UNRESOLVED: do not treat a failed visit here as evidence the address is invalid
AD001566,0.334,0.743,429.7,low,1,INFERRED_FROM_STREET_NEIGHBOURS,LOCATION_UNRESOLVED: do not treat a failed visit here as evidence the address is invalid
AD001567,0.977,0.977,35.6,high,0,CONFIRMED_BY_FIELD_VISIT,LOCATION_CONFIRMED_OR_RELIABLE: a failed visit is informative
AD001568,0.86,0.962,119.0,medium,0,INFERRED_FROM_STREET_NEIGHBOURS,LOCATION_APPROXIMATE: a failed visit is weak evidence; retry with directions
AD001569,0.0,0.02,2147.5,low,1,NO_LOCALITY_IN_TEXT|OLD_GEOCODER_AT_PINCODE_CENTRE,LOCATION_UNRESOLVED: do not treat a failed visit here as evidence the address is invalid
AD001570,0.977,0.977,23.9,high,0,CONFIRMED_BY_FIELD_VISIT,LOCATION_CONFIRMED_OR_RELIABLE: a failed visit is informative
AD001571,0.909,0.982,89.6,medium,0,INFERRED_FROM_STREET_NEIGHBOURS,LOCATION_APPROXIMATE: a failed visit is weak evidence; retry with directions
AD001572,0.582,0.909,225.1,medium,0,LOCALITY_LEVEL_ONLY,LOCATION_APPROXIMATE: a failed visit is weak evidence; retry with directions
AD001573,0.656,0.928,205.1,medium,0,INFERRED_FROM_STREET_NEIGHBOURS,LOCATION_APPROXIMATE: a failed visit is weak evidence; retry with directions
AD001574,0.953,0.977,56.5,high,0,CONFIRMED_BY_FIELD_VISIT,LOCATION_CONFIRMED_OR_RELIABLE: a failed visit is informative
AD001575,0.977,0.977,17.3,high,0,CONFIRMED_BY_FIELD_VISIT,LOCATION_CONFIRMED_OR_RELIABLE: a failed visit is informative
AD001576,0.864,0.959,113.7,medium,0,INFERRED_FROM_STREET_NEIGHBOURS,LOCATION_APPROXIMATE: a failed visit is weak evidence; retry with directions
AD001577,0.977,0.977,31.5,high,0,CONFIRMED_BY_FIELD_VISIT,LOCATION_CONFIRMED_OR_RELIABLE: a failed visit is informative
AD001578,0.977,0.977,32.6,high,0,CONFIRMED_BY_FIELD_VISIT,LOCATION_CONFIRMED_OR_RELIABLE: a failed visit is informative
AD001579,0.977,0.977,21.8,high,0,CONFIRMED_BY_FIELD_VISIT,LOCATION_CONFIRMED_OR_RELIABLE: a failed visit is informative
AD001581,0.977,0.977,38.4,high,0,CONFIRMED_BY_FIELD_VISIT,LOCATION_CONFIRMED_OR_RELIABLE: a failed visit is informative
AD001582,0.744,0.946,170.9,medium,0,INFERRED_FROM_STREET_NEIGHBOURS,LOCATION_APPROXIMATE: a failed visit is weak evidence; retry with directions
AD001583,0.429,0.823,346.1,low,1,INFERRED_FROM_STREET_NEIGHBOURS,LOCATION_UNRESOLVED: do not treat a failed visit here as evidence the address is invalid
AD001584,0.955,0.977,80.2,medium,0,CONFIRMED_BY_FIELD_VISIT,LOCATION_APPROXIMATE: a failed visit is weak evidence; retry with directions
AD001585,0.265,0.661,507.4,low,1,INFERRED_FROM_LANDMARK,LOCATION_UNRESOLVED: do not treat a failed visit here as evidence the address is invalid
AD001586,0.953,0.977,75.6,medium,0,CONFIRMED_BY_FIELD_VISIT,LOCATION_APPROXIMATE: a failed visit is weak evidence; retry with directions
AD001587,0.977,0.977,16.7,high,0,CONFIRMED_BY_FIELD_VISIT,LOCATION_CONFIRMED_OR_RELIABLE: a failed visit is informative
AD001588,0.0,0.0,3082.7,low,1,NO_LOCALITY_IN_TEXT|OLD_GEOCODER_AT_PINCODE_CENTRE,LOCATION_UNRESOLVED: do not treat a failed visit here as evidence the address is invalid
AD001589,0.977,0.977,24.4,high,0,CONFIRMED_BY_FIELD_VISIT,LOCATION_CONFIRMED_OR_RELIABLE: a failed visit is informative
AD001590,0.28,0.675,489.1,low,1,INFERRED_FROM_LANDMARK,LOCATION_UNRESOLVED: do not treat a failed visit here as evidence the address is invalid
AD001591,0.977,0.977,25.1,high,0,CONFIRMED_BY_FIELD_VISIT,LOCATION_CONFIRMED_OR_RELIABLE: a failed visit is informative
AD001592,0.977,0.977,18.9,high,0,CONFIRMED_BY_FIELD_VISIT,LOCATION_CONFIRMED_OR_RELIABLE: a failed visit is informative
AD001593,0.974,0.993,36.1,high,0,LOCALITY_LEVEL_ONLY,LOCATION_CONFIRMED_OR_RELIABLE: a failed visit is informative
AD001594,0.435,0.827,340.5,low,1,INFERRED_FROM_STREET_NEIGHBOURS,LOCATION_UNRESOLVED: do not treat a failed visit here as evidence the address is invalid
AD001596,0.977,0.977,16.2,high,0,CONFIRMED_BY_FIELD_VISIT,LOCATION_CONFIRMED_OR_RELIABLE: a failed visit is informative
AD001597,0.293,0.695,475.9,low,1,INFERRED_FROM_STREET_NEIGHBOURS,LOCATION_UNRESOLVED: do not treat a failed visit here as evidence the address is invalid
AD001598,0.0,0.02,2138.1,low,1,NO_LOCALITY_IN_TEXT|OLD_GEOCODER_AT_PINCODE_CENTRE,LOCATION_UNRESOLVED: do not treat a failed visit here as evidence the address is invalid
AD001600,0.233,0.629,546.3,low,1,INFERRED_FROM_LANDMARK,LOCATION_UNRESOLVED: do not treat a failed visit here as evidence the address is invalid
AD001601,0.401,0.807,360.5,low,1,INFERRED_FROM_STREET_NEIGHBOURS,LOCATION_UNRESOLVED: do not treat a failed visit here as evidence the address is invalid
AD001602,0.0,0.031,1939.0,low,1,NO_LOCALITY_IN_TEXT|OLD_GEOCODER_AT_PINCODE_CENTRE,LOCATION_UNRESOLVED: do not treat a failed visit here as evidence the address is invalid
AD001603,0.756,0.948,165.5,medium,0,INFERRED_FROM_STREET_NEIGHBOURS,LOCATION_APPROXIMATE: a failed visit is weak evidence; retry with directions
AD001604,0.25,0.652,519.4,low,1,INFERRED_FROM_STREET_NEIGHBOURS,LOCATION_UNRESOLVED: do not treat a failed visit here as evidence the address is invalid
AD001605,0.977,0.977,19.4,high,0,CONFIRMED_BY_FIELD_VISIT,LOCATION_CONFIRMED_OR_RELIABLE: a failed visit is informative
AD001606,0.673,0.923,193.7,medium,0,INFERRED_FROM_STREET_NEIGHBOURS,LOCATION_APPROXIMATE: a failed visit is weak evidence; retry with directions
AD001607,0.034,0.146,1763.4,low,1,LOCALITY_LEVEL_ONLY,LOCATION_UNRESOLVED: do not treat a failed visit here as evidence the address is invalid
AD001608,0.084,0.342,1054.3,low,1,INFERRED_FROM_LANDMARK,LOCATION_UNRESOLVED: do not treat a failed visit here as evidence the address is invalid
AD001609,0.183,0.58,614.6,low,1,INFERRED_FROM_STREET_NEIGHBOURS,LOCATION_UNRESOLVED: do not treat a failed visit here as evidence the address is invalid
AD001610,0.128,0.479,753.9,low,1,INFERRED_FROM_LANDMARK,LOCATION_UNRESOLVED: do not treat a failed visit here as evidence the address is invalid
AD001611,0.332,0.841,336.0,low,1,INFERRED_FROM_STREET_NEIGHBOURS,LOCATION_UNRESOLVED: do not treat a failed visit here as evidence the address is invalid
AD001612,0.0,0.051,1589.3,low,1,NO_LOCALITY_IN_TEXT|OLD_GEOCODER_AT_PINCODE_CENTRE,LOCATION_UNRESOLVED: do not treat a failed visit here as evidence the address is invalid
AD001613,0.324,0.738,436.8,low,1,INFERRED_FROM_STREET_NEIGHBOURS,LOCATION_UNRESOLVED: do not treat a failed visit here as evidence the address is invalid
AD001614,0.344,0.75,420.0,low,1,INFERRED_FROM_STREET_NEIGHBOURS,LOCATION_UNRESOLVED: do not treat a failed visit here as evidence the address is invalid
AD001615,0.184,0.584,607.8,low,1,INFERRED_FROM_LANDMARK,LOCATION_UNRESOLVED: do not treat a failed visit here as evidence the address is invalid
AD001616,0.955,0.977,43.1,high,0,CONFIRMED_BY_FIELD_VISIT,LOCATION_CONFIRMED_OR_RELIABLE: a failed visit is informative
AD001617,0.977,0.977,16.7,high,0,CONFIRMED_BY_FIELD_VISIT,LOCATION_CONFIRMED_OR_RELIABLE: a failed visit is informative
AD001618,0.977,0.977,21.0,high,0,CONFIRMED_BY_FIELD_VISIT,LOCATION_CONFIRMED_OR_RELIABLE: a failed visit is informative
AD001619,0.955,0.977,46.5,high,0,CONFIRMED_BY_FIELD_VISIT,LOCATION_CONFIRMED_OR_RELIABLE: a failed visit is informative
AD001620,0.977,0.977,28.8,high,0,CONFIRMED_BY_FIELD_VISIT,LOCATION_CONFIRMED_OR_RELIABLE: a failed visit is informative
AD001621,0.977,0.977,16.6,high,0,CONFIRMED_BY_FIELD_VISIT,LOCATION_CONFIRMED_OR_RELIABLE: a failed visit is informative
AD001622,0.977,0.977,24.6,high,0,CONFIRMED_BY_FIELD_VISIT,LOCATION_CONFIRMED_OR_RELIABLE: a failed visit is informative
AD001623,0.858,0.962,120.4,medium,0,INFERRED_FROM_STREET_NEIGHBOURS,LOCATION_APPROXIMATE: a failed visit is weak evidence; retry with directions
AD001624,0.807,0.952,145.0,medium,0,INFERRED_FROM_STREET_NEIGHBOURS,LOCATION_APPROXIMATE: a failed visit is weak evidence; retry with directions
AD001625,0.977,0.977,17.7,high,0,CONFIRMED_BY_FIELD_VISIT,LOCATION_CONFIRMED_OR_RELIABLE: a failed visit is informative
AD001626,0.977,0.977,18.8,high,0,CONFIRMED_BY_FIELD_VISIT,LOCATION_CONFIRMED_OR_RELIABLE: a failed visit is informative
AD001627,0.977,0.977,22.6,high,0,CONFIRMED_BY_FIELD_VISIT,LOCATION_CONFIRMED_OR_RELIABLE: a failed visit is informative
AD001628,0.977,0.977,21.2,high,0,CONFIRMED_BY_FIELD_VISIT,LOCATION_CONFIRMED_OR_RELIABLE: a failed visit is informative
AD001629,0.955,0.977,41.6,high,0,CONFIRMED_BY_FIELD_VISIT,LOCATION_CONFIRMED_OR_RELIABLE: a failed visit is informative
AD001630,0.955,0.977,53.7,high,0,CONFIRMED_BY_FIELD_VISIT,LOCATION_CONFIRMED_OR_RELIABLE: a failed visit is informative
AD001631,0.977,0.977,16.4,high,0,CONFIRMED_BY_FIELD_VISIT,LOCATION_CONFIRMED_OR_RELIABLE: a failed visit is informative
AD001633,0.128,0.479,753.3,low,1,INFERRED_FROM_STREET_NEIGHBOURS,LOCATION_UNRESOLVED: do not treat a failed visit here as evidence the address is invalid
AD001634,0.845,0.956,127.6,medium,0,INFERRED_FROM_STREET_NEIGHBOURS,LOCATION_APPROXIMATE: a failed visit is weak evidence; retry with directions
AD001635,0.379,0.786,384.8,low,1,INFERRED_FROM_STREET_NEIGHBOURS,LOCATION_UNRESOLVED: do not treat a failed visit here as evidence the address is invalid
AD001637,0.265,0.661,508.1,low,1,INFERRED_FROM_LANDMARK,LOCATION_UNRESOLVED: do not treat a failed visit here as evidence the address is invalid
AD001638,0.727,0.955,146.4,medium,0,CONFIRMED_BY_FIELD_VISIT,LOCATION_APPROXIMATE: a failed visit is weak evidence; retry with directions
AD001639,0.836,0.956,130.6,medium,0,INFERRED_FROM_STREET_NEIGHBOURS,LOCATION_APPROXIMATE: a failed visit is weak evidence; retry with directions
AD001640,0.03,0.135,1812.5,low,1,LOCALITY_LEVEL_ONLY,LOCATION_UNRESOLVED: do not treat a failed visit here as evidence the address is invalid
AD001641,0.293,0.696,475.5,low,1,INFERRED_FROM_LANDMARK,LOCATION_UNRESOLVED: do not treat a failed visit here as evidence the address is invalid
AD001642,0.0,0.031,1906.7,low,1,NO_LOCALITY_IN_TEXT|OLD_GEOCODER_AT_PINCODE_CENTRE,LOCATION_UNRESOLVED: do not treat a failed visit here as evidence the address is invalid
AD001643,0.389,0.795,376.7,low,1,INFERRED_FROM_STREET_NEIGHBOURS,LOCATION_UNRESOLVED: do not treat a failed visit here as evidence the address is invalid
AD001644,0.093,0.374,977.5,low,1,INFERRED_FROM_LANDMARK,LOCATION_UNRESOLVED: do not treat a failed visit here as evidence the address is invalid
AD001645,0.777,0.927,157.3,medium,0,INFERRED_FROM_STREET_NEIGHBOURS,LOCATION_APPROXIMATE: a failed visit is weak evidence; retry with directions
AD001646,0.974,0.993,36.7,high,0,LOCALITY_LEVEL_ONLY,LOCATION_CONFIRMED_OR_RELIABLE: a failed visit is informative
AD001647,0.955,0.977,41.3,high,0,CONFIRMED_BY_FIELD_VISIT,LOCATION_CONFIRMED_OR_RELIABLE: a failed visit is informative
AD001649,0.977,0.977,31.4,high,0,CONFIRMED_BY_FIELD_VISIT,LOCATION_CONFIRMED_OR_RELIABLE: a failed visit is informative
AD001651,0.932,0.977,84.8,medium,0,CONFIRMED_BY_FIELD_VISIT,LOCATION_APPROXIMATE: a failed visit is weak evidence; retry with directions
AD001652,0.977,0.977,24.6,high,0,CONFIRMED_BY_FIELD_VISIT,LOCATION_CONFIRMED_OR_RELIABLE: a failed visit is informative
AD001653,0.977,0.977,16.1,high,0,CONFIRMED_BY_FIELD_VISIT,LOCATION_CONFIRMED_OR_RELIABLE: a failed visit is informative
AD001654,0.955,0.977,47.7,high,0,CONFIRMED_BY_FIELD_VISIT,LOCATION_CONFIRMED_OR_RELIABLE: a failed visit is informative
AD001655,0.321,0.735,440.7,low,1,INFERRED_FROM_STREET_NEIGHBOURS,LOCATION_UNRESOLVED: do not treat a failed visit here as evidence the address is invalid
AD001656,0.977,0.977,17.4,high,0,CONFIRMED_BY_FIELD_VISIT,LOCATION_CONFIRMED_OR_RELIABLE: a failed visit is informative
AD001657,0.0,0.031,1796.5,low,1,NO_LOCALITY_IN_TEXT|OLD_GEOCODER_AT_PINCODE_CENTRE,LOCATION_UNRESOLVED: do not treat a failed visit here as evidence the address is invalid
AD001658,0.161,0.543,664.2,low,1,INFERRED_FROM_LANDMARK,LOCATION_UNRESOLVED: do not treat a failed visit here as evidence the address is invalid
AD001659,0.573,0.897,250.5,medium,0,INFERRED_FROM_STREET_NEIGHBOURS,LOCATION_APPROXIMATE: a failed visit is weak evidence; retry with directions
AD001660,0.977,0.977,22.7,high,0,CONFIRMED_BY_FIELD_VISIT,LOCATION_CONFIRMED_OR_RELIABLE: a failed visit is informative
AD001662,0.955,0.977,65.3,medium,0,CONFIRMED_BY_FIELD_VISIT,LOCATION_APPROXIMATE: a failed visit is weak evidence; retry with directions
AD001663,0.437,0.832,338.3,low,1,INFERRED_FROM_STREET_NEIGHBOURS,LOCATION_UNRESOLVED: do not treat a failed visit here as evidence the address is invalid
AD001664,0.977,0.977,21.3,high,0,CONFIRMED_BY_FIELD_VISIT,LOCATION_CONFIRMED_OR_RELIABLE: a failed visit is informative
AD001665,0.239,0.633,538.8,low,1,INFERRED_FROM_LANDMARK,LOCATION_UNRESOLVED: do not treat a failed visit here as evidence the address is invalid
AD001666,0.334,0.741,430.8,low,1,INFERRED_FROM_LANDMARK,LOCATION_UNRESOLVED: do not treat a failed visit here as evidence the address is invalid
AD001667,0.185,0.59,604.0,low,1,INFERRED_FROM_LANDMARK,LOCATION_UNRESOLVED: do not treat a failed visit here as evidence the address is invalid
AD001669,0.036,0.146,1759.7,low,1,LOCALITY_LEVEL_ONLY,LOCATION_UNRESOLVED: do not treat a failed visit here as evidence the address is invalid
AD001671,0.845,0.956,127.8,medium,0,INFERRED_FROM_STREET_NEIGHBOURS,LOCATION_APPROXIMATE: a failed visit is weak evidence; retry with directions
AD001673,0.977,0.977,29.2,high,0,CONFIRMED_BY_FIELD_VISIT,LOCATION_CONFIRMED_OR_RELIABLE: a failed visit is informative
AD001674,0.832,0.945,138.6,medium,0,INFERRED_FROM_STREET_NEIGHBOURS,LOCATION_APPROXIMATE: a failed visit is weak evidence; retry with directions
AD001676,0.818,0.955,113.2,medium,0,CONFIRMED_BY_FIELD_VISIT,LOCATION_APPROXIMATE: a failed visit is weak evidence; retry with directions
AD001677,0.977,0.977,21.5,high,0,CONFIRMED_BY_FIELD_VISIT,LOCATION_CONFIRMED_OR_RELIABLE: a failed visit is informative
AD001678,0.303,0.711,458.3,low,1,INFERRED_FROM_STREET_NEIGHBOURS,LOCATION_UNRESOLVED: do not treat a failed visit here as evidence the address is invalid
AD001679,0.682,0.923,190.5,medium,0,INFERRED_FROM_STREET_NEIGHBOURS,LOCATION_APPROXIMATE: a failed visit is weak evidence; retry with directions
AD001680,0.977,0.977,16.9,high,0,CONFIRMED_BY_FIELD_VISIT,LOCATION_CONFIRMED_OR_RELIABLE: a failed visit is informative
AD001681,0.0,0.031,1867.2,low,1,NO_LOCALITY_IN_TEXT|OLD_GEOCODER_AT_PINCODE_CENTRE,LOCATION_UNRESOLVED: do not treat a failed visit here as evidence the address is invalid
AD001682,0.932,0.977,94.0,medium,0,CONFIRMED_BY_FIELD_VISIT,LOCATION_APPROXIMATE: a failed visit is weak evidence; retry with directions
AD001683,0.977,0.977,26.8,high,0,CONFIRMED_BY_FIELD_VISIT,LOCATION_CONFIRMED_OR_RELIABLE: a failed visit is informative
AD001684,0.325,0.739,435.6,low,1,INFERRED_FROM_STREET_NEIGHBOURS,LOCATION_UNRESOLVED: do not treat a failed visit here as evidence the address is invalid
AD001685,0.248,0.651,521.6,low,1,INFERRED_FROM_LANDMARK,LOCATION_UNRESOLVED: do not treat a failed visit here as evidence the address is invalid
AD001686,0.03,0.137,1804.9,low,1,LOCALITY_LEVEL_ONLY,LOCATION_UNRESOLVED: do not treat a failed visit here as evidence the address is invalid
AD001687,0.977,0.977,16.5,high,0,CONFIRMED_BY_FIELD_VISIT,LOCATION_CONFIRMED_OR_RELIABLE: a failed visit is informative
AD001689,0.977,0.977,32.0,high,0,CONFIRMED_BY_FIELD_VISIT,LOCATION_CONFIRMED_OR_RELIABLE: a failed visit is informative
AD001690,0.03,0.137,1806.1,low,1,LOCALITY_LEVEL_ONLY,LOCATION_UNRESOLVED: do not treat a failed visit here as evidence the address is invalid
AD001691,0.239,0.636,538.0,low,1,INFERRED_FROM_LANDMARK,LOCATION_UNRESOLVED: do not treat a failed visit here as evidence the address is invalid
AD001692,0.955,0.977,56.7,high,0,CONFIRMED_BY_FIELD_VISIT,LOCATION_CONFIRMED_OR_RELIABLE: a failed visit is informative
AD001693,0.977,0.977,17.1,high,0,CONFIRMED_BY_FIELD_VISIT,LOCATION_CONFIRMED_OR_RELIABLE: a failed visit is informative
AD001694,0.977,0.977,20.0,high,0,CONFIRMED_BY_FIELD_VISIT,LOCATION_CONFIRMED_OR_RELIABLE: a failed visit is informative
AD001695,0.977,0.977,17.4,high,0,CONFIRMED_BY_FIELD_VISIT,LOCATION_CONFIRMED_OR_RELIABLE: a failed visit is informative
AD001696,0.582,0.909,226.2,medium,0,INFERRED_FROM_STREET_NEIGHBOURS,LOCATION_APPROXIMATE: a failed visit is weak evidence; retry with directions
AD001697,0.955,0.977,54.9,high,0,CONFIRMED_BY_FIELD_VISIT,LOCATION_CONFIRMED_OR_RELIABLE: a failed visit is informative
AD001698,0.636,0.927,215.1,medium,0,INFERRED_FROM_STREET_NEIGHBOURS,LOCATION_APPROXIMATE: a failed visit is weak evidence; retry with directions
AD001699,0.723,0.923,179.7,medium,0,INFERRED_FROM_STREET_NEIGHBOURS,LOCATION_APPROXIMATE: a failed visit is weak evidence; retry with directions
AD001700,0.955,0.977,67.0,medium,0,CONFIRMED_BY_FIELD_VISIT,LOCATION_APPROXIMATE: a failed visit is weak evidence; retry with directions
AD001701,0.248,0.651,522.3,low,1,INFERRED_FROM_LANDMARK,LOCATION_UNRESOLVED: do not treat a failed visit here as evidence the address is invalid
AD001702,0.977,0.977,15.9,high,0,CONFIRMED_BY_FIELD_VISIT,LOCATION_CONFIRMED_OR_RELIABLE: a failed visit is informative
AD001703,0.614,0.914,209.2,medium,0,INFERRED_FROM_STREET_NEIGHBOURS,LOCATION_APPROXIMATE: a failed visit is weak evidence; retry with directions
AD001704,0.034,0.145,1773.4,low,1,LOCALITY_LEVEL_ONLY,LOCATION_UNRESOLVED: do not treat a failed visit here as evidence the address is invalid
AD001705,0.189,0.599,592.0,low,1,INFERRED_FROM_LANDMARK,LOCATION_UNRESOLVED: do not treat a failed visit here as evidence the address is invalid
AD001706,0.977,0.977,17.9,high,0,CONFIRMED_BY_FIELD_VISIT,LOCATION_CONFIRMED_OR_RELIABLE: a failed visit is informative
AD001707,0.958,0.989,49.8,high,0,LOCALITY_LEVEL_ONLY,LOCATION_CONFIRMED_OR_RELIABLE: a failed visit is informative
AD001709,0.259,0.657,512.3,low,1,INFERRED_FROM_LANDMARK,LOCATION_UNRESOLVED: do not treat a failed visit here as evidence the address is invalid
AD001710,0.428,0.823,346.9,low,1,INFERRED_FROM_STREET_NEIGHBOURS,LOCATION_UNRESOLVED: do not treat a failed visit here as evidence the address is invalid
AD001711,0.828,0.953,135.9,medium,0,INFERRED_FROM_STREET_NEIGHBOURS,LOCATION_APPROXIMATE: a failed visit is weak evidence; retry with directions
AD001712,0.977,0.977,38.0,high,0,CONFIRMED_BY_FIELD_VISIT,LOCATION_CONFIRMED_OR_RELIABLE: a failed visit is informative
AD001713,0.977,0.977,13.1,high,0,CONFIRMED_BY_FIELD_VISIT,LOCATION_CONFIRMED_OR_RELIABLE: a failed visit is informative
AD001714,0.977,0.977,17.9,high,0,CONFIRMED_BY_FIELD_VISIT,LOCATION_CONFIRMED_OR_RELIABLE: a failed visit is informative
AD001715,0.932,0.977,84.7,medium,0,CONFIRMED_BY_FIELD_VISIT,LOCATION_APPROXIMATE: a failed visit is weak evidence; retry with directions
AD001716,0.372,0.778,393.8,low,1,INFERRED_FROM_STREET_NEIGHBOURS,LOCATION_UNRESOLVED: do not treat a failed visit here as evidence the address is invalid
AD001717,0.124,0.476,765.2,low,1,INFERRED_FROM_STREET_NEIGHBOURS,LOCATION_UNRESOLVED: do not treat a failed visit here as evidence the address is invalid
AD001718,0.226,0.622,553.4,low,1,INFERRED_FROM_LANDMARK,LOCATION_UNRESOLVED: do not treat a failed visit here as evidence the address is invalid
AD001719,0.529,0.887,274.5,medium,0,INFERRED_FROM_STREET_NEIGHBOURS,LOCATION_APPROXIMATE: a failed visit is weak evidence; retry with directions
AD001720,0.977,0.977,22.2,high,0,CONFIRMED_BY_FIELD_VISIT,LOCATION_CONFIRMED_OR_RELIABLE: a failed visit is informative
AD001721,0.795,0.952,150.6,medium,0,INFERRED_FROM_STREET_NEIGHBOURS,LOCATION_APPROXIMATE: a failed visit is weak evidence; retry with directions
AD001722,0.955,0.977,58.1,high,0,CONFIRMED_BY_FIELD_VISIT,LOCATION_CONFIRMED_OR_RELIABLE: a failed visit is informative
AD001723,0.805,0.945,146.8,medium,0,INFERRED_FROM_STREET_NEIGHBOURS,LOCATION_APPROXIMATE: a failed visit is weak evidence; retry with directions
AD001724,0.033,0.142,1787.6,low,1,LOCALITY_LEVEL_ONLY,LOCATION_UNRESOLVED: do not treat a failed visit here as evidence the address is invalid
AD001725,0.977,0.977,21.1,high,0,CONFIRMED_BY_FIELD_VISIT,LOCATION_CONFIRMED_OR_RELIABLE: a failed visit is informative
AD001726,0.977,0.977,31.4,high,0,CONFIRMED_BY_FIELD_VISIT,LOCATION_CONFIRMED_OR_RELIABLE: a failed visit is informative
AD001727,0.0,0.031,1904.8,low,1,NO_LOCALITY_IN_TEXT|OLD_GEOCODER_AT_PINCODE_CENTRE,LOCATION_UNRESOLVED: do not treat a failed visit here as evidence the address is invalid
AD001729,0.614,0.914,210.1,medium,0,LOCALITY_LEVEL_ONLY,LOCATION_APPROXIMATE: a failed visit is weak evidence; retry with directions
AD001730,0.789,0.952,152.3,medium,0,INFERRED_FROM_STREET_NEIGHBOURS,LOCATION_APPROXIMATE: a failed visit is weak evidence; retry with directions
AD001731,0.977,0.977,35.7,high,0,CONFIRMED_BY_FIELD_VISIT,LOCATION_CONFIRMED_OR_RELIABLE: a failed visit is informative
AD001732,0.977,0.977,20.3,high,0,CONFIRMED_BY_FIELD_VISIT,LOCATION_CONFIRMED_OR_RELIABLE: a failed visit is informative
AD001733,0.361,0.772,397.9,low,1,INFERRED_FROM_STREET_NEIGHBOURS,LOCATION_UNRESOLVED: do not treat a failed visit here as evidence the address is invalid
AD001734,0.977,0.977,21.7,high,0,CONFIRMED_BY_FIELD_VISIT,LOCATION_CONFIRMED_OR_RELIABLE: a failed visit is informative
AD001735,0.129,0.487,745.0,low,1,INFERRED_FROM_LANDMARK,LOCATION_UNRESOLVED: do not treat a failed visit here as evidence the address is invalid
AD001736,0.814,0.953,142.8,medium,0,INFERRED_FROM_STREET_NEIGHBOURS,LOCATION_APPROXIMATE: a failed visit is weak evidence; retry with directions
AD001738,0.955,0.977,41.2,high,0,CONFIRMED_BY_FIELD_VISIT,LOCATION_CONFIRMED_OR_RELIABLE: a failed visit is informative
AD001739,0.0,0.0,3073.7,low,1,NO_LOCALITY_IN_TEXT|OLD_GEOCODER_AT_PINCODE_CENTRE,LOCATION_UNRESOLVED: do not treat a failed visit here as evidence the address is invalid
AD001740,0.862,0.962,117.7,medium,0,INFERRED_FROM_STREET_NEIGHBOURS,LOCATION_APPROXIMATE: a failed visit is weak evidence; retry with directions
AD001741,0.977,0.977,17.4,high,0,CONFIRMED_BY_FIELD_VISIT,LOCATION_CONFIRMED_OR_RELIABLE: a failed visit is informative
AD001742,0.977,0.977,18.4,high,0,CONFIRMED_BY_FIELD_VISIT,LOCATION_CONFIRMED_OR_RELIABLE: a failed visit is informative
AD001743,0.977,0.977,23.0,high,0,CONFIRMED_BY_FIELD_VISIT,LOCATION_CONFIRMED_OR_RELIABLE: a failed visit is informative
AD001744,0.405,0.811,358.5,low,1,INFERRED_FROM_STREET_NEIGHBOURS,LOCATION_UNRESOLVED: do not treat a failed visit here as evidence the address is invalid
AD001745,0.577,0.909,227.0,medium,0,INFERRED_FROM_STREET_NEIGHBOURS,LOCATION_APPROXIMATE: a failed visit is weak evidence; retry with directions
AD001746,0.977,0.977,24.1,high,0,CONFIRMED_BY_FIELD_VISIT,LOCATION_CONFIRMED_OR_RELIABLE: a failed visit is informative
AD001747,0.982,0.993,30.2,high,0,LOCALITY_LEVEL_ONLY,LOCATION_CONFIRMED_OR_RELIABLE: a failed visit is informative
AD001748,0.977,0.977,21.6,high,0,CONFIRMED_BY_FIELD_VISIT,LOCATION_CONFIRMED_OR_RELIABLE: a failed visit is informative
AD001749,0.0,0.02,2324.4,low,1,NO_LOCALITY_IN_TEXT|OLD_GEOCODER_AT_PINCODE_CENTRE,LOCATION_UNRESOLVED: do not treat a failed visit here as evidence the address is invalid
AD001750,0.095,0.388,944.1,low,1,INFERRED_FROM_LANDMARK,LOCATION_UNRESOLVED: do not treat a failed visit here as evidence the address is invalid
AD001751,0.227,0.745,423.0,low,1,LOCALITY_LEVEL_ONLY,LOCATION_UNRESOLVED: do not treat a failed visit here as evidence the address is invalid
AD001752,0.955,0.977,42.3,high,0,CONFIRMED_BY_FIELD_VISIT,LOCATION_CONFIRMED_OR_RELIABLE: a failed visit is informative
AD001753,0.977,0.977,31.5,high,0,CONFIRMED_BY_FIELD_VISIT,LOCATION_CONFIRMED_OR_RELIABLE: a failed visit is informative
AD001754,0.977,0.977,34.6,high,0,CONFIRMED_BY_FIELD_VISIT,LOCATION_CONFIRMED_OR_RELIABLE: a failed visit is informative
AD001755,0.977,0.977,31.6,high,0,CONFIRMED_BY_FIELD_VISIT,LOCATION_CONFIRMED_OR_RELIABLE: a failed visit is informative
AD001756,0.977,0.977,18.9,high,0,CONFIRMED_BY_FIELD_VISIT,LOCATION_CONFIRMED_OR_RELIABLE: a failed visit is informative
AD001757,0.146,0.516,708.4,low,1,INFERRED_FROM_STREET_NEIGHBOURS,LOCATION_UNRESOLVED: do not treat a failed visit here as evidence the address is invalid
AD001758,0.975,0.993,35.9,high,0,LOCALITY_LEVEL_ONLY,LOCATION_CONFIRMED_OR_RELIABLE: a failed visit is informative
AD001759,0.775,0.95,158.7,medium,0,INFERRED_FROM_STREET_NEIGHBOURS,LOCATION_APPROXIMATE: a failed visit is weak evidence; retry with directions
AD001760,0.977,0.977,21.0,high,0,CONFIRMED_BY_FIELD_VISIT,LOCATION_CONFIRMED_OR_RELIABLE: a failed visit is informative
AD001761,0.955,0.977,50.9,high,0,CONFIRMED_BY_FIELD_VISIT,LOCATION_CONFIRMED_OR_RELIABLE: a failed visit is informative
AD001763,0.392,0.798,374.1,low,1,INFERRED_FROM_STREET_NEIGHBOURS,LOCATION_UNRESOLVED: do not treat a failed visit here as evidence the address is invalid
AD001764,0.758,0.95,165.0,medium,0,INFERRED_FROM_STREET_NEIGHBOURS,LOCATION_APPROXIMATE: a failed visit is weak evidence; retry with directions
AD001765,0.977,0.977,22.7,high,0,CONFIRMED_BY_FIELD_VISIT,LOCATION_CONFIRMED_OR_RELIABLE: a failed visit is informative
AD001766,0.977,0.977,27.1,high,0,CONFIRMED_BY_FIELD_VISIT,LOCATION_CONFIRMED_OR_RELIABLE: a failed visit is informative
AD001767,0.864,0.955,106.1,medium,0,CONFIRMED_BY_FIELD_VISIT,LOCATION_APPROXIMATE: a failed visit is weak evidence; retry with directions
AD001768,0.977,0.977,22.3,high,0,CONFIRMED_BY_FIELD_VISIT,LOCATION_CONFIRMED_OR_RELIABLE: a failed visit is informative
AD001769,0.332,0.741,431.8,low,1,INFERRED_FROM_STREET_NEIGHBOURS,LOCATION_UNRESOLVED: do not treat a failed visit here as evidence the address is invalid
AD001770,0.977,0.977,39.6,high,0,CONFIRMED_BY_FIELD_VISIT,LOCATION_CONFIRMED_OR_RELIABLE: a failed visit is informative
AD001771,0.389,0.794,376.8,low,1,INFERRED_FROM_STREET_NEIGHBOURS,LOCATION_UNRESOLVED: do not treat a failed visit here as evidence the address is invalid
AD001772,0.233,0.629,546.2,low,1,INFERRED_FROM_LANDMARK,LOCATION_UNRESOLVED: do not treat a failed visit here as evidence the address is invalid
AD001773,0.627,0.918,206.6,medium,0,INFERRED_FROM_LANDMARK,LOCATION_APPROXIMATE: a failed visit is weak evidence; retry with directions
AD001774,0.591,0.909,217.0,medium,0,INFERRED_FROM_LANDMARK,LOCATION_APPROXIMATE: a failed visit is weak evidence; retry with directions
AD001775,0.977,0.977,25.0,high,0,CONFIRMED_BY_FIELD_VISIT,LOCATION_CONFIRMED_OR_RELIABLE: a failed visit is informative
AD001776,0.932,0.977,99.1,medium,0,CONFIRMED_BY_FIELD_VISIT,LOCATION_APPROXIMATE: a failed visit is weak evidence; retry with directions
AD001777,0.243,0.647,525.5,low,1,INFERRED_FROM_STREET_NEIGHBOURS,LOCATION_UNRESOLVED: do not treat a failed visit here as evidence the address is invalid
AD001778,0.361,0.766,404.7,low,1,INFERRED_FROM_STREET_NEIGHBOURS,LOCATION_UNRESOLVED: do not treat a failed visit here as evidence the address is invalid
AD001779,0.977,0.977,15.7,high,0,CONFIRMED_BY_FIELD_VISIT,LOCATION_CONFIRMED_OR_RELIABLE: a failed visit is informative
AD001780,0.103,0.43,865.0,low,1,INFERRED_FROM_LANDMARK,LOCATION_UNRESOLVED: do not treat a failed visit here as evidence the address is invalid
AD001781,0.656,0.928,205.7,medium,0,INFERRED_FROM_STREET_NEIGHBOURS,LOCATION_APPROXIMATE: a failed visit is weak evidence; retry with directions
AD001782,0.809,0.945,145.7,medium,0,INFERRED_FROM_STREET_NEIGHBOURS,LOCATION_APPROXIMATE: a failed visit is weak evidence; retry with directions
AD001783,0.864,0.959,116.1,medium,0,INFERRED_FROM_STREET_NEIGHBOURS,LOCATION_APPROXIMATE: a failed visit is weak evidence; retry with directions
AD001784,0.17,0.563,638.2,low,1,INFERRED_FROM_LANDMARK,LOCATION_UNRESOLVED: do not treat a failed visit here as evidence the address is invalid
AD001785,0.768,0.927,161.4,medium,0,INFERRED_FROM_STREET_NEIGHBOURS,LOCATION_APPROXIMATE: a failed visit is weak evidence; retry with directions
AD001786,0.041,0.161,1659.7,low,1,INFERRED_FROM_LANDMARK,LOCATION_UNRESOLVED: do not treat a failed visit here as evidence the address is invalid
AD001787,0.239,0.637,535.3,low,1,INFERRED_FROM_LANDMARK,LOCATION_UNRESOLVED: do not treat a failed visit here as evidence the address is invalid
AD001788,0.955,0.977,76.8,medium,0,CONFIRMED_BY_FIELD_VISIT,LOCATION_APPROXIMATE: a failed visit is weak evidence; retry with directions
AD001789,0.977,0.977,19.6,high,0,CONFIRMED_BY_FIELD_VISIT,LOCATION_CONFIRMED_OR_RELIABLE: a failed visit is informative
AD001790,0.977,0.977,22.7,high,0,CONFIRMED_BY_FIELD_VISIT,LOCATION_CONFIRMED_OR_RELIABLE: a failed visit is informative
AD001791,0.756,0.948,165.7,medium,0,INFERRED_FROM_STREET_NEIGHBOURS,LOCATION_APPROXIMATE: a failed visit is weak evidence; retry with directions
AD001792,0.955,0.977,60.9,medium,0,CONFIRMED_BY_FIELD_VISIT,LOCATION_APPROXIMATE: a failed visit is weak evidence; retry with directions
AD001794,0.977,0.977,20.1,high,0,CONFIRMED_BY_FIELD_VISIT,LOCATION_CONFIRMED_OR_RELIABLE: a failed visit is informative
AD001795,0.0,0.031,1822.7,low,1,NO_LOCALITY_IN_TEXT|OLD_GEOCODER_AT_PINCODE_CENTRE,LOCATION_UNRESOLVED: do not treat a failed visit here as evidence the address is invalid
AD001797,0.827,0.953,136.4,medium,0,INFERRED_FROM_STREET_NEIGHBOURS,LOCATION_APPROXIMATE: a failed visit is weak evidence; retry with directions
AD001798,0.977,0.977,16.1,high,0,CONFIRMED_BY_FIELD_VISIT,LOCATION_CONFIRMED_OR_RELIABLE: a failed visit is informative
AD001799,0.977,0.977,18.0,high,0,CONFIRMED_BY_FIELD_VISIT,LOCATION_CONFIRMED_OR_RELIABLE: a failed visit is informative
AD001800,0.977,0.977,29.0,high,0,CONFIRMED_BY_FIELD_VISIT,LOCATION_CONFIRMED_OR_RELIABLE: a failed visit is informative
AD001801,0.825,0.953,137.8,medium,0,INFERRED_FROM_STREET_NEIGHBOURS,LOCATION_APPROXIMATE: a failed visit is weak evidence; retry with directions
AD001802,0.977,0.977,17.9,high,0,CONFIRMED_BY_FIELD_VISIT,LOCATION_CONFIRMED_OR_RELIABLE: a failed visit is informative
AD001803,0.823,0.953,138.4,medium,0,INFERRED_FROM_STREET_NEIGHBOURS,LOCATION_APPROXIMATE: a failed visit is weak evidence; retry with directions
AD001804,0.842,0.956,130.0,medium,0,INFERRED_FROM_STREET_NEIGHBOURS,LOCATION_APPROXIMATE: a failed visit is weak evidence; retry with directions
AD001805,0.233,0.628,547.1,low,1,INFERRED_FROM_STREET_NEIGHBOURS,LOCATION_UNRESOLVED: do not treat a failed visit here as evidence the address is invalid
AD001806,0.248,0.652,520.6,low,1,INFERRED_FROM_LANDMARK,LOCATION_UNRESOLVED: do not treat a failed visit here as evidence the address is invalid
AD001807,0.977,0.977,34.0,high,0,CONFIRMED_BY_FIELD_VISIT,LOCATION_CONFIRMED_OR_RELIABLE: a failed visit is informative
AD001808,0.955,0.977,50.9,high,0,CONFIRMED_BY_FIELD_VISIT,LOCATION_CONFIRMED_OR_RELIABLE: a failed visit is informative
AD001809,0.975,0.993,35.0,high,0,LOCALITY_LEVEL_ONLY,LOCATION_CONFIRMED_OR_RELIABLE: a failed visit is informative
AD001810,0.303,0.714,456.8,low,1,INFERRED_FROM_LANDMARK,LOCATION_UNRESOLVED: do not treat a failed visit here as evidence the address is invalid
AD001811,0.977,0.977,39.5,high,0,CONFIRMED_BY_FIELD_VISIT,LOCATION_CONFIRMED_OR_RELIABLE: a failed visit is informative
AD001812,0.932,0.977,88.1,medium,0,CONFIRMED_BY_FIELD_VISIT,LOCATION_APPROXIMATE: a failed visit is weak evidence; retry with directions
AD001813,0.034,0.146,1762.0,low,1,LOCALITY_LEVEL_ONLY,LOCATION_UNRESOLVED: do not treat a failed visit here as evidence the address is invalid
AD001815,0.955,0.977,50.3,high,0,CONFIRMED_BY_FIELD_VISIT,LOCATION_CONFIRMED_OR_RELIABLE: a failed visit is informative
AD001816,0.035,0.151,1701.5,low,1,INFERRED_FROM_LANDMARK|OLD_GEOCODER_AT_PINCODE_CENTRE,LOCATION_UNRESOLVED: do not treat a failed visit here as evidence the address is invalid
AD001817,0.066,0.295,1176.3,low,1,INFERRED_FROM_LANDMARK,LOCATION_UNRESOLVED: do not treat a failed visit here as evidence the address is invalid
AD001818,0.0,0.0,3065.9,low,1,NO_LOCALITY_IN_TEXT|OLD_GEOCODER_AT_PINCODE_CENTRE,LOCATION_UNRESOLVED: do not treat a failed visit here as evidence the address is invalid
AD001820,0.198,0.604,582.6,low,1,INFERRED_FROM_LANDMARK,LOCATION_UNRESOLVED: do not treat a failed visit here as evidence the address is invalid
AD001821,0.977,0.977,18.2,high,0,CONFIRMED_BY_FIELD_VISIT,LOCATION_CONFIRMED_OR_RELIABLE: a failed visit is informative
AD001822,0.955,0.977,46.6,high,0,CONFIRMED_BY_FIELD_VISIT,LOCATION_CONFIRMED_OR_RELIABLE: a failed visit is informative
AD001823,0.0,0.02,2134.4,low,1,NO_LOCALITY_IN_TEXT|OLD_GEOCODER_AT_PINCODE_CENTRE,LOCATION_UNRESOLVED: do not treat a failed visit here as evidence the address is invalid
AD001824,0.314,0.728,445.7,low,1,INFERRED_FROM_STREET_NEIGHBOURS,LOCATION_UNRESOLVED: do not treat a failed visit here as evidence the address is invalid
AD001825,0.483,0.859,299.9,medium,0,INFERRED_FROM_STREET_NEIGHBOURS,LOCATION_APPROXIMATE: a failed visit is weak evidence; retry with directions
AD001827,0.195,0.604,583.9,low,1,INFERRED_FROM_LANDMARK,LOCATION_UNRESOLVED: do not treat a failed visit here as evidence the address is invalid
AD001829,0.582,0.909,226.4,medium,0,INFERRED_FROM_LANDMARK,LOCATION_APPROXIMATE: a failed visit is weak evidence; retry with directions
AD001830,0.977,0.977,36.1,high,0,CONFIRMED_BY_FIELD_VISIT,LOCATION_CONFIRMED_OR_RELIABLE: a failed visit is informative
AD001831,0.677,0.923,192.7,medium,0,INFERRED_FROM_LANDMARK,LOCATION_APPROXIMATE: a failed visit is weak evidence; retry with directions
AD001832,0.953,0.977,41.2,high,0,CONFIRMED_BY_FIELD_VISIT,LOCATION_CONFIRMED_OR_RELIABLE: a failed visit is informative
AD001833,0.977,0.977,17.8,high,0,CONFIRMED_BY_FIELD_VISIT,LOCATION_CONFIRMED_OR_RELIABLE: a failed visit is informative
AD001834,0.778,0.95,157.3,medium,0,INFERRED_FROM_STREET_NEIGHBOURS,LOCATION_APPROXIMATE: a failed visit is weak evidence; retry with directions
AD001835,0.302,0.71,459.5,low,1,INFERRED_FROM_STREET_NEIGHBOURS,LOCATION_UNRESOLVED: do not treat a failed visit here as evidence the address is invalid
AD001836,0.977,0.977,23.4,high,0,CONFIRMED_BY_FIELD_VISIT,LOCATION_CONFIRMED_OR_RELIABLE: a failed visit is informative
AD001837,0.977,0.977,16.1,high,0,CONFIRMED_BY_FIELD_VISIT,LOCATION_CONFIRMED_OR_RELIABLE: a failed visit is informative
AD001838,0.435,0.827,341.0,low,1,INFERRED_FROM_STREET_NEIGHBOURS,LOCATION_UNRESOLVED: do not treat a failed visit here as evidence the address is invalid
AD001839,0.357,0.761,410.1,low,1,INFERRED_FROM_STREET_NEIGHBOURS,LOCATION_UNRESOLVED: do not treat a failed visit here as evidence the address is invalid
AD001840,0.752,0.948,167.2,medium,0,INFERRED_FROM_STREET_NEIGHBOURS,LOCATION_APPROXIMATE: a failed visit is weak evidence; retry with directions
AD001841,0.65,0.928,209.0,medium,0,INFERRED_FROM_STREET_NEIGHBOURS,LOCATION_APPROXIMATE: a failed visit is weak evidence; retry with directions
AD001842,0.977,0.977,17.9,high,0,CONFIRMED_BY_FIELD_VISIT,LOCATION_CONFIRMED_OR_RELIABLE: a failed visit is informative
AD001844,0.955,0.977,71.5,medium,0,CONFIRMED_BY_FIELD_VISIT,LOCATION_APPROXIMATE: a failed visit is weak evidence; retry with directions
AD001845,0.977,0.977,19.4,high,0,CONFIRMED_BY_FIELD_VISIT,LOCATION_CONFIRMED_OR_RELIABLE: a failed visit is informative
AD001846,0.034,0.146,1771.5,low,1,LOCALITY_LEVEL_ONLY,LOCATION_UNRESOLVED: do not treat a failed visit here as evidence the address is invalid
AD001847,0.977,0.977,20.4,high,0,CONFIRMED_BY_FIELD_VISIT,LOCATION_CONFIRMED_OR_RELIABLE: a failed visit is informative
AD001848,0.117,0.466,780.4,low,1,INFERRED_FROM_LANDMARK,LOCATION_UNRESOLVED: do not treat a failed visit here as evidence the address is invalid
AD001849,0.977,0.977,20.8,high,0,CONFIRMED_BY_FIELD_VISIT,LOCATION_CONFIRMED_OR_RELIABLE: a failed visit is informative
AD001850,0.339,0.748,424.5,low,1,INFERRED_FROM_STREET_NEIGHBOURS,LOCATION_UNRESOLVED: do not treat a failed visit here as evidence the address is invalid
AD001851,0.977,0.977,26.0,high,0,CONFIRMED_BY_FIELD_VISIT,LOCATION_CONFIRMED_OR_RELIABLE: a failed visit is informative
AD001852,0.977,0.977,17.1,high,0,CONFIRMED_BY_FIELD_VISIT,LOCATION_CONFIRMED_OR_RELIABLE: a failed visit is informative
AD001853,0.034,0.142,1781.0,low,1,LOCALITY_LEVEL_ONLY,LOCATION_UNRESOLVED: do not treat a failed visit here as evidence the address is invalid
AD001854,0.977,0.977,20.1,high,0,CONFIRMED_BY_FIELD_VISIT,LOCATION_CONFIRMED_OR_RELIABLE: a failed visit is informative
AD001855,0.955,0.977,48.3,high,0,CONFIRMED_BY_FIELD_VISIT,LOCATION_CONFIRMED_OR_RELIABLE: a failed visit is informative
AD001856,0.977,0.977,21.0,high,0,CONFIRMED_BY_FIELD_VISIT,LOCATION_CONFIRMED_OR_RELIABLE: a failed visit is informative
AD001857,0.977,0.977,16.7,high,0,CONFIRMED_BY_FIELD_VISIT,LOCATION_CONFIRMED_OR_RELIABLE: a failed visit is informative
AD001858,0.0,0.031,1886.6,low,1,NO_LOCALITY_IN_TEXT|OLD_GEOCODER_AT_PINCODE_CENTRE,LOCATION_UNRESOLVED: do not treat a failed visit here as evidence the address is invalid
AD001859,0.446,0.832,331.9,low,1,INFERRED_FROM_STREET_NEIGHBOURS,LOCATION_UNRESOLVED: do not treat a failed visit here as evidence the address is invalid
AD001860,0.832,0.945,139.3,medium,0,INFERRED_FROM_STREET_NEIGHBOURS,LOCATION_APPROXIMATE: a failed visit is weak evidence; retry with directions
AD001861,0.591,0.909,216.1,medium,0,LOCALITY_LEVEL_ONLY,LOCATION_APPROXIMATE: a failed visit is weak evidence; retry with directions
AD001862,0.727,0.955,143.7,medium,0,CONFIRMED_BY_FIELD_VISIT,LOCATION_APPROXIMATE: a failed visit is weak evidence; retry with directions
AD001863,0.0,0.051,1428.0,low,1,NO_LOCALITY_IN_TEXT|OLD_GEOCODER_AT_PINCODE_CENTRE,LOCATION_UNRESOLVED: do not treat a failed visit here as evidence the address is invalid
AD001864,0.977,0.977,11.7,high,0,CONFIRMED_BY_FIELD_VISIT,LOCATION_CONFIRMED_OR_RELIABLE: a failed visit is informative
AD001865,0.977,0.977,18.2,high,0,CONFIRMED_BY_FIELD_VISIT,LOCATION_CONFIRMED_OR_RELIABLE: a failed visit is informative
AD001866,0.977,0.977,17.7,high,0,CONFIRMED_BY_FIELD_VISIT,LOCATION_CONFIRMED_OR_RELIABLE: a failed visit is informative
AD001867,0.955,0.977,55.3,high,0,CONFIRMED_BY_FIELD_VISIT,LOCATION_CONFIRMED_OR_RELIABLE: a failed visit is informative
AD001868,0.977,0.977,40.7,high,0,CONFIRMED_BY_FIELD_VISIT,LOCATION_CONFIRMED_OR_RELIABLE: a failed visit is informative
AD001870,0.0,0.031,1884.2,low,1,NO_LOCALITY_IN_TEXT|OLD_GEOCODER_AT_PINCODE_CENTRE,LOCATION_UNRESOLVED: do not treat a failed visit here as evidence the address is invalid
AD001871,0.0,0.031,1952.5,low,1,NO_LOCALITY_IN_TEXT|OLD_GEOCODER_AT_PINCODE_CENTRE,LOCATION_UNRESOLVED: do not treat a failed visit here as evidence the address is invalid
AD001872,0.036,0.146,1760.7,low,1,LOCALITY_LEVEL_ONLY,LOCATION_UNRESOLVED: do not treat a failed visit here as evidence the address is invalid
AD001873,0.977,0.977,10.6,high,0,CONFIRMED_BY_FIELD_VISIT,LOCATION_CONFIRMED_OR_RELIABLE: a failed visit is informative
AD001874,0.437,0.832,338.3,low,1,INFERRED_FROM_STREET_NEIGHBOURS,LOCATION_UNRESOLVED: do not treat a failed visit here as evidence the address is invalid
AD001875,0.341,0.845,327.2,low,1,INFERRED_FROM_STREET_NEIGHBOURS,LOCATION_UNRESOLVED: do not treat a failed visit here as evidence the address is invalid
AD001876,0.372,0.778,392.9,low,1,INFERRED_FROM_STREET_NEIGHBOURS,LOCATION_UNRESOLVED: do not treat a failed visit here as evidence the address is invalid
AD001877,0.224,0.62,558.0,low,1,INFERRED_FROM_STREET_NEIGHBOURS,LOCATION_UNRESOLVED: do not treat a failed visit here as evidence the address is invalid
AD001878,0.296,0.702,468.5,low,1,INFERRED_FROM_LANDMARK,LOCATION_UNRESOLVED: do not treat a failed visit here as evidence the address is invalid
AD001879,0.977,0.977,15.5,high,0,CONFIRMED_BY_FIELD_VISIT,LOCATION_CONFIRMED_OR_RELIABLE: a failed visit is informative
AD001880,0.955,0.977,77.5,medium,0,CONFIRMED_BY_FIELD_VISIT,LOCATION_APPROXIMATE: a failed visit is weak evidence; retry with directions
AD001881,0.977,0.977,19.8,high,0,CONFIRMED_BY_FIELD_VISIT,LOCATION_CONFIRMED_OR_RELIABLE: a failed visit is informative
AD001882,0.977,0.977,14.8,high,0,CONFIRMED_BY_FIELD_VISIT,LOCATION_CONFIRMED_OR_RELIABLE: a failed visit is informative
AD001883,0.714,0.945,182.8,medium,0,INFERRED_FROM_STREET_NEIGHBOURS,LOCATION_APPROXIMATE: a failed visit is weak evidence; retry with directions
AD001884,0.03,0.136,1808.9,low,1,LOCALITY_LEVEL_ONLY,LOCATION_UNRESOLVED: do not treat a failed visit here as evidence the address is invalid
AD001885,0.0,0.0,3380.8,low,1,NO_LOCALITY_IN_TEXT|OLD_GEOCODER_AT_PINCODE_CENTRE,LOCATION_UNRESOLVED: do not treat a failed visit here as evidence the address is invalid
AD001886,0.977,0.977,17.3,high,0,CONFIRMED_BY_FIELD_VISIT,LOCATION_CONFIRMED_OR_RELIABLE: a failed visit is informative
AD001888,0.11,0.451,823.4,low,1,INFERRED_FROM_LANDMARK,LOCATION_UNRESOLVED: do not treat a failed visit here as evidence the address is invalid
AD001889,0.349,0.756,414.7,low,1,INFERRED_FROM_STREET_NEIGHBOURS,LOCATION_UNRESOLVED: do not treat a failed visit here as evidence the address is invalid
AD001890,0.977,0.977,39.6,high,0,CONFIRMED_BY_FIELD_VISIT,LOCATION_CONFIRMED_OR_RELIABLE: a failed visit is informative
AD001891,0.977,0.977,21.2,high,0,CONFIRMED_BY_FIELD_VISIT,LOCATION_CONFIRMED_OR_RELIABLE: a failed visit is informative
AD001892,0.239,0.637,534.0,low,1,INFERRED_FROM_LANDMARK,LOCATION_UNRESOLVED: do not treat a failed visit here as evidence the address is invalid
AD001894,0.339,0.748,424.3,low,1,INFERRED_FROM_STREET_NEIGHBOURS,LOCATION_UNRESOLVED: do not treat a failed visit here as evidence the address is invalid
AD001895,0.239,0.636,537.8,low,1,INFERRED_FROM_LANDMARK,LOCATION_UNRESOLVED: do not treat a failed visit here as evidence the address is invalid
AD001896,0.914,0.976,91.2,medium,0,INFERRED_FROM_STREET_NEIGHBOURS,LOCATION_APPROXIMATE: a failed visit is weak evidence; retry with directions
AD001897,0.7,0.923,186.3,medium,0,INFERRED_FROM_STREET_NEIGHBOURS,LOCATION_APPROXIMATE: a failed visit is weak evidence; retry with directions
AD001898,0.0,0.031,1796.5,low,1,NO_LOCALITY_IN_TEXT|OLD_GEOCODER_AT_PINCODE_CENTRE,LOCATION_UNRESOLVED: do not treat a failed visit here as evidence the address is invalid
AD001899,0.977,0.977,17.7,high,0,CONFIRMED_BY_FIELD_VISIT,LOCATION_CONFIRMED_OR_RELIABLE: a failed visit is informative
AD001900,0.977,0.977,31.1,high,0,CONFIRMED_BY_FIELD_VISIT,LOCATION_CONFIRMED_OR_RELIABLE: a failed visit is informative
AD001901,0.977,0.977,22.0,high,0,CONFIRMED_BY_FIELD_VISIT,LOCATION_CONFIRMED_OR_RELIABLE: a failed visit is informative
AD001902,0.656,0.928,206.6,medium,0,INFERRED_FROM_STREET_NEIGHBOURS,LOCATION_APPROXIMATE: a failed visit is weak evidence; retry with directions
AD001903,0.0,0.031,1896.4,low,1,NO_LOCALITY_IN_TEXT|OLD_GEOCODER_AT_PINCODE_CENTRE,LOCATION_UNRESOLVED: do not treat a failed visit here as evidence the address is invalid
AD001904,0.302,0.711,458.6,low,1,INFERRED_FROM_STREET_NEIGHBOURS,LOCATION_UNRESOLVED: do not treat a failed visit here as evidence the address is invalid
AD001905,0.296,0.702,468.3,low,1,INFERRED_FROM_STREET_NEIGHBOURS,LOCATION_UNRESOLVED: do not treat a failed visit here as evidence the address is invalid
AD001906,0.0,0.02,2254.1,low,1,NO_LOCALITY_IN_TEXT|OLD_GEOCODER_AT_PINCODE_CENTRE,LOCATION_UNRESOLVED: do not treat a failed visit here as evidence the address is invalid
AD001907,0.536,0.909,236.8,medium,0,INFERRED_FROM_STREET_NEIGHBOURS,LOCATION_APPROXIMATE: a failed visit is weak evidence; retry with directions
AD001908,0.914,0.982,85.5,medium,0,INFERRED_FROM_STREET_NEIGHBOURS,LOCATION_APPROXIMATE: a failed visit is weak evidence; retry with directions
AD001909,0.0,0.031,1714.2,low,1,NO_LOCALITY_IN_TEXT|OLD_GEOCODER_AT_PINCODE_CENTRE,LOCATION_UNRESOLVED: do not treat a failed visit here as evidence the address is invalid
AD001910,0.811,0.952,143.6,medium,0,INFERRED_FROM_STREET_NEIGHBOURS,LOCATION_APPROXIMATE: a failed visit is weak evidence; retry with directions
AD001911,0.0,0.031,1689.4,low,1,NO_LOCALITY_IN_TEXT|OLD_GEOCODER_AT_PINCODE_CENTRE,LOCATION_UNRESOLVED: do not treat a failed visit here as evidence the address is invalid
AD001912,0.034,0.146,1763.8,low,1,LOCALITY_LEVEL_ONLY,LOCATION_UNRESOLVED: do not treat a failed visit here as evidence the address is invalid
AD001913,0.682,0.923,190.0,medium,0,INFERRED_FROM_STREET_NEIGHBOURS,LOCATION_APPROXIMATE: a failed visit is weak evidence; retry with directions
AD001914,0.977,0.977,23.9,high,0,CONFIRMED_BY_FIELD_VISIT,LOCATION_CONFIRMED_OR_RELIABLE: a failed visit is informative
AD001916,0.295,0.698,471.2,low,1,INFERRED_FROM_LANDMARK,LOCATION_UNRESOLVED: do not treat a failed visit here as evidence the address is invalid
AD001917,0.385,0.789,380.5,low,1,INFERRED_FROM_STREET_NEIGHBOURS,LOCATION_UNRESOLVED: do not treat a failed visit here as evidence the address is invalid
AD001918,0.353,0.759,411.9,low,1,INFERRED_FROM_STREET_NEIGHBOURS,LOCATION_UNRESOLVED: do not treat a failed visit here as evidence the address is invalid
AD001919,0.104,0.434,858.4,low,1,INFERRED_FROM_LANDMARK,LOCATION_UNRESOLVED: do not treat a failed visit here as evidence the address is invalid
AD001920,0.977,0.977,20.1,high,0,CONFIRMED_BY_FIELD_VISIT,LOCATION_CONFIRMED_OR_RELIABLE: a failed visit is informative
AD001921,0.731,0.946,177.7,medium,0,INFERRED_FROM_STREET_NEIGHBOURS,LOCATION_APPROXIMATE: a failed visit is weak evidence; retry with directions
AD001922,0.977,0.977,25.3,high,0,CONFIRMED_BY_FIELD_VISIT,LOCATION_CONFIRMED_OR_RELIABLE: a failed visit is informative
AD001923,0.977,0.977,18.8,high,0,CONFIRMED_BY_FIELD_VISIT,LOCATION_CONFIRMED_OR_RELIABLE: a failed visit is informative
AD001924,0.119,0.466,776.9,low,1,INFERRED_FROM_LANDMARK,LOCATION_UNRESOLVED: do not treat a failed visit here as evidence the address is invalid
AD001925,0.814,0.945,143.5,medium,0,INFERRED_FROM_STREET_NEIGHBOURS,LOCATION_APPROXIMATE: a failed visit is weak evidence; retry with directions
AD001926,0.103,0.423,875.5,low,1,INFERRED_FROM_LANDMARK,LOCATION_UNRESOLVED: do not treat a failed visit here as evidence the address is invalid
AD001927,0.977,0.977,25.5,high,0,CONFIRMED_BY_FIELD_VISIT,LOCATION_CONFIRMED_OR_RELIABLE: a failed visit is informative
AD001928,0.705,0.923,184.3,medium,0,INFERRED_FROM_STREET_NEIGHBOURS,LOCATION_APPROXIMATE: a failed visit is weak evidence; retry with directions
AD001929,0.977,0.977,25.6,high,0,CONFIRMED_BY_FIELD_VISIT,LOCATION_CONFIRMED_OR_RELIABLE: a failed visit is informative
AD001930,0.895,0.973,101.4,medium,0,INFERRED_FROM_STREET_NEIGHBOURS,LOCATION_APPROXIMATE: a failed visit is weak evidence; retry with directions
AD001931,0.0,0.051,1459.8,low,1,NO_LOCALITY_IN_TEXT|OLD_GEOCODER_AT_PINCODE_CENTRE,LOCATION_UNRESOLVED: do not treat a failed visit here as evidence the address is invalid
AD001932,0.832,0.945,140.1,medium,0,INFERRED_FROM_STREET_NEIGHBOURS,LOCATION_APPROXIMATE: a failed visit is weak evidence; retry with directions
AD001933,0.977,0.977,16.9,high,0,CONFIRMED_BY_FIELD_VISIT,LOCATION_CONFIRMED_OR_RELIABLE: a failed visit is informative
AD001934,0.977,0.977,21.7,high,0,CONFIRMED_BY_FIELD_VISIT,LOCATION_CONFIRMED_OR_RELIABLE: a failed visit is informative
AD001935,0.304,0.716,456.2,low,1,INFERRED_FROM_LANDMARK,LOCATION_UNRESOLVED: do not treat a failed visit here as evidence the address is invalid
AD001937,0.977,0.977,19.8,high,0,CONFIRMED_BY_FIELD_VISIT,LOCATION_CONFIRMED_OR_RELIABLE: a failed visit is informative
AD001938,0.361,0.766,404.2,low,1,INFERRED_FROM_STREET_NEIGHBOURS,LOCATION_UNRESOLVED: do not treat a failed visit here as evidence the address is invalid
AD001939,0.059,0.259,1282.8,low,1,INFERRED_FROM_LANDMARK,LOCATION_UNRESOLVED: do not treat a failed visit here as evidence the address is invalid
AD001940,0.79,0.952,151.7,medium,0,INFERRED_FROM_STREET_NEIGHBOURS,LOCATION_APPROXIMATE: a failed visit is weak evidence; retry with directions
AD001941,0.85,0.959,126.4,medium,0,INFERRED_FROM_STREET_NEIGHBOURS,LOCATION_APPROXIMATE: a failed visit is weak evidence; retry with directions
AD001942,0.302,0.706,463.1,low,1,INFERRED_FROM_LANDMARK,LOCATION_UNRESOLVED: do not treat a failed visit here as evidence the address is invalid
AD001943,0.627,0.919,220.3,medium,0,INFERRED_FROM_STREET_NEIGHBOURS,LOCATION_APPROXIMATE: a failed visit is weak evidence; retry with directions
AD001944,0.977,0.977,21.9,high,0,CONFIRMED_BY_FIELD_VISIT,LOCATION_CONFIRMED_OR_RELIABLE: a failed visit is informative
AD001945,0.977,0.977,34.6,high,0,CONFIRMED_BY_FIELD_VISIT,LOCATION_CONFIRMED_OR_RELIABLE: a failed visit is informative
AD001946,0.306,0.717,454.3,low,1,INFERRED_FROM_LANDMARK,LOCATION_UNRESOLVED: do not treat a failed visit here as evidence the address is invalid
AD001947,0.977,0.977,15.9,high,0,CONFIRMED_BY_FIELD_VISIT,LOCATION_CONFIRMED_OR_RELIABLE: a failed visit is informative
AD001948,0.339,0.749,424.0,low,1,INFERRED_FROM_STREET_NEIGHBOURS,LOCATION_UNRESOLVED: do not treat a failed visit here as evidence the address is invalid
AD001949,0.845,0.956,127.7,medium,0,INFERRED_FROM_STREET_NEIGHBOURS,LOCATION_APPROXIMATE: a failed visit is weak evidence; retry with directions
AD001950,0.313,0.721,448.0,low,1,INFERRED_FROM_LANDMARK,LOCATION_UNRESOLVED: do not treat a failed visit here as evidence the address is invalid
AD001951,0.302,0.706,463.1,low,1,INFERRED_FROM_STREET_NEIGHBOURS,LOCATION_UNRESOLVED: do not treat a failed visit here as evidence the address is invalid
AD001952,0.977,0.977,16.0,high,0,CONFIRMED_BY_FIELD_VISIT,LOCATION_CONFIRMED_OR_RELIABLE: a failed visit is informative
AD001953,0.532,0.905,241.2,medium,0,INFERRED_FROM_STREET_NEIGHBOURS,LOCATION_APPROXIMATE: a failed visit is weak evidence; retry with directions
AD001954,0.955,0.977,42.0,high,0,CONFIRMED_BY_FIELD_VISIT,LOCATION_CONFIRMED_OR_RELIABLE: a failed visit is informative
AD001955,0.41,0.817,354.1,low,1,INFERRED_FROM_STREET_NEIGHBOURS,LOCATION_UNRESOLVED: do not treat a failed visit here as evidence the address is invalid
AD001956,0.582,0.909,223.8,medium,0,LOCALITY_LEVEL_ONLY,LOCATION_APPROXIMATE: a failed visit is weak evidence; retry with directions
AD001957,0.131,0.494,737.3,low,1,INFERRED_FROM_LANDMARK,LOCATION_UNRESOLVED: do not treat a failed visit here as evidence the address is invalid
AD001958,0.378,0.783,389.0,low,1,INFERRED_FROM_STREET_NEIGHBOURS,LOCATION_UNRESOLVED: do not treat a failed visit here as evidence the address is invalid
AD001959,0.582,0.909,223.1,medium,0,INFERRED_FROM_LANDMARK,LOCATION_APPROXIMATE: a failed visit is weak evidence; retry with directions
AD001960,0.977,0.977,15.7,high,0,CONFIRMED_BY_FIELD_VISIT,LOCATION_CONFIRMED_OR_RELIABLE: a failed visit is informative
AD001961,0.661,0.93,203.9,medium,0,INFERRED_FROM_STREET_NEIGHBOURS,LOCATION_APPROXIMATE: a failed visit is weak evidence; retry with directions
AD001962,0.955,0.977,63.3,medium,0,CONFIRMED_BY_FIELD_VISIT,LOCATION_APPROXIMATE: a failed visit is weak evidence; retry with directions
AD001963,0.977,0.977,36.6,high,0,CONFIRMED_BY_FIELD_VISIT,LOCATION_CONFIRMED_OR_RELIABLE: a failed visit is informative
AD001964,0.578,0.902,247.3,medium,0,INFERRED_FROM_STREET_NEIGHBOURS,LOCATION_APPROXIMATE: a failed visit is weak evidence; retry with directions
AD001965,0.185,0.59,603.3,low,1,INFERRED_FROM_STREET_NEIGHBOURS,LOCATION_UNRESOLVED: do not treat a failed visit here as evidence the address is invalid
AD001966,0.289,0.691,477.7,low,1,INFERRED_FROM_STREET_NEIGHBOURS,LOCATION_UNRESOLVED: do not treat a failed visit here as evidence the address is invalid
AD001967,0.028,0.132,1832.7,low,1,LOCALITY_LEVEL_ONLY,LOCATION_UNRESOLVED: do not treat a failed visit here as evidence the address is invalid
AD001968,0.476,0.852,305.7,low,1,INFERRED_FROM_STREET_NEIGHBOURS,LOCATION_UNRESOLVED: do not treat a failed visit here as evidence the address is invalid
AD001969,0.977,0.977,21.8,high,0,CONFIRMED_BY_FIELD_VISIT,LOCATION_CONFIRMED_OR_RELIABLE: a failed visit is informative
AD001970,0.302,0.707,461.2,low,1,INFERRED_FROM_LANDMARK,LOCATION_UNRESOLVED: do not treat a failed visit here as evidence the address is invalid
AD001971,0.977,0.977,26.8,high,0,CONFIRMED_BY_FIELD_VISIT,LOCATION_CONFIRMED_OR_RELIABLE: a failed visit is informative
AD001972,0.977,0.977,29.4,high,0,CONFIRMED_BY_FIELD_VISIT,LOCATION_CONFIRMED_OR_RELIABLE: a failed visit is informative
AD001973,0.955,0.977,42.3,high,0,CONFIRMED_BY_FIELD_VISIT,LOCATION_CONFIRMED_OR_RELIABLE: a failed visit is informative
AD001974,0.591,0.909,219.2,medium,0,INFERRED_FROM_LANDMARK,LOCATION_APPROXIMATE: a failed visit is weak evidence; retry with directions
AD001976,0.977,0.977,16.9,high,0,CONFIRMED_BY_FIELD_VISIT,LOCATION_CONFIRMED_OR_RELIABLE: a failed visit is informative
AD001977,0.977,0.977,23.0,high,0,CONFIRMED_BY_FIELD_VISIT,LOCATION_CONFIRMED_OR_RELIABLE: a failed visit is informative
AD001978,0.977,0.977,11.3,high,0,CONFIRMED_BY_FIELD_VISIT,LOCATION_CONFIRMED_OR_RELIABLE: a failed visit is informative
AD001980,0.361,0.768,400.7,low,1,INFERRED_FROM_STREET_NEIGHBOURS,LOCATION_UNRESOLVED: do not treat a failed visit here as evidence the address is invalid
AD001982,0.977,0.977,23.4,high,0,CONFIRMED_BY_FIELD_VISIT,LOCATION_CONFIRMED_OR_RELIABLE: a failed visit is informative
AD001983,0.034,0.142,1784.0,low,1,LOCALITY_LEVEL_ONLY,LOCATION_UNRESOLVED: do not treat a failed visit here as evidence the address is invalid
AD001984,0.189,0.6,588.7,low,1,INFERRED_FROM_LANDMARK,LOCATION_UNRESOLVED: do not treat a failed visit here as evidence the address is invalid
AD001985,0.647,0.928,209.8,medium,0,INFERRED_FROM_STREET_NEIGHBOURS,LOCATION_APPROXIMATE: a failed visit is weak evidence; retry with directions
AD001986,0.0,0.02,2100.1,low,1,NO_LOCALITY_IN_TEXT|OLD_GEOCODER_AT_PINCODE_CENTRE,LOCATION_UNRESOLVED: do not treat a failed visit here as evidence the address is invalid
AD001987,0.0,0.031,1885.3,low,1,NO_LOCALITY_IN_TEXT|OLD_GEOCODER_AT_PINCODE_CENTRE,LOCATION_UNRESOLVED: do not treat a failed visit here as evidence the address is invalid
AD001988,0.727,0.923,176.7,medium,0,INFERRED_FROM_STREET_NEIGHBOURS,LOCATION_APPROXIMATE: a failed visit is weak evidence; retry with directions
AD001989,0.396,0.8,369.6,low,1,INFERRED_FROM_STREET_NEIGHBOURS,LOCATION_UNRESOLVED: do not treat a failed visit here as evidence the address is invalid
AD001990,0.977,0.977,16.6,high,0,CONFIRMED_BY_FIELD_VISIT,LOCATION_CONFIRMED_OR_RELIABLE: a failed visit is informative
AD001991,0.977,0.977,17.0,high,0,CONFIRMED_BY_FIELD_VISIT,LOCATION_CONFIRMED_OR_RELIABLE: a failed visit is informative
AD001992,0.313,0.722,447.1,low,1,INFERRED_FROM_LANDMARK,LOCATION_UNRESOLVED: do not treat a failed visit here as evidence the address is invalid
AD001993,0.977,0.977,15.8,high,0,CONFIRMED_BY_FIELD_VISIT,LOCATION_CONFIRMED_OR_RELIABLE: a failed visit is informative
AD001994,0.759,0.927,162.4,medium,0,INFERRED_FROM_STREET_NEIGHBOURS,LOCATION_APPROXIMATE: a failed visit is weak evidence; retry with directions
AD001995,0.955,0.977,67.9,medium,0,CONFIRMED_BY_FIELD_VISIT,LOCATION_APPROXIMATE: a failed visit is weak evidence; retry with directions
AD001996,0.682,0.955,172.5,medium,0,CONFIRMED_BY_FIELD_VISIT,LOCATION_APPROXIMATE: a failed visit is weak evidence; retry with directions
AD001998,0.316,0.748,438.6,low,1,INFERRED_FROM_STREET_NEIGHBOURS,LOCATION_UNRESOLVED: do not treat a failed visit here as evidence the address is invalid
AD001999,0.0,0.031,1701.8,low,1,NO_LOCALITY_IN_TEXT|OLD_GEOCODER_AT_PINCODE_CENTRE,LOCATION_UNRESOLVED: do not treat a failed visit here as evidence the address is invalid
AD002000,0.277,0.667,495.7,low,1,INFERRED_FROM_LANDMARK,LOCATION_UNRESOLVED: do not treat a failed visit here as evidence the address is invalid
AD002001,0.437,0.831,338.9,low,1,INFERRED_FROM_STREET_NEIGHBOURS,LOCATION_UNRESOLVED: do not treat a failed visit here as evidence the address is invalid
AD002002,0.475,0.852,306.1,low,1,INFERRED_FROM_STREET_NEIGHBOURS,LOCATION_UNRESOLVED: do not treat a failed visit here as evidence the address is invalid
AD002003,0.605,0.914,211.7,medium,0,INFERRED_FROM_STREET_NEIGHBOURS,LOCATION_APPROXIMATE: a failed visit is weak evidence; retry with directions
AD002004,0.591,0.909,219.3,medium,0,INFERRED_FROM_STREET_NEIGHBOURS,LOCATION_APPROXIMATE: a failed visit is weak evidence; retry with directions
AD002005,0.977,0.977,18.4,high,0,CONFIRMED_BY_FIELD_VISIT,LOCATION_CONFIRMED_OR_RELIABLE: a failed visit is informative
AD002007,0.977,0.977,24.7,high,0,CONFIRMED_BY_FIELD_VISIT,LOCATION_CONFIRMED_OR_RELIABLE: a failed visit is informative
AD002008,0.03,0.136,1808.4,low,1,LOCALITY_LEVEL_ONLY,LOCATION_UNRESOLVED: do not treat a failed visit here as evidence the address is invalid
AD002009,0.977,0.977,24.1,high,0,CONFIRMED_BY_FIELD_VISIT,LOCATION_CONFIRMED_OR_RELIABLE: a failed visit is informative
AD002011,0.0,0.031,1647.7,low,1,NO_LOCALITY_IN_TEXT|OLD_GEOCODER_AT_PINCODE_CENTRE,LOCATION_UNRESOLVED: do not treat a failed visit here as evidence the address is invalid
AD002013,0.873,0.965,113.8,medium,0,INFERRED_FROM_STREET_NEIGHBOURS,LOCATION_APPROXIMATE: a failed visit is weak evidence; retry with directions
AD002014,0.605,0.914,213.7,medium,0,INFERRED_FROM_STREET_NEIGHBOURS,LOCATION_APPROXIMATE: a failed visit is weak evidence; retry with directions
AD002015,0.977,0.977,17.9,high,0,CONFIRMED_BY_FIELD_VISIT,LOCATION_CONFIRMED_OR_RELIABLE: a failed visit is informative
AD002016,0.977,0.977,37.8,high,0,CONFIRMED_BY_FIELD_VISIT,LOCATION_CONFIRMED_OR_RELIABLE: a failed visit is informative
AD002018,0.189,0.599,592.2,low,1,INFERRED_FROM_STREET_NEIGHBOURS,LOCATION_UNRESOLVED: do not treat a failed visit here as evidence the address is invalid
AD002019,0.977,0.977,16.2,high,0,CONFIRMED_BY_FIELD_VISIT,LOCATION_CONFIRMED_OR_RELIABLE: a failed visit is informative
AD002021,0.977,0.977,16.7,high,0,CONFIRMED_BY_FIELD_VISIT,LOCATION_CONFIRMED_OR_RELIABLE: a failed visit is informative
AD002022,0.248,0.652,521.3,low,1,INFERRED_FROM_LANDMARK,LOCATION_UNRESOLVED: do not treat a failed visit here as evidence the address is invalid
AD002023,0.977,0.977,19.1,high,0,CONFIRMED_BY_FIELD_VISIT,LOCATION_CONFIRMED_OR_RELIABLE: a failed visit is informative
AD002024,0.085,0.348,1043.2,low,1,INFERRED_FROM_STREET_NEIGHBOURS,LOCATION_UNRESOLVED: do not treat a failed visit here as evidence the address is invalid
AD002025,0.581,0.904,245.2,medium,0,INFERRED_FROM_STREET_NEIGHBOURS,LOCATION_APPROXIMATE: a failed visit is weak evidence; retry with directions
AD002026,0.034,0.143,1777.2,low,1,LOCALITY_LEVEL_ONLY,LOCATION_UNRESOLVED: do not treat a failed visit here as evidence the address is invalid
AD002027,0.932,0.977,89.8,medium,0,CONFIRMED_BY_FIELD_VISIT,LOCATION_APPROXIMATE: a failed visit is weak evidence; retry with directions
AD002028,0.393,0.8,371.3,low,1,INFERRED_FROM_STREET_NEIGHBOURS,LOCATION_UNRESOLVED: do not treat a failed visit here as evidence the address is invalid
AD002029,0.977,0.977,16.4,high,0,CONFIRMED_BY_FIELD_VISIT,LOCATION_CONFIRMED_OR_RELIABLE: a failed visit is informative
AD002030,0.167,0.559,643.4,low,1,INFERRED_FROM_LANDMARK,LOCATION_UNRESOLVED: do not treat a failed visit here as evidence the address is invalid
AD002031,0.705,0.923,183.1,medium,0,INFERRED_FROM_STREET_NEIGHBOURS,LOCATION_APPROXIMATE: a failed visit is weak evidence; retry with directions
AD002033,0.977,0.977,21.4,high,0,CONFIRMED_BY_FIELD_VISIT,LOCATION_CONFIRMED_OR_RELIABLE: a failed visit is informative
AD002034,0.955,0.977,44.3,high,0,CONFIRMED_BY_FIELD_VISIT,LOCATION_CONFIRMED_OR_RELIABLE: a failed visit is informative
AD002035,0.717,0.945,181.8,medium,0,INFERRED_FROM_STREET_NEIGHBOURS,LOCATION_APPROXIMATE: a failed visit is weak evidence; retry with directions
AD002036,0.228,0.622,553.2,low,1,INFERRED_FROM_LANDMARK,LOCATION_UNRESOLVED: do not treat a failed visit here as evidence the address is invalid
AD002037,0.243,0.647,525.5,low,1,INFERRED_FROM_LANDMARK,LOCATION_UNRESOLVED: do not treat a failed visit here as evidence the address is invalid
AD002038,0.977,0.977,17.2,high,0,CONFIRMED_BY_FIELD_VISIT,LOCATION_CONFIRMED_OR_RELIABLE: a failed visit is informative
AD002039,0.977,0.977,16.6,high,0,CONFIRMED_BY_FIELD_VISIT,LOCATION_CONFIRMED_OR_RELIABLE: a failed visit is informative
AD002040,0.034,0.146,1769.1,low,1,LOCALITY_LEVEL_ONLY,LOCATION_UNRESOLVED: do not treat a failed visit here as evidence the address is invalid
AD002042,0.485,0.859,299.3,medium,0,INFERRED_FROM_STREET_NEIGHBOURS,LOCATION_APPROXIMATE: a failed visit is weak evidence; retry with directions
AD002043,0.977,0.977,18.1,high,0,CONFIRMED_BY_FIELD_VISIT,LOCATION_CONFIRMED_OR_RELIABLE: a failed visit is informative
AD002044,0.955,0.977,67.0,medium,0,CONFIRMED_BY_FIELD_VISIT,LOCATION_APPROXIMATE: a failed visit is weak evidence; retry with directions
AD002045,0.977,0.977,29.9,high,0,CONFIRMED_BY_FIELD_VISIT,LOCATION_CONFIRMED_OR_RELIABLE: a failed visit is informative
AD002046,0.977,0.977,19.1,high,0,CONFIRMED_BY_FIELD_VISIT,LOCATION_CONFIRMED_OR_RELIABLE: a failed visit is informative
AD002047,0.297,0.702,467.5,low,1,INFERRED_FROM_LANDMARK,LOCATION_UNRESOLVED: do not treat a failed visit here as evidence the address is invalid
AD002048,0.531,0.887,272.6,medium,0,INFERRED_FROM_STREET_NEIGHBOURS,LOCATION_APPROXIMATE: a failed visit is weak evidence; retry with directions
AD002049,0.977,0.977,16.2,high,0,CONFIRMED_BY_FIELD_VISIT,LOCATION_CONFIRMED_OR_RELIABLE: a failed visit is informative
AD002050,0.446,0.832,331.6,low,1,INFERRED_FROM_STREET_NEIGHBOURS,LOCATION_UNRESOLVED: do not treat a failed visit here as evidence the address is invalid
AD002051,0.977,0.977,21.3,high,0,CONFIRMED_BY_FIELD_VISIT,LOCATION_CONFIRMED_OR_RELIABLE: a failed visit is informative
AD002052,0.396,0.8,368.5,low,1,INFERRED_FROM_STREET_NEIGHBOURS,LOCATION_UNRESOLVED: do not treat a failed visit here as evidence the address is invalid
AD002053,0.142,0.508,713.7,low,1,INFERRED_FROM_STREET_NEIGHBOURS,LOCATION_UNRESOLVED: do not treat a failed visit here as evidence the address is invalid
AD002054,0.32,0.733,441.7,low,1,INFERRED_FROM_STREET_NEIGHBOURS,LOCATION_UNRESOLVED: do not treat a failed visit here as evidence the address is invalid
AD002055,0.396,0.805,366.6,low,1,INFERRED_FROM_STREET_NEIGHBOURS,LOCATION_UNRESOLVED: do not treat a failed visit here as evidence the address is invalid
AD002056,0.385,0.79,378.8,low,1,INFERRED_FROM_STREET_NEIGHBOURS,LOCATION_UNRESOLVED: do not treat a failed visit here as evidence the address is invalid
AD002057,0.455,0.841,271.5,medium,0,CONFIRMED_BY_FIELD_VISIT,LOCATION_APPROXIMATE: a failed visit is weak evidence; retry with directions
AD002059,0.977,0.977,32.3,high,0,CONFIRMED_BY_FIELD_VISIT,LOCATION_CONFIRMED_OR_RELIABLE: a failed visit is informative
AD002060,0.977,0.977,25.9,high,0,CONFIRMED_BY_FIELD_VISIT,LOCATION_CONFIRMED_OR_RELIABLE: a failed visit is informative
AD002061,0.955,0.977,44.8,high,0,CONFIRMED_BY_FIELD_VISIT,LOCATION_CONFIRMED_OR_RELIABLE: a failed visit is informative
AD002062,0.977,0.977,24.9,high,0,CONFIRMED_BY_FIELD_VISIT,LOCATION_CONFIRMED_OR_RELIABLE: a failed visit is informative
AD002063,0.434,0.826,344.1,low,1,INFERRED_FROM_STREET_NEIGHBOURS,LOCATION_UNRESOLVED: do not treat a failed visit here as evidence the address is invalid
AD002064,0.773,0.955,139.3,medium,0,CONFIRMED_BY_FIELD_VISIT,LOCATION_APPROXIMATE: a failed visit is weak evidence; retry with directions
AD002065,0.627,0.923,205.1,medium,0,INFERRED_FROM_STREET_NEIGHBOURS,LOCATION_APPROXIMATE: a failed visit is weak evidence; retry with directions
AD002066,0.955,0.977,75.8,medium,0,CONFIRMED_BY_FIELD_VISIT,LOCATION_APPROXIMATE: a failed visit is weak evidence; retry with directions
AD002067,0.955,0.977,44.7,high,0,CONFIRMED_BY_FIELD_VISIT,LOCATION_CONFIRMED_OR_RELIABLE: a failed visit is informative
AD002068,0.977,0.977,31.5,high,0,CONFIRMED_BY_FIELD_VISIT,LOCATION_CONFIRMED_OR_RELIABLE: a failed visit is informative
AD002069,0.977,0.977,20.1,high,0,CONFIRMED_BY_FIELD_VISIT,LOCATION_CONFIRMED_OR_RELIABLE: a failed visit is informative
AD002070,0.977,0.977,16.0,high,0,CONFIRMED_BY_FIELD_VISIT,LOCATION_CONFIRMED_OR_RELIABLE: a failed visit is informative
AD002071,0.979,0.993,33.3,high,0,LOCALITY_LEVEL_ONLY,LOCATION_CONFIRMED_OR_RELIABLE: a failed visit is informative
AD002072,0.285,0.683,483.0,low,1,INFERRED_FROM_LANDMARK,LOCATION_UNRESOLVED: do not treat a failed visit here as evidence the address is invalid
AD002073,0.595,0.909,215.7,medium,0,INFERRED_FROM_STREET_NEIGHBOURS,LOCATION_APPROXIMATE: a failed visit is weak evidence; retry with directions
AD002074,0.977,0.977,21.6,high,0,CONFIRMED_BY_FIELD_VISIT,LOCATION_CONFIRMED_OR_RELIABLE: a failed visit is informative
AD002075,0.378,0.785,386.9,low,1,INFERRED_FROM_STREET_NEIGHBOURS,LOCATION_UNRESOLVED: do not treat a failed visit here as evidence the address is invalid
AD002077,0.0,0.02,2087.5,low,1,NO_LOCALITY_IN_TEXT|OLD_GEOCODER_AT_PINCODE_CENTRE,LOCATION_UNRESOLVED: do not treat a failed visit here as evidence the address is invalid
AD002078,0.445,0.832,333.0,low,1,INFERRED_FROM_STREET_NEIGHBOURS,LOCATION_UNRESOLVED: do not treat a failed visit here as evidence the address is invalid
AD002079,0.358,0.762,407.0,low,1,INFERRED_FROM_STREET_NEIGHBOURS,LOCATION_UNRESOLVED: do not treat a failed visit here as evidence the address is invalid
AD002080,0.862,0.962,118.4,medium,0,INFERRED_FROM_STREET_NEIGHBOURS,LOCATION_APPROXIMATE: a failed visit is weak evidence; retry with directions
AD002081,0.977,0.977,17.0,high,0,CONFIRMED_BY_FIELD_VISIT,LOCATION_CONFIRMED_OR_RELIABLE: a failed visit is informative
AD002082,0.814,0.945,143.4,medium,0,INFERRED_FROM_STREET_NEIGHBOURS,LOCATION_APPROXIMATE: a failed visit is weak evidence; retry with directions
AD002083,0.818,0.955,124.6,medium,0,CONFIRMED_BY_FIELD_VISIT,LOCATION_APPROXIMATE: a failed visit is weak evidence; retry with directions
AD002085,0.977,0.977,19.1,high,0,CONFIRMED_BY_FIELD_VISIT,LOCATION_CONFIRMED_OR_RELIABLE: a failed visit is informative
AD002086,0.0,0.02,2085.8,low,1,NO_LOCALITY_IN_TEXT|OLD_GEOCODER_AT_PINCODE_CENTRE,LOCATION_UNRESOLVED: do not treat a failed visit here as evidence the address is invalid
AD002087,0.287,0.685,480.7,low,1,INFERRED_FROM_LANDMARK,LOCATION_UNRESOLVED: do not treat a failed visit here as evidence the address is invalid
AD002088,0.308,0.717,451.6,low,1,INFERRED_FROM_LANDMARK,LOCATION_UNRESOLVED: do not treat a failed visit here as evidence the address is invalid
AD002089,0.977,0.977,19.5,high,0,CONFIRMED_BY_FIELD_VISIT,LOCATION_CONFIRMED_OR_RELIABLE: a failed visit is informative
AD002090,0.955,0.977,61.9,medium,0,CONFIRMED_BY_FIELD_VISIT,LOCATION_APPROXIMATE: a failed visit is weak evidence; retry with directions
AD002091,0.977,0.977,21.3,high,0,CONFIRMED_BY_FIELD_VISIT,LOCATION_CONFIRMED_OR_RELIABLE: a failed visit is informative
AD002092,0.033,0.141,1792.4,low,1,LOCALITY_LEVEL_ONLY,LOCATION_UNRESOLVED: do not treat a failed visit here as evidence the address is invalid
AD002094,0.59,0.907,240.8,medium,0,INFERRED_FROM_STREET_NEIGHBOURS,LOCATION_APPROXIMATE: a failed visit is weak evidence; retry with directions
AD002095,0.605,0.914,212.9,medium,0,INFERRED_FROM_LANDMARK,LOCATION_APPROXIMATE: a failed visit is weak evidence; retry with directions
AD002096,0.977,0.977,26.6,high,0,CONFIRMED_BY_FIELD_VISIT,LOCATION_CONFIRMED_OR_RELIABLE: a failed visit is informative
AD002097,0.571,0.897,252.1,medium,0,INFERRED_FROM_STREET_NEIGHBOURS,LOCATION_APPROXIMATE: a failed visit is weak evidence; retry with directions
AD002098,0.302,0.706,462.8,low,1,INFERRED_FROM_STREET_NEIGHBOURS,LOCATION_UNRESOLVED: do not treat a failed visit here as evidence the address is invalid
AD002099,0.031,0.138,1799.7,low,1,LOCALITY_LEVEL_ONLY,LOCATION_UNRESOLVED: do not treat a failed visit here as evidence the address is invalid
AD002100,0.0,0.02,2272.1,low,1,NO_LOCALITY_IN_TEXT|OLD_GEOCODER_AT_PINCODE_CENTRE,LOCATION_UNRESOLVED: do not treat a failed visit here as evidence the address is invalid
AD002101,0.627,0.923,205.1,medium,0,LOCALITY_LEVEL_ONLY,LOCATION_APPROXIMATE: a failed visit is weak evidence; retry with directions
AD002102,0.977,0.977,18.9,high,0,CONFIRMED_BY_FIELD_VISIT,LOCATION_CONFIRMED_OR_RELIABLE: a failed visit is informative
AD002103,0.955,0.977,50.4,high,0,CONFIRMED_BY_FIELD_VISIT,LOCATION_CONFIRMED_OR_RELIABLE: a failed visit is informative
AD002104,0.832,0.954,132.1,medium,0,INFERRED_FROM_STREET_NEIGHBOURS,LOCATION_APPROXIMATE: a failed visit is weak evidence; retry with directions
AD002105,0.422,0.822,350.7,low,1,INFERRED_FROM_STREET_NEIGHBOURS,LOCATION_UNRESOLVED: do not treat a failed visit here as evidence the address is invalid
AD002106,0.317,0.731,443.1,low,1,INFERRED_FROM_LANDMARK,LOCATION_UNRESOLVED: do not treat a failed visit here as evidence the address is invalid
AD002107,0.225,0.621,554.5,low,1,INFERRED_FROM_LANDMARK,LOCATION_UNRESOLVED: do not treat a failed visit here as evidence the address is invalid
AD002108,0.977,0.977,19.2,high,0,CONFIRMED_BY_FIELD_VISIT,LOCATION_CONFIRMED_OR_RELIABLE: a failed visit is informative
AD002110,0.977,0.977,16.7,high,0,CONFIRMED_BY_FIELD_VISIT,LOCATION_CONFIRMED_OR_RELIABLE: a failed visit is informative
AD002111,0.955,0.977,64.6,medium,0,CONFIRMED_BY_FIELD_VISIT,LOCATION_APPROXIMATE: a failed visit is weak evidence; retry with directions
AD002112,0.977,0.977,26.3,high,0,CONFIRMED_BY_FIELD_VISIT,LOCATION_CONFIRMED_OR_RELIABLE: a failed visit is informative
AD002113,0.308,0.72,450.2,low,1,INFERRED_FROM_LANDMARK,LOCATION_UNRESOLVED: do not treat a failed visit here as evidence the address is invalid
AD002114,0.296,0.702,468.8,low,1,INFERRED_FROM_LANDMARK,LOCATION_UNRESOLVED: do not treat a failed visit here as evidence the address is invalid
AD002115,0.392,0.798,373.6,low,1,INFERRED_FROM_STREET_NEIGHBOURS,LOCATION_UNRESOLVED: do not treat a failed visit here as evidence the address is invalid
AD002116,0.955,0.977,55.4,high,0,CONFIRMED_BY_FIELD_VISIT,LOCATION_CONFIRMED_OR_RELIABLE: a failed visit is informative
AD002117,0.182,0.58,615.8,low,1,INFERRED_FROM_LANDMARK,LOCATION_UNRESOLVED: do not treat a failed visit here as evidence the address is invalid
AD002118,0.977,0.977,23.2,high,0,CONFIRMED_BY_FIELD_VISIT,LOCATION_CONFIRMED_OR_RELIABLE: a failed visit is informative
AD002119,0.0,0.031,1900.9,low,1,NO_LOCALITY_IN_TEXT|OLD_GEOCODER_AT_PINCODE_CENTRE,LOCATION_UNRESOLVED: do not treat a failed visit here as evidence the address is invalid
AD002120,0.977,0.977,17.3,high,0,CONFIRMED_BY_FIELD_VISIT,LOCATION_CONFIRMED_OR_RELIABLE: a failed visit is informative
AD002121,0.854,0.961,121.9,medium,0,INFERRED_FROM_STREET_NEIGHBOURS,LOCATION_APPROXIMATE: a failed visit is weak evidence; retry with directions
AD002122,0.717,0.945,181.8,medium,0,INFERRED_FROM_STREET_NEIGHBOURS,LOCATION_APPROXIMATE: a failed visit is weak evidence; retry with directions
AD002123,0.818,0.955,113.7,medium,0,CONFIRMED_BY_FIELD_VISIT,LOCATION_APPROXIMATE: a failed visit is weak evidence; retry with directions
AD002124,0.977,0.977,15.2,high,0,CONFIRMED_BY_FIELD_VISIT,LOCATION_CONFIRMED_OR_RELIABLE: a failed visit is informative
AD002125,0.977,0.977,14.7,high,0,CONFIRMED_BY_FIELD_VISIT,LOCATION_CONFIRMED_OR_RELIABLE: a failed visit is informative
AD002126,0.977,0.977,21.5,high,0,CONFIRMED_BY_FIELD_VISIT,LOCATION_CONFIRMED_OR_RELIABLE: a failed visit is informative
AD002127,0.18,0.58,616.0,low,1,INFERRED_FROM_LANDMARK,LOCATION_UNRESOLVED: do not treat a failed visit here as evidence the address is invalid
AD002128,0.873,0.968,109.5,medium,0,INFERRED_FROM_STREET_NEIGHBOURS,LOCATION_APPROXIMATE: a failed visit is weak evidence; retry with directions
AD002129,0.977,0.977,14.7,high,0,CONFIRMED_BY_FIELD_VISIT,LOCATION_CONFIRMED_OR_RELIABLE: a failed visit is informative
AD002130,0.605,0.914,212.7,medium,0,LOCALITY_LEVEL_ONLY,LOCATION_APPROXIMATE: a failed visit is weak evidence; retry with directions
AD002131,0.977,0.977,18.1,high,0,CONFIRMED_BY_FIELD_VISIT,LOCATION_CONFIRMED_OR_RELIABLE: a failed visit is informative
AD002132,0.103,0.427,867.6,low,1,INFERRED_FROM_STREET_NEIGHBOURS,LOCATION_UNRESOLVED: do not treat a failed visit here as evidence the address is invalid
AD002133,0.732,0.923,173.8,medium,0,INFERRED_FROM_STREET_NEIGHBOURS,LOCATION_APPROXIMATE: a failed visit is weak evidence; retry with directions
AD002134,0.977,0.977,19.7,high,0,CONFIRMED_BY_FIELD_VISIT,LOCATION_CONFIRMED_OR_RELIABLE: a failed visit is informative
AD002135,0.281,0.675,488.6,low,1,INFERRED_FROM_LANDMARK,LOCATION_UNRESOLVED: do not treat a failed visit here as evidence the address is invalid
AD002136,0.955,0.977,70.5,medium,0,CONFIRMED_BY_FIELD_VISIT,LOCATION_APPROXIMATE: a failed visit is weak evidence; retry with directions
AD002138,0.977,0.977,23.7,high,0,CONFIRMED_BY_FIELD_VISIT,LOCATION_CONFIRMED_OR_RELIABLE: a failed visit is informative
AD002139,0.977,0.977,15.6,high,0,CONFIRMED_BY_FIELD_VISIT,LOCATION_CONFIRMED_OR_RELIABLE: a failed visit is informative
AD002140,0.977,0.977,17.6,high,0,CONFIRMED_BY_FIELD_VISIT,LOCATION_CONFIRMED_OR_RELIABLE: a failed visit is informative
AD002141,0.977,0.977,17.5,high,0,CONFIRMED_BY_FIELD_VISIT,LOCATION_CONFIRMED_OR_RELIABLE: a failed visit is informative
AD002142,0.977,0.977,29.2,high,0,CONFIRMED_BY_FIELD_VISIT,LOCATION_CONFIRMED_OR_RELIABLE: a failed visit is informative
AD002143,0.977,0.977,23.5,high,0,CONFIRMED_BY_FIELD_VISIT,LOCATION_CONFIRMED_OR_RELIABLE: a failed visit is informative
AD002145,0.034,0.143,1778.0,low,1,LOCALITY_LEVEL_ONLY,LOCATION_UNRESOLVED: do not treat a failed visit here as evidence the address is invalid
AD002146,0.0,0.02,2308.2,low,1,NO_LOCALITY_IN_TEXT|OLD_GEOCODER_AT_PINCODE_CENTRE,LOCATION_UNRESOLVED: do not treat a failed visit here as evidence the address is invalid
AD002147,0.745,0.923,166.7,medium,0,INFERRED_FROM_STREET_NEIGHBOURS,LOCATION_APPROXIMATE: a failed visit is weak evidence; retry with directions
AD002148,0.034,0.145,1773.9,low,1,LOCALITY_LEVEL_ONLY,LOCATION_UNRESOLVED: do not treat a failed visit here as evidence the address is invalid
AD002149,0.627,0.923,205.3,medium,0,LOCALITY_LEVEL_ONLY,LOCATION_APPROXIMATE: a failed visit is weak evidence; retry with directions
AD002150,0.977,0.977,34.7,high,0,CONFIRMED_BY_FIELD_VISIT,LOCATION_CONFIRMED_OR_RELIABLE: a failed visit is informative
AD002151,0.977,0.977,32.4,high,0,CONFIRMED_BY_FIELD_VISIT,LOCATION_CONFIRMED_OR_RELIABLE: a failed visit is informative
AD002152,0.212,0.613,567.4,low,1,INFERRED_FROM_LANDMARK,LOCATION_UNRESOLVED: do not treat a failed visit here as evidence the address is invalid
AD002153,0.932,0.977,99.3,medium,0,CONFIRMED_BY_FIELD_VISIT,LOCATION_APPROXIMATE: a failed visit is weak evidence; retry with directions
AD002154,0.977,0.977,22.7,high,0,CONFIRMED_BY_FIELD_VISIT,LOCATION_CONFIRMED_OR_RELIABLE: a failed visit is informative
AD002155,0.598,0.909,238.2,medium,0,INFERRED_FROM_STREET_NEIGHBOURS,LOCATION_APPROXIMATE: a failed visit is weak evidence; retry with directions
AD002157,0.955,0.977,41.4,high,0,CONFIRMED_BY_FIELD_VISIT,LOCATION_CONFIRMED_OR_RELIABLE: a failed visit is informative
AD002158,0.0,0.031,1923.2,low,1,NO_LOCALITY_IN_TEXT|OLD_GEOCODER_AT_PINCODE_CENTRE,LOCATION_UNRESOLVED: do not treat a failed visit here as evidence the address is invalid
AD002159,0.455,0.845,319.4,low,1,INFERRED_FROM_STREET_NEIGHBOURS,LOCATION_UNRESOLVED: do not treat a failed visit here as evidence the address is invalid
AD002160,0.32,0.731,442.0,low,1,INFERRED_FROM_STREET_NEIGHBOURS,LOCATION_UNRESOLVED: do not treat a failed visit here as evidence the address is invalid
AD002161,0.977,0.977,17.3,high,0,CONFIRMED_BY_FIELD_VISIT,LOCATION_CONFIRMED_OR_RELIABLE: a failed visit is informative
AD002162,0.036,0.146,1758.8,low,1,LOCALITY_LEVEL_ONLY,LOCATION_UNRESOLVED: do not treat a failed visit here as evidence the address is invalid
AD002163,0.0,0.031,1877.1,low,1,NO_LOCALITY_IN_TEXT|OLD_GEOCODER_AT_PINCODE_CENTRE,LOCATION_UNRESOLVED: do not treat a failed visit here as evidence the address is invalid
AD002164,0.977,0.977,16.4,high,0,CONFIRMED_BY_FIELD_VISIT,LOCATION_CONFIRMED_OR_RELIABLE: a failed visit is informative
AD002165,0.299,0.704,464.9,low,1,INFERRED_FROM_LANDMARK,LOCATION_UNRESOLVED: do not treat a failed visit here as evidence the address is invalid
AD002166,0.977,0.977,18.2,high,0,CONFIRMED_BY_FIELD_VISIT,LOCATION_CONFIRMED_OR_RELIABLE: a failed visit is informative
AD002167,0.03,0.137,1806.5,low,1,LOCALITY_LEVEL_ONLY,LOCATION_UNRESOLVED: do not treat a failed visit here as evidence the address is invalid
AD002169,0.864,0.955,118.8,medium,0,INFERRED_FROM_STREET_NEIGHBOURS,LOCATION_APPROXIMATE: a failed visit is weak evidence; retry with directions
AD002170,0.334,0.743,428.4,low,1,INFERRED_FROM_LANDMARK,LOCATION_UNRESOLVED: do not treat a failed visit here as evidence the address is invalid
AD002171,0.977,0.977,28.7,high,0,CONFIRMED_BY_FIELD_VISIT,LOCATION_CONFIRMED_OR_RELIABLE: a failed visit is informative
AD002172,0.382,0.789,380.9,low,1,INFERRED_FROM_STREET_NEIGHBOURS,LOCATION_UNRESOLVED: do not treat a failed visit here as evidence the address is invalid
AD002173,0.696,0.939,190.1,medium,0,INFERRED_FROM_STREET_NEIGHBOURS,LOCATION_APPROXIMATE: a failed visit is weak evidence; retry with directions
AD002174,0.02,0.103,2193.8,low,1,INFERRED_FROM_LANDMARK,LOCATION_UNRESOLVED: do not treat a failed visit here as evidence the address is invalid
AD002175,0.707,0.943,184.7,medium,0,INFERRED_FROM_STREET_NEIGHBOURS,LOCATION_APPROXIMATE: a failed visit is weak evidence; retry with directions
AD002176,0.977,0.977,15.9,high,0,CONFIRMED_BY_FIELD_VISIT,LOCATION_CONFIRMED_OR_RELIABLE: a failed visit is informative
AD002177,0.279,0.673,490.1,low,1,INFERRED_FROM_STREET_NEIGHBOURS,LOCATION_UNRESOLVED: do not treat a failed visit here as evidence the address is invalid
AD002178,0.977,0.977,19.7,high,0,CONFIRMED_BY_FIELD_VISIT,LOCATION_CONFIRMED_OR_RELIABLE: a failed visit is informative
AD002179,0.977,0.977,21.6,high,0,CONFIRMED_BY_FIELD_VISIT,LOCATION_CONFIRMED_OR_RELIABLE: a failed visit is informative
AD002180,0.977,0.977,15.3,high,0,CONFIRMED_BY_FIELD_VISIT,LOCATION_CONFIRMED_OR_RELIABLE: a failed visit is informative
AD002181,0.977,0.977,17.9,high,0,CONFIRMED_BY_FIELD_VISIT,LOCATION_CONFIRMED_OR_RELIABLE: a failed visit is informative
AD002182,0.778,0.95,157.2,medium,0,INFERRED_FROM_STREET_NEIGHBOURS,LOCATION_APPROXIMATE: a failed visit is weak evidence; retry with directions
AD002183,0.306,0.717,454.3,low,1,INFERRED_FROM_LANDMARK,LOCATION_UNRESOLVED: do not treat a failed visit here as evidence the address is invalid
AD002184,0.977,0.977,17.0,high,0,CONFIRMED_BY_FIELD_VISIT,LOCATION_CONFIRMED_OR_RELIABLE: a failed visit is informative
AD002185,0.522,0.883,279.5,medium,0,INFERRED_FROM_STREET_NEIGHBOURS,LOCATION_APPROXIMATE: a failed visit is weak evidence; retry with directions
AD002186,0.324,0.738,437.0,low,1,INFERRED_FROM_STREET_NEIGHBOURS,LOCATION_UNRESOLVED: do not treat a failed visit here as evidence the address is invalid
AD002187,0.614,0.914,210.4,medium,0,LOCALITY_LEVEL_ONLY,LOCATION_APPROXIMATE: a failed visit is weak evidence; retry with directions
AD002188,0.977,0.977,37.9,high,0,CONFIRMED_BY_FIELD_VISIT,LOCATION_CONFIRMED_OR_RELIABLE: a failed visit is informative
AD002189,0.977,0.977,25.1,high,0,CONFIRMED_BY_FIELD_VISIT,LOCATION_CONFIRMED_OR_RELIABLE: a failed visit is informative
AD002190,0.034,0.143,1779.0,low,1,LOCALITY_LEVEL_ONLY,LOCATION_UNRESOLVED: do not treat a failed visit here as evidence the address is invalid
AD002191,0.887,0.966,109.2,medium,0,INFERRED_FROM_STREET_NEIGHBOURS,LOCATION_APPROXIMATE: a failed visit is weak evidence; retry with directions
AD002192,0.031,0.14,1797.7,low,1,LOCALITY_LEVEL_ONLY,LOCATION_UNRESOLVED: do not treat a failed visit here as evidence the address is invalid
AD002193,0.404,0.809,359.5,low,1,INFERRED_FROM_STREET_NEIGHBOURS,LOCATION_UNRESOLVED: do not treat a failed visit here as evidence the address is invalid
AD002194,0.977,0.977,21.3,high,0,CONFIRMED_BY_FIELD_VISIT,LOCATION_CONFIRMED_OR_RELIABLE: a failed visit is informative
AD002195,0.0,0.031,1643.8,low,1,NO_LOCALITY_IN_TEXT|OLD_GEOCODER_AT_PINCODE_CENTRE,LOCATION_UNRESOLVED: do not treat a failed visit here as evidence the address is invalid
AD002196,0.977,0.977,30.6,high,0,CONFIRMED_BY_FIELD_VISIT,LOCATION_CONFIRMED_OR_RELIABLE: a failed visit is informative
AD002197,0.977,0.977,18.8,high,0,CONFIRMED_BY_FIELD_VISIT,LOCATION_CONFIRMED_OR_RELIABLE: a failed visit is informative
AD002198,0.864,0.95,119.9,medium,0,INFERRED_FROM_STREET_NEIGHBOURS,LOCATION_APPROXIMATE: a failed visit is weak evidence; retry with directions
AD002199,0.0,0.031,1957.7,low,1,NO_LOCALITY_IN_TEXT|OLD_GEOCODER_AT_PINCODE_CENTRE,LOCATION_UNRESOLVED: do not treat a failed visit here as evidence the address is invalid
AD002200,0.659,0.923,196.3,medium,0,INFERRED_FROM_STREET_NEIGHBOURS,LOCATION_APPROXIMATE: a failed visit is weak evidence; retry with directions
AD002201,0.368,0.776,396.0,low,1,INFERRED_FROM_STREET_NEIGHBOURS,LOCATION_UNRESOLVED: do not treat a failed visit here as evidence the address is invalid
AD002202,0.322,0.735,438.4,low,1,INFERRED_FROM_STREET_NEIGHBOURS,LOCATION_UNRESOLVED: do not treat a failed visit here as evidence the address is invalid
AD002204,0.664,0.933,200.2,medium,0,INFERRED_FROM_STREET_NEIGHBOURS,LOCATION_APPROXIMATE: a failed visit is weak evidence; retry with directions
AD002205,0.034,0.146,1766.0,low,1,LOCALITY_LEVEL_ONLY,LOCATION_UNRESOLVED: do not treat a failed visit here as evidence the address is invalid
AD002206,0.977,0.977,21.4,high,0,CONFIRMED_BY_FIELD_VISIT,LOCATION_CONFIRMED_OR_RELIABLE: a failed visit is informative
AD002207,0.145,0.53,699.1,low,1,INFERRED_FROM_STREET_NEIGHBOURS|OLD_GEOCODER_AT_PINCODE_CENTRE,LOCATION_UNRESOLVED: do not treat a failed visit here as evidence the address is invalid
AD002209,0.977,0.977,17.5,high,0,CONFIRMED_BY_FIELD_VISIT,LOCATION_CONFIRMED_OR_RELIABLE: a failed visit is informative
AD002210,0.977,0.977,19.7,high,0,CONFIRMED_BY_FIELD_VISIT,LOCATION_CONFIRMED_OR_RELIABLE: a failed visit is informative
AD002211,0.0,0.031,1822.5,low,1,NO_LOCALITY_IN_TEXT|OLD_GEOCODER_AT_PINCODE_CENTRE,LOCATION_UNRESOLVED: do not treat a failed visit here as evidence the address is invalid
AD002212,0.453,0.842,324.9,low,1,INFERRED_FROM_STREET_NEIGHBOURS,LOCATION_UNRESOLVED: do not treat a failed visit here as evidence the address is invalid
AD002213,0.977,0.977,27.4,high,0,CONFIRMED_BY_FIELD_VISIT,LOCATION_CONFIRMED_OR_RELIABLE: a failed visit is informative
AD002214,0.243,0.643,527.4,low,1,INFERRED_FROM_LANDMARK,LOCATION_UNRESOLVED: do not treat a failed visit here as evidence the address is invalid
AD002215,0.568,0.932,210.2,medium,0,CONFIRMED_BY_FIELD_VISIT,LOCATION_APPROXIMATE: a failed visit is weak evidence; retry with directions
AD002216,0.627,0.918,206.2,medium,0,INFERRED_FROM_STREET_NEIGHBOURS,LOCATION_APPROXIMATE: a failed visit is weak evidence; retry with directions
AD002217,0.955,0.977,50.5,high,0,CONFIRMED_BY_FIELD_VISIT,LOCATION_CONFIRMED_OR_RELIABLE: a failed visit is informative
AD002218,0.977,0.977,17.9,high,0,CONFIRMED_BY_FIELD_VISIT,LOCATION_CONFIRMED_OR_RELIABLE: a failed visit is informative
AD002220,0.977,0.977,17.9,high,0,CONFIRMED_BY_FIELD_VISIT,LOCATION_CONFIRMED_OR_RELIABLE: a failed visit is informative
AD002221,0.661,0.93,202.9,medium,0,INFERRED_FROM_STREET_NEIGHBOURS,LOCATION_APPROXIMATE: a failed visit is weak evidence; retry with directions
AD002222,0.0,0.031,1701.4,low,1,NO_LOCALITY_IN_TEXT|OLD_GEOCODER_AT_PINCODE_CENTRE,LOCATION_UNRESOLVED: do not treat a failed visit here as evidence the address is invalid
AD002223,0.766,0.95,160.7,medium,0,INFERRED_FROM_STREET_NEIGHBOURS,LOCATION_APPROXIMATE: a failed visit is weak evidence; retry with directions
AD002224,0.977,0.977,23.8,high,0,CONFIRMED_BY_FIELD_VISIT,LOCATION_CONFIRMED_OR_RELIABLE: a failed visit is informative
AD002225,0.818,0.955,111.2,medium,0,CONFIRMED_BY_FIELD_VISIT,LOCATION_APPROXIMATE: a failed visit is weak evidence; retry with directions
AD002226,0.378,0.785,387.5,low,1,INFERRED_FROM_STREET_NEIGHBOURS,LOCATION_UNRESOLVED: do not treat a failed visit here as evidence the address is invalid
AD002227,0.334,0.746,426.9,low,1,INFERRED_FROM_STREET_NEIGHBOURS,LOCATION_UNRESOLVED: do not treat a failed visit here as evidence the address is invalid
AD002228,0.306,0.717,453.7,low,1,INFERRED_FROM_STREET_NEIGHBOURS,LOCATION_UNRESOLVED: do not treat a failed visit here as evidence the address is invalid
AD002229,0.977,0.977,19.6,high,0,CONFIRMED_BY_FIELD_VISIT,LOCATION_CONFIRMED_OR_RELIABLE: a failed visit is informative
AD002230,0.977,0.977,16.5,high,0,CONFIRMED_BY_FIELD_VISIT,LOCATION_CONFIRMED_OR_RELIABLE: a failed visit is informative
AD002231,0.977,0.977,15.3,high,0,CONFIRMED_BY_FIELD_VISIT,LOCATION_CONFIRMED_OR_RELIABLE: a failed visit is informative
AD002232,0.695,0.923,188.0,medium,0,INFERRED_FROM_STREET_NEIGHBOURS,LOCATION_APPROXIMATE: a failed visit is weak evidence; retry with directions
AD002233,0.977,0.977,31.7,high,0,CONFIRMED_BY_FIELD_VISIT,LOCATION_CONFIRMED_OR_RELIABLE: a failed visit is informative
AD002234,0.932,0.977,93.7,medium,0,CONFIRMED_BY_FIELD_VISIT,LOCATION_APPROXIMATE: a failed visit is weak evidence; retry with directions
AD002235,0.445,0.873,276.8,medium,0,INFERRED_FROM_STREET_NEIGHBOURS,LOCATION_APPROXIMATE: a failed visit is weak evidence; retry with directions
AD002236,0.361,0.766,402.7,low,1,INFERRED_FROM_STREET_NEIGHBOURS,LOCATION_UNRESOLVED: do not treat a failed visit here as evidence the address is invalid
AD002237,0.977,0.977,23.8,high,0,CONFIRMED_BY_FIELD_VISIT,LOCATION_CONFIRMED_OR_RELIABLE: a failed visit is informative
AD002238,0.164,0.553,656.0,low,1,INFERRED_FROM_LANDMARK,LOCATION_UNRESOLVED: do not treat a failed visit here as evidence the address is invalid
AD002239,0.0,0.031,1909.6,low,1,NO_LOCALITY_IN_TEXT|OLD_GEOCODER_AT_PINCODE_CENTRE,LOCATION_UNRESOLVED: do not treat a failed visit here as evidence the address is invalid
AD002240,0.977,0.977,20.8,high,0,CONFIRMED_BY_FIELD_VISIT,LOCATION_CONFIRMED_OR_RELIABLE: a failed visit is informative
AD002241,0.868,0.959,112.2,medium,0,INFERRED_FROM_STREET_NEIGHBOURS,LOCATION_APPROXIMATE: a failed visit is weak evidence; retry with directions
AD002242,0.302,0.706,463.4,low,1,INFERRED_FROM_LANDMARK,LOCATION_UNRESOLVED: do not treat a failed visit here as evidence the address is invalid
AD002243,0.359,0.763,406.2,low,1,INFERRED_FROM_STREET_NEIGHBOURS,LOCATION_UNRESOLVED: do not treat a failed visit here as evidence the address is invalid
AD002244,0.977,0.977,23.5,high,0,CONFIRMED_BY_FIELD_VISIT,LOCATION_CONFIRMED_OR_RELIABLE: a failed visit is informative
AD002245,0.977,0.977,34.0,high,0,CONFIRMED_BY_FIELD_VISIT,LOCATION_CONFIRMED_OR_RELIABLE: a failed visit is informative
AD002246,0.977,0.977,9.1,high,0,CONFIRMED_BY_FIELD_VISIT,LOCATION_CONFIRMED_OR_RELIABLE: a failed visit is informative
AD002247,0.977,0.977,23.8,high,0,CONFIRMED_BY_FIELD_VISIT,LOCATION_CONFIRMED_OR_RELIABLE: a failed visit is informative
AD002248,0.0,0.0,3381.7,low,1,NO_LOCALITY_IN_TEXT|OLD_GEOCODER_AT_PINCODE_CENTRE,LOCATION_UNRESOLVED: do not treat a failed visit here as evidence the address is invalid
AD002249,0.028,0.133,1822.7,low,1,LOCALITY_LEVEL_ONLY,LOCATION_UNRESOLVED: do not treat a failed visit here as evidence the address is invalid
AD002250,0.233,0.628,547.2,low,1,INFERRED_FROM_LANDMARK,LOCATION_UNRESOLVED: do not treat a failed visit here as evidence the address is invalid
AD002251,0.977,0.977,16.9,high,0,CONFIRMED_BY_FIELD_VISIT,LOCATION_CONFIRMED_OR_RELIABLE: a failed visit is informative
AD002252,0.977,0.977,34.3,high,0,CONFIRMED_BY_FIELD_VISIT,LOCATION_CONFIRMED_OR_RELIABLE: a failed visit is informative
AD002253,0.977,0.977,26.8,high,0,CONFIRMED_BY_FIELD_VISIT,LOCATION_CONFIRMED_OR_RELIABLE: a failed visit is informative
AD002254,0.977,0.977,25.0,high,0,CONFIRMED_BY_FIELD_VISIT,LOCATION_CONFIRMED_OR_RELIABLE: a failed visit is informative
AD002255,0.374,0.783,390.8,low,1,INFERRED_FROM_STREET_NEIGHBOURS,LOCATION_UNRESOLVED: do not treat a failed visit here as evidence the address is invalid
AD002256,0.392,0.798,373.9,low,1,INFERRED_FROM_STREET_NEIGHBOURS,LOCATION_UNRESOLVED: do not treat a failed visit here as evidence the address is invalid
AD002257,0.977,0.977,16.1,high,0,CONFIRMED_BY_FIELD_VISIT,LOCATION_CONFIRMED_OR_RELIABLE: a failed visit is informative
AD002258,0.591,0.909,220.8,medium,0,INFERRED_FROM_STREET_NEIGHBOURS,LOCATION_APPROXIMATE: a failed visit is weak evidence; retry with directions
AD002259,0.059,0.238,1350.0,low,1,INFERRED_FROM_STREET_NEIGHBOURS,LOCATION_UNRESOLVED: do not treat a failed visit here as evidence the address is invalid
AD002260,0.977,0.977,24.6,high,0,CONFIRMED_BY_FIELD_VISIT,LOCATION_CONFIRMED_OR_RELIABLE: a failed visit is informative
AD002261,0.977,0.977,24.0,high,0,CONFIRMED_BY_FIELD_VISIT,LOCATION_CONFIRMED_OR_RELIABLE: a failed visit is informative
AD002262,0.953,0.977,66.1,medium,0,CONFIRMED_BY_FIELD_VISIT,LOCATION_APPROXIMATE: a failed visit is weak evidence; retry with directions
AD002263,0.977,0.977,18.4,high,0,CONFIRMED_BY_FIELD_VISIT,LOCATION_CONFIRMED_OR_RELIABLE: a failed visit is informative
AD002264,0.955,0.977,46.7,high,0,CONFIRMED_BY_FIELD_VISIT,LOCATION_CONFIRMED_OR_RELIABLE: a failed visit is informative
AD002265,0.977,0.977,25.7,high,0,CONFIRMED_BY_FIELD_VISIT,LOCATION_CONFIRMED_OR_RELIABLE: a failed visit is informative
AD002266,0.028,0.132,1836.0,low,1,LOCALITY_LEVEL_ONLY,LOCATION_UNRESOLVED: do not treat a failed visit here as evidence the address is invalid
AD002267,0.35,0.756,413.6,low,1,INFERRED_FROM_STREET_NEIGHBOURS,LOCATION_UNRESOLVED: do not treat a failed visit here as evidence the address is invalid
AD002269,0.107,0.439,840.6,low,1,INFERRED_FROM_LANDMARK,LOCATION_UNRESOLVED: do not treat a failed visit here as evidence the address is invalid
AD002270,0.977,0.977,31.5,high,0,CONFIRMED_BY_FIELD_VISIT,LOCATION_CONFIRMED_OR_RELIABLE: a failed visit is informative
AD002271,0.348,0.751,418.3,low,1,INFERRED_FROM_STREET_NEIGHBOURS,LOCATION_UNRESOLVED: do not treat a failed visit here as evidence the address is invalid
AD002272,0.348,0.752,417.9,low,1,INFERRED_FROM_STREET_NEIGHBOURS,LOCATION_UNRESOLVED: do not treat a failed visit here as evidence the address is invalid
AD002273,0.378,0.785,387.2,low,1,INFERRED_FROM_STREET_NEIGHBOURS,LOCATION_UNRESOLVED: do not treat a failed visit here as evidence the address is invalid
AD002274,0.605,0.909,214.5,medium,0,INFERRED_FROM_STREET_NEIGHBOURS,LOCATION_APPROXIMATE: a failed visit is weak evidence; retry with directions
AD002275,0.405,0.812,358.0,low,1,INFERRED_FROM_STREET_NEIGHBOURS,LOCATION_UNRESOLVED: do not treat a failed visit here as evidence the address is invalid
AD002276,0.8,0.952,147.4,medium,0,INFERRED_FROM_STREET_NEIGHBOURS,LOCATION_APPROXIMATE: a failed visit is weak evidence; retry with directions
AD002277,0.977,0.977,16.3,high,0,CONFIRMED_BY_FIELD_VISIT,LOCATION_CONFIRMED_OR_RELIABLE: a failed visit is informative
AD002278,0.057,0.233,1367.0,low,1,INFERRED_FROM_STREET_NEIGHBOURS,LOCATION_UNRESOLVED: do not treat a failed visit here as evidence the address is invalid
AD002279,0.8,0.945,147.9,medium,0,INFERRED_FROM_STREET_NEIGHBOURS,LOCATION_APPROXIMATE: a failed visit is weak evidence; retry with directions
AD002280,0.859,0.962,119.5,medium,0,INFERRED_FROM_STREET_NEIGHBOURS,LOCATION_APPROXIMATE: a failed visit is weak evidence; retry with directions
AD002281,0.977,0.977,41.0,high,0,CONFIRMED_BY_FIELD_VISIT,LOCATION_CONFIRMED_OR_RELIABLE: a failed visit is informative
AD002282,0.033,0.142,1785.3,low,1,LOCALITY_LEVEL_ONLY,LOCATION_UNRESOLVED: do not treat a failed visit here as evidence the address is invalid
AD002283,0.766,0.95,160.9,medium,0,INFERRED_FROM_STREET_NEIGHBOURS,LOCATION_APPROXIMATE: a failed visit is weak evidence; retry with directions
AD002284,0.977,0.977,24.2,high,0,CONFIRMED_BY_FIELD_VISIT,LOCATION_CONFIRMED_OR_RELIABLE: a failed visit is informative
AD002286,0.221,0.62,561.0,low,1,INFERRED_FROM_LANDMARK,LOCATION_UNRESOLVED: do not treat a failed visit here as evidence the address is invalid
AD002287,0.977,0.977,18.9,high,0,CONFIRMED_BY_FIELD_VISIT,LOCATION_CONFIRMED_OR_RELIABLE: a failed visit is informative
AD002288,0.0,0.031,1919.6,low,1,NO_LOCALITY_IN_TEXT|OLD_GEOCODER_AT_PINCODE_CENTRE,LOCATION_UNRESOLVED: do not treat a failed visit here as evidence the address is invalid
AD002289,0.806,0.952,145.2,medium,0,INFERRED_FROM_STREET_NEIGHBOURS,LOCATION_APPROXIMATE: a failed visit is weak evidence; retry with directions
AD002291,0.595,0.909,215.6,medium,0,INFERRED_FROM_STREET_NEIGHBOURS,LOCATION_APPROXIMATE: a failed visit is weak evidence; retry with directions
AD002292,0.982,0.993,30.5,high,0,LOCALITY_LEVEL_ONLY,LOCATION_CONFIRMED_OR_RELIABLE: a failed visit is informative
AD002293,0.745,0.923,167.3,medium,0,INFERRED_FROM_STREET_NEIGHBOURS,LOCATION_APPROXIMATE: a failed visit is weak evidence; retry with directions
AD002294,0.977,0.977,23.3,high,0,CONFIRMED_BY_FIELD_VISIT,LOCATION_CONFIRMED_OR_RELIABLE: a failed visit is informative
AD002295,0.0,0.02,2272.3,low,1,NO_LOCALITY_IN_TEXT|OLD_GEOCODER_AT_PINCODE_CENTRE,LOCATION_UNRESOLVED: do not treat a failed visit here as evidence the address is invalid
AD002296,0.034,0.146,1766.9,low,1,LOCALITY_LEVEL_ONLY,LOCATION_UNRESOLVED: do not treat a failed visit here as evidence the address is invalid
AD002297,0.189,0.6,589.4,low,1,INFERRED_FROM_STREET_NEIGHBOURS,LOCATION_UNRESOLVED: do not treat a failed visit here as evidence the address is invalid
AD002298,0.977,0.977,18.3,high,0,CONFIRMED_BY_FIELD_VISIT,LOCATION_CONFIRMED_OR_RELIABLE: a failed visit is informative
AD002299,0.977,0.977,16.8,high,0,CONFIRMED_BY_FIELD_VISIT,LOCATION_CONFIRMED_OR_RELIABLE: a failed visit is informative
AD002300,0.374,0.783,390.8,low,1,INFERRED_FROM_STREET_NEIGHBOURS,LOCATION_UNRESOLVED: do not treat a failed visit here as evidence the address is invalid
AD002301,0.459,0.849,316.9,low,1,INFERRED_FROM_STREET_NEIGHBOURS,LOCATION_UNRESOLVED: do not treat a failed visit here as evidence the address is invalid
AD002302,0.977,0.977,16.8,high,0,CONFIRMED_BY_FIELD_VISIT,LOCATION_CONFIRMED_OR_RELIABLE: a failed visit is informative
AD002303,0.0,0.031,1661.5,low,1,NO_LOCALITY_IN_TEXT|OLD_GEOCODER_AT_PINCODE_CENTRE,LOCATION_UNRESOLVED: do not treat a failed visit here as evidence the address is invalid
AD002304,0.818,0.955,121.9,medium,0,CONFIRMED_BY_FIELD_VISIT,LOCATION_APPROXIMATE: a failed visit is weak evidence; retry with directions
AD002305,0.977,0.977,24.3,high,0,CONFIRMED_BY_FIELD_VISIT,LOCATION_CONFIRMED_OR_RELIABLE: a failed visit is informative
AD002306,0.977,0.977,33.1,high,0,CONFIRMED_BY_FIELD_VISIT,LOCATION_CONFIRMED_OR_RELIABLE: a failed visit is informative
AD002307,0.977,0.977,23.5,high,0,CONFIRMED_BY_FIELD_VISIT,LOCATION_CONFIRMED_OR_RELIABLE: a failed visit is informative
AD002308,0.955,0.977,67.3,medium,0,CONFIRMED_BY_FIELD_VISIT,LOCATION_APPROXIMATE: a failed visit is weak evidence; retry with directions
AD002309,0.0,0.02,2296.8,low,1,NO_LOCALITY_IN_TEXT|OLD_GEOCODER_AT_PINCODE_CENTRE,LOCATION_UNRESOLVED: do not treat a failed visit here as evidence the address is invalid
AD002310,0.842,0.956,129.6,medium,0,INFERRED_FROM_STREET_NEIGHBOURS,LOCATION_APPROXIMATE: a failed visit is weak evidence; retry with directions
AD002311,0.034,0.143,1777.2,low,1,LOCALITY_LEVEL_ONLY,LOCATION_UNRESOLVED: do not treat a failed visit here as evidence the address is invalid
AD002312,0.451,0.832,329.5,low,1,INFERRED_FROM_STREET_NEIGHBOURS,LOCATION_UNRESOLVED: do not treat a failed visit here as evidence the address is invalid
AD002314,0.358,0.763,406.7,low,1,INFERRED_FROM_STREET_NEIGHBOURS,LOCATION_UNRESOLVED: do not treat a failed visit here as evidence the address is invalid
AD002315,0.904,0.972,98.3,medium,0,INFERRED_FROM_STREET_NEIGHBOURS,LOCATION_APPROXIMATE: a failed visit is weak evidence; retry with directions
AD002316,0.033,0.142,1786.0,low,1,LOCALITY_LEVEL_ONLY,LOCATION_UNRESOLVED: do not treat a failed visit here as evidence the address is invalid
AD002317,0.955,0.977,42.5,high,0,CONFIRMED_BY_FIELD_VISIT,LOCATION_CONFIRMED_OR_RELIABLE: a failed visit is informative
AD002318,0.682,0.923,191.0,medium,0,INFERRED_FROM_STREET_NEIGHBOURS,LOCATION_APPROXIMATE: a failed visit is weak evidence; retry with directions
AD002319,0.883,0.965,111.7,medium,0,INFERRED_FROM_STREET_NEIGHBOURS,LOCATION_APPROXIMATE: a failed visit is weak evidence; retry with directions
AD002321,0.955,0.977,78.1,medium,0,CONFIRMED_BY_FIELD_VISIT,LOCATION_APPROXIMATE: a failed visit is weak evidence; retry with directions
AD002322,0.304,0.716,456.4,low,1,INFERRED_FROM_LANDMARK,LOCATION_UNRESOLVED: do not treat a failed visit here as evidence the address is invalid
AD002323,0.0,0.051,1568.6,low,1,NO_LOCALITY_IN_TEXT|OLD_GEOCODER_AT_PINCODE_CENTRE,LOCATION_UNRESOLVED: do not treat a failed visit here as evidence the address is invalid
AD002324,0.378,0.785,387.7,low,1,INFERRED_FROM_STREET_NEIGHBOURS,LOCATION_UNRESOLVED: do not treat a failed visit here as evidence the address is invalid
AD002325,0.388,0.793,377.9,low,1,INFERRED_FROM_STREET_NEIGHBOURS,LOCATION_UNRESOLVED: do not treat a failed visit here as evidence the address is invalid
AD002327,0.0,0.031,1821.8,low,1,NO_LOCALITY_IN_TEXT|OLD_GEOCODER_AT_PINCODE_CENTRE,LOCATION_UNRESOLVED: do not treat a failed visit here as evidence the address is invalid
AD002328,0.672,0.936,196.4,medium,0,INFERRED_FROM_STREET_NEIGHBOURS,LOCATION_APPROXIMATE: a failed visit is weak evidence; retry with directions
AD002330,0.396,0.805,366.3,low,1,INFERRED_FROM_STREET_NEIGHBOURS,LOCATION_UNRESOLVED: do not treat a failed visit here as evidence the address is invalid
AD002332,0.977,0.977,27.1,high,0,CONFIRMED_BY_FIELD_VISIT,LOCATION_CONFIRMED_OR_RELIABLE: a failed visit is informative
AD002333,0.977,0.977,35.2,high,0,CONFIRMED_BY_FIELD_VISIT,LOCATION_CONFIRMED_OR_RELIABLE: a failed visit is informative
AD002334,0.977,0.977,18.1,high,0,CONFIRMED_BY_FIELD_VISIT,LOCATION_CONFIRMED_OR_RELIABLE: a failed visit is informative
AD002335,0.059,0.261,1277.9,low,1,INFERRED_FROM_STREET_NEIGHBOURS,LOCATION_UNRESOLVED: do not treat a failed visit here as evidence the address is invalid
AD002336,0.977,0.977,19.0,high,0,CONFIRMED_BY_FIELD_VISIT,LOCATION_CONFIRMED_OR_RELIABLE: a failed visit is informative
AD002337,0.981,0.993,31.6,high,0,LOCALITY_LEVEL_ONLY,LOCATION_CONFIRMED_OR_RELIABLE: a failed visit is informative
AD002339,0.977,0.977,17.7,high,0,CONFIRMED_BY_FIELD_VISIT,LOCATION_CONFIRMED_OR_RELIABLE: a failed visit is informative
AD002340,0.0,0.031,1871.7,low,1,NO_LOCALITY_IN_TEXT|OLD_GEOCODER_AT_PINCODE_CENTRE,LOCATION_UNRESOLVED: do not treat a failed visit here as evidence the address is invalid
AD002341,0.955,0.977,43.8,high,0,CONFIRMED_BY_FIELD_VISIT,LOCATION_CONFIRMED_OR_RELIABLE: a failed visit is informative
AD002342,0.185,0.589,605.9,low,1,INFERRED_FROM_LANDMARK,LOCATION_UNRESOLVED: do not treat a failed visit here as evidence the address is invalid
AD002343,0.0,0.031,1876.2,low,1,NO_LOCALITY_IN_TEXT|OLD_GEOCODER_AT_PINCODE_CENTRE,LOCATION_UNRESOLVED: do not treat a failed visit here as evidence the address is invalid
AD002344,0.0,0.061,1410.5,low,1,NO_LOCALITY_IN_TEXT|OLD_GEOCODER_AT_PINCODE_CENTRE,LOCATION_UNRESOLVED: do not treat a failed visit here as evidence the address is invalid
AD002345,0.173,0.568,634.2,low,1,INFERRED_FROM_STREET_NEIGHBOURS,LOCATION_UNRESOLVED: do not treat a failed visit here as evidence the address is invalid
AD002346,0.832,0.954,132.1,medium,0,INFERRED_FROM_STREET_NEIGHBOURS,LOCATION_APPROXIMATE: a failed visit is weak evidence; retry with directions
AD002347,0.434,0.826,344.1,low,1,INFERRED_FROM_STREET_NEIGHBOURS,LOCATION_UNRESOLVED: do not treat a failed visit here as evidence the address is invalid
AD002348,0.891,0.973,103.3,medium,0,INFERRED_FROM_STREET_NEIGHBOURS,LOCATION_APPROXIMATE: a failed visit is weak evidence; retry with directions
AD002349,0.686,0.923,189.0,medium,0,INFERRED_FROM_STREET_NEIGHBOURS,LOCATION_APPROXIMATE: a failed visit is weak evidence; retry with directions
AD002350,0.103,0.426,870.1,low,1,INFERRED_FROM_LANDMARK,LOCATION_UNRESOLVED: do not treat a failed visit here as evidence the address is invalid
AD002351,0.424,0.822,350.1,low,1,INFERRED_FROM_STREET_NEIGHBOURS,LOCATION_UNRESOLVED: do not treat a failed visit here as evidence the address is invalid
AD002352,0.977,0.977,15.3,high,0,CONFIRMED_BY_FIELD_VISIT,LOCATION_CONFIRMED_OR_RELIABLE: a failed visit is informative
AD002353,0.977,0.977,18.2,high,0,CONFIRMED_BY_FIELD_VISIT,LOCATION_CONFIRMED_OR_RELIABLE: a failed visit is informative
AD002354,0.302,0.706,462.6,low,1,INFERRED_FROM_LANDMARK,LOCATION_UNRESOLVED: do not treat a failed visit here as evidence the address is invalid
AD002355,0.862,0.962,118.0,medium,0,INFERRED_FROM_STREET_NEIGHBOURS,LOCATION_APPROXIMATE: a failed visit is weak evidence; retry with directions
AD002356,0.0,0.031,1710.1,low,1,NO_LOCALITY_IN_TEXT|OLD_GEOCODER_AT_PINCODE_CENTRE,LOCATION_UNRESOLVED: do not treat a failed visit here as evidence the address is invalid
AD002357,0.955,0.977,46.1,high,0,CONFIRMED_BY_FIELD_VISIT,LOCATION_CONFIRMED_OR_RELIABLE: a failed visit is informative
AD002358,0.0,0.02,2268.8,low,1,NO_LOCALITY_IN_TEXT|OLD_GEOCODER_AT_PINCODE_CENTRE,LOCATION_UNRESOLVED: do not treat a failed visit here as evidence the address is invalid
AD002359,0.955,0.977,44.3,high,0,CONFIRMED_BY_FIELD_VISIT,LOCATION_CONFIRMED_OR_RELIABLE: a failed visit is informative
AD002360,0.361,0.766,404.4,low,1,INFERRED_FROM_STREET_NEIGHBOURS,LOCATION_UNRESOLVED: do not treat a failed visit here as evidence the address is invalid
AD002361,0.308,0.72,450.9,low,1,INFERRED_FROM_STREET_NEIGHBOURS,LOCATION_UNRESOLVED: do not treat a failed visit here as evidence the address is invalid
AD002362,0.955,0.977,55.6,high,0,CONFIRMED_BY_FIELD_VISIT,LOCATION_CONFIRMED_OR_RELIABLE: a failed visit is informative
AD002363,0.7,0.939,188.0,medium,0,INFERRED_FROM_STREET_NEIGHBOURS,LOCATION_APPROXIMATE: a failed visit is weak evidence; retry with directions
AD002364,0.202,0.605,579.5,low,1,INFERRED_FROM_STREET_NEIGHBOURS,LOCATION_UNRESOLVED: do not treat a failed visit here as evidence the address is invalid
AD002365,0.718,0.923,180.5,medium,0,INFERRED_FROM_STREET_NEIGHBOURS,LOCATION_APPROXIMATE: a failed visit is weak evidence; retry with directions
AD002366,0.028,0.133,1826.7,low,1,LOCALITY_LEVEL_ONLY,LOCATION_UNRESOLVED: do not treat a failed visit here as evidence the address is invalid
AD002367,0.977,0.977,27.5,high,0,CONFIRMED_BY_FIELD_VISIT,LOCATION_CONFIRMED_OR_RELIABLE: a failed visit is informative
AD002368,0.755,0.927,163.4,medium,0,INFERRED_FROM_STREET_NEIGHBOURS,LOCATION_APPROXIMATE: a failed visit is weak evidence; retry with directions
AD002369,0.284,0.678,486.0,low,1,INFERRED_FROM_STREET_NEIGHBOURS,LOCATION_UNRESOLVED: do not treat a failed visit here as evidence the address is invalid
AD002370,0.414,0.864,288.5,medium,0,INFERRED_FROM_STREET_NEIGHBOURS,LOCATION_APPROXIMATE: a failed visit is weak evidence; retry with directions
AD002371,0.38,0.787,383.0,low,1,INFERRED_FROM_STREET_NEIGHBOURS,LOCATION_UNRESOLVED: do not treat a failed visit here as evidence the address is invalid
AD002372,0.977,0.977,17.5,high,0,CONFIRMED_BY_FIELD_VISIT,LOCATION_CONFIRMED_OR_RELIABLE: a failed visit is informative
AD002373,0.577,0.909,228.5,medium,0,INFERRED_FROM_STREET_NEIGHBOURS,LOCATION_APPROXIMATE: a failed visit is weak evidence; retry with directions
AD002374,0.873,0.968,109.8,medium,0,INFERRED_FROM_STREET_NEIGHBOURS,LOCATION_APPROXIMATE: a failed visit is weak evidence; retry with directions
AD002375,0.605,0.914,213.4,medium,0,LOCALITY_LEVEL_ONLY,LOCATION_APPROXIMATE: a failed visit is weak evidence; retry with directions
AD002376,0.288,0.686,479.3,low,1,INFERRED_FROM_LANDMARK,LOCATION_UNRESOLVED: do not treat a failed visit here as evidence the address is invalid
AD002377,0.185,0.592,601.7,low,1,INFERRED_FROM_LANDMARK,LOCATION_UNRESOLVED: do not treat a failed visit here as evidence the address is invalid
AD002378,0.845,0.956,127.7,medium,0,INFERRED_FROM_STREET_NEIGHBOURS,LOCATION_APPROXIMATE: a failed visit is weak evidence; retry with directions
AD002380,0.977,0.977,18.4,high,0,CONFIRMED_BY_FIELD_VISIT,LOCATION_CONFIRMED_OR_RELIABLE: a failed visit is informative
AD002381,0.732,0.923,175.1,medium,0,INFERRED_FROM_STREET_NEIGHBOURS,LOCATION_APPROXIMATE: a failed visit is weak evidence; retry with directions
AD002382,0.605,0.914,213.6,medium,0,INFERRED_FROM_STREET_NEIGHBOURS,LOCATION_APPROXIMATE: a failed visit is weak evidence; retry with directions
AD002383,0.045,0.176,1558.0,low,1,INFERRED_FROM_LANDMARK,LOCATION_UNRESOLVED: do not treat a failed visit here as evidence the address is invalid
AD002384,0.354,0.759,411.4,low,1,INFERRED_FROM_STREET_NEIGHBOURS,LOCATION_UNRESOLVED: do not treat a failed visit here as evidence the address is invalid
AD002385,0.371,0.777,394.7,low,1,INFERRED_FROM_STREET_NEIGHBOURS,LOCATION_UNRESOLVED: do not treat a failed visit here as evidence the address is invalid
AD002387,0.977,0.977,18.5,high,0,CONFIRMED_BY_FIELD_VISIT,LOCATION_CONFIRMED_OR_RELIABLE: a failed visit is informative
AD002388,0.0,0.031,1805.7,low,1,NO_LOCALITY_IN_TEXT|OLD_GEOCODER_AT_PINCODE_CENTRE,LOCATION_UNRESOLVED: do not treat a failed visit here as evidence the address is invalid
AD002389,0.0,0.061,1399.9,low,1,NO_LOCALITY_IN_TEXT|OLD_GEOCODER_AT_PINCODE_CENTRE,LOCATION_UNRESOLVED: do not treat a failed visit here as evidence the address is invalid
AD002391,0.165,0.557,650.5,low,1,INFERRED_FROM_LANDMARK,LOCATION_UNRESOLVED: do not treat a failed visit here as evidence the address is invalid
AD002392,0.84,0.956,130.1,medium,0,INFERRED_FROM_STREET_NEIGHBOURS,LOCATION_APPROXIMATE: a failed visit is weak evidence; retry with directions
AD002393,0.955,0.977,48.3,high,0,CONFIRMED_BY_FIELD_VISIT,LOCATION_CONFIRMED_OR_RELIABLE: a failed visit is informative
AD002394,0.189,0.598,594.0,low,1,INFERRED_FROM_LANDMARK,LOCATION_UNRESOLVED: do not treat a failed visit here as evidence the address is invalid
AD002395,0.977,0.977,28.9,high,0,CONFIRMED_BY_FIELD_VISIT,LOCATION_CONFIRMED_OR_RELIABLE: a failed visit is informative
AD002396,0.202,0.605,579.4,low,1,INFERRED_FROM_LANDMARK,LOCATION_UNRESOLVED: do not treat a failed visit here as evidence the address is invalid
AD002397,0.189,0.598,593.3,low,1,INFERRED_FROM_LANDMARK,LOCATION_UNRESOLVED: do not treat a failed visit here as evidence the address is invalid
AD002398,0.977,0.977,17.3,high,0,CONFIRMED_BY_FIELD_VISIT,LOCATION_CONFIRMED_OR_RELIABLE: a failed visit is informative
AD002399,0.614,0.914,208.3,medium,0,LOCALITY_LEVEL_ONLY,LOCATION_APPROXIMATE: a failed visit is weak evidence; retry with directions
AD002400,0.559,0.895,258.5,medium,0,INFERRED_FROM_STREET_NEIGHBOURS,LOCATION_APPROXIMATE: a failed visit is weak evidence; retry with directions
AD002401,0.955,0.977,75.0,medium,0,CONFIRMED_BY_FIELD_VISIT,LOCATION_APPROXIMATE: a failed visit is weak evidence; retry with directions
AD002402,0.75,0.955,143.2,medium,0,CONFIRMED_BY_FIELD_VISIT,LOCATION_APPROXIMATE: a failed visit is weak evidence; retry with directions
AD002403,0.977,0.977,19.0,high,0,CONFIRMED_BY_FIELD_VISIT,LOCATION_CONFIRMED_OR_RELIABLE: a failed visit is informative
AD002404,0.977,0.977,31.8,high,0,CONFIRMED_BY_FIELD_VISIT,LOCATION_CONFIRMED_OR_RELIABLE: a failed visit is informative
AD002405,0.577,0.909,229.5,medium,0,INFERRED_FROM_LANDMARK,LOCATION_APPROXIMATE: a failed visit is weak evidence; retry with directions
AD002407,0.669,0.936,197.2,medium,0,INFERRED_FROM_STREET_NEIGHBOURS,LOCATION_APPROXIMATE: a failed visit is weak evidence; retry with directions
AD002408,0.577,0.909,226.7,medium,0,INFERRED_FROM_STREET_NEIGHBOURS,LOCATION_APPROXIMATE: a failed visit is weak evidence; retry with directions
AD002410,0.706,0.943,185.3,medium,0,INFERRED_FROM_STREET_NEIGHBOURS,LOCATION_APPROXIMATE: a failed visit is weak evidence; retry with directions
AD002411,0.036,0.146,1760.7,low,1,LOCALITY_LEVEL_ONLY,LOCATION_UNRESOLVED: do not treat a failed visit here as evidence the address is invalid
AD002412,0.955,0.977,45.1,high,0,CONFIRMED_BY_FIELD_VISIT,LOCATION_CONFIRMED_OR_RELIABLE: a failed visit is informative
AD002413,0.955,0.977,52.2,high,0,CONFIRMED_BY_FIELD_VISIT,LOCATION_CONFIRMED_OR_RELIABLE: a failed visit is informative
AD002414,0.977,0.977,31.0,high,0,CONFIRMED_BY_FIELD_VISIT,LOCATION_CONFIRMED_OR_RELIABLE: a failed visit is informative
AD002415,0.955,0.977,47.9,high,0,CONFIRMED_BY_FIELD_VISIT,LOCATION_CONFIRMED_OR_RELIABLE: a failed visit is informative
AD002416,0.604,0.91,234.1,medium,0,INFERRED_FROM_STREET_NEIGHBOURS,LOCATION_APPROXIMATE: a failed visit is weak evidence; retry with directions
AD002417,0.827,0.953,136.4,medium,0,INFERRED_FROM_STREET_NEIGHBOURS,LOCATION_APPROXIMATE: a failed visit is weak evidence; retry with directions
AD002418,0.0,0.031,1936.9,low,1,NO_LOCALITY_IN_TEXT|OLD_GEOCODER_AT_PINCODE_CENTRE,LOCATION_UNRESOLVED: do not treat a failed visit here as evidence the address is invalid
AD002419,0.977,0.977,40.8,high,0,CONFIRMED_BY_FIELD_VISIT,LOCATION_CONFIRMED_OR_RELIABLE: a failed visit is informative
AD002421,0.034,0.143,1778.8,low,1,LOCALITY_LEVEL_ONLY,LOCATION_UNRESOLVED: do not treat a failed visit here as evidence the address is invalid
AD002422,0.147,0.529,686.6,low,1,INFERRED_FROM_LANDMARK,LOCATION_UNRESOLVED: do not treat a failed visit here as evidence the address is invalid
AD002423,0.977,0.977,26.2,high,0,CONFIRMED_BY_FIELD_VISIT,LOCATION_CONFIRMED_OR_RELIABLE: a failed visit is informative
AD002424,0.977,0.977,16.7,high,0,CONFIRMED_BY_FIELD_VISIT,LOCATION_CONFIRMED_OR_RELIABLE: a failed visit is informative
AD002425,0.605,0.914,213.7,medium,0,INFERRED_FROM_LANDMARK,LOCATION_APPROXIMATE: a failed visit is weak evidence; retry with directions
AD002427,0.571,0.897,252.1,medium,0,INFERRED_FROM_STREET_NEIGHBOURS,LOCATION_APPROXIMATE: a failed visit is weak evidence; retry with directions
AD002428,0.27,0.664,501.2,low,1,INFERRED_FROM_LANDMARK,LOCATION_UNRESOLVED: do not treat a failed visit here as evidence the address is invalid
AD002429,0.231,0.627,549.4,low,1,INFERRED_FROM_STREET_NEIGHBOURS,LOCATION_UNRESOLVED: do not treat a failed visit here as evidence the address is invalid
AD002430,0.873,0.959,111.8,medium,0,INFERRED_FROM_STREET_NEIGHBOURS,LOCATION_APPROXIMATE: a failed visit is weak evidence; retry with directions
AD002431,0.977,0.977,23.3,high,0,CONFIRMED_BY_FIELD_VISIT,LOCATION_CONFIRMED_OR_RELIABLE: a failed visit is informative
AD002432,0.718,0.923,180.9,medium,0,INFERRED_FROM_STREET_NEIGHBOURS,LOCATION_APPROXIMATE: a failed visit is weak evidence; retry with directions
AD002433,0.378,0.784,388.1,low,1,INFERRED_FROM_STREET_NEIGHBOURS,LOCATION_UNRESOLVED: do not treat a failed visit here as evidence the address is invalid
AD002434,0.832,0.954,133.7,medium,0,INFERRED_FROM_STREET_NEIGHBOURS,LOCATION_APPROXIMATE: a failed visit is weak evidence; retry with directions
AD002435,0.185,0.592,600.9,low,1,INFERRED_FROM_STREET_NEIGHBOURS,LOCATION_UNRESOLVED: do not treat a failed visit here as evidence the address is invalid
AD002436,0.505,0.9,248.4,medium,0,INFERRED_FROM_STREET_NEIGHBOURS,LOCATION_APPROXIMATE: a failed visit is weak evidence; retry with directions
AD002437,0.479,0.858,301.2,low,1,INFERRED_FROM_STREET_NEIGHBOURS,LOCATION_UNRESOLVED: do not treat a failed visit here as evidence the address is invalid
AD002438,0.247,0.648,523.8,low,1,INFERRED_FROM_LANDMARK,LOCATION_UNRESOLVED: do not treat a failed visit here as evidence the address is invalid
AD002439,0.845,0.956,128.4,medium,0,INFERRED_FROM_STREET_NEIGHBOURS,LOCATION_APPROXIMATE: a failed visit is weak evidence; retry with directions
AD002440,0.977,0.977,21.0,high,0,CONFIRMED_BY_FIELD_VISIT,LOCATION_CONFIRMED_OR_RELIABLE: a failed visit is informative
AD002441,0.977,0.977,21.1,high,0,CONFIRMED_BY_FIELD_VISIT,LOCATION_CONFIRMED_OR_RELIABLE: a failed visit is informative
AD002442,0.807,0.952,144.9,medium,0,INFERRED_FROM_STREET_NEIGHBOURS,LOCATION_APPROXIMATE: a failed visit is weak evidence; retry with directions
AD002444,0.682,0.955,168.8,medium,0,CONFIRMED_BY_FIELD_VISIT,LOCATION_APPROXIMATE: a failed visit is weak evidence; retry with directions
AD002445,0.977,0.977,15.4,high,0,CONFIRMED_BY_FIELD_VISIT,LOCATION_CONFIRMED_OR_RELIABLE: a failed visit is informative
AD002447,0.751,0.948,167.8,medium,0,INFERRED_FROM_STREET_NEIGHBOURS,LOCATION_APPROXIMATE: a failed visit is weak evidence; retry with directions
AD002448,0.932,0.977,99.2,medium,0,CONFIRMED_BY_FIELD_VISIT,LOCATION_APPROXIMATE: a failed visit is weak evidence; retry with directions
AD002449,0.231,0.626,550.9,low,1,INFERRED_FROM_LANDMARK,LOCATION_UNRESOLVED: do not treat a failed visit here as evidence the address is invalid
AD002450,0.705,0.923,184.0,medium,0,INFERRED_FROM_STREET_NEIGHBOURS,LOCATION_APPROXIMATE: a failed visit is weak evidence; retry with directions
AD002451,0.359,0.765,405.7,low,1,INFERRED_FROM_STREET_NEIGHBOURS,LOCATION_UNRESOLVED: do not treat a failed visit here as evidence the address is invalid
AD002452,0.3,0.705,464.3,low,1,INFERRED_FROM_STREET_NEIGHBOURS,LOCATION_UNRESOLVED: do not treat a failed visit here as evidence the address is invalid
AD002453,0.977,0.977,19.1,high,0,CONFIRMED_BY_FIELD_VISIT,LOCATION_CONFIRMED_OR_RELIABLE: a failed visit is informative
AD002454,0.595,0.909,239.2,medium,0,INFERRED_FROM_STREET_NEIGHBOURS,LOCATION_APPROXIMATE: a failed visit is weak evidence; retry with directions
AD002456,0.445,0.873,276.0,medium,0,INFERRED_FROM_LANDMARK,LOCATION_APPROXIMATE: a failed visit is weak evidence; retry with directions
AD002457,0.977,0.977,29.1,high,0,CONFIRMED_BY_FIELD_VISIT,LOCATION_CONFIRMED_OR_RELIABLE: a failed visit is informative
AD002458,0.977,0.977,20.4,high,0,CONFIRMED_BY_FIELD_VISIT,LOCATION_CONFIRMED_OR_RELIABLE: a failed visit is informative
AD002459,0.955,0.977,63.2,medium,0,CONFIRMED_BY_FIELD_VISIT,LOCATION_APPROXIMATE: a failed visit is weak evidence; retry with directions
AD002461,0.977,0.977,29.0,high,0,CONFIRMED_BY_FIELD_VISIT,LOCATION_CONFIRMED_OR_RELIABLE: a failed visit is informative
AD002462,0.977,0.977,17.3,high,0,CONFIRMED_BY_FIELD_VISIT,LOCATION_CONFIRMED_OR_RELIABLE: a failed visit is informative
AD002463,0.396,0.8,369.0,low,1,INFERRED_FROM_STREET_NEIGHBOURS,LOCATION_UNRESOLVED: do not treat a failed visit here as evidence the address is invalid
AD002464,0.456,0.848,318.3,low,1,INFERRED_FROM_STREET_NEIGHBOURS,LOCATION_UNRESOLVED: do not treat a failed visit here as evidence the address is invalid
AD002465,0.0,0.031,1824.0,low,1,NO_LOCALITY_IN_TEXT|OLD_GEOCODER_AT_PINCODE_CENTRE,LOCATION_UNRESOLVED: do not treat a failed visit here as evidence the address is invalid
AD002466,0.977,0.977,30.9,high,0,CONFIRMED_BY_FIELD_VISIT,LOCATION_CONFIRMED_OR_RELIABLE: a failed visit is informative
AD002467,0.977,0.977,20.2,high,0,CONFIRMED_BY_FIELD_VISIT,LOCATION_CONFIRMED_OR_RELIABLE: a failed visit is informative
AD002468,0.977,0.977,22.4,high,0,CONFIRMED_BY_FIELD_VISIT,LOCATION_CONFIRMED_OR_RELIABLE: a failed visit is informative
AD002469,0.279,0.673,490.0,low,1,INFERRED_FROM_STREET_NEIGHBOURS,LOCATION_UNRESOLVED: do not treat a failed visit here as evidence the address is invalid
AD002470,0.313,0.726,446.2,low,1,INFERRED_FROM_STREET_NEIGHBOURS,LOCATION_UNRESOLVED: do not treat a failed visit here as evidence the address is invalid
AD002471,0.977,0.977,18.6,high,0,CONFIRMED_BY_FIELD_VISIT,LOCATION_CONFIRMED_OR_RELIABLE: a failed visit is informative
AD002472,0.591,0.909,216.1,medium,0,LOCALITY_LEVEL_ONLY,LOCATION_APPROXIMATE: a failed visit is weak evidence; retry with directions
AD002473,0.392,0.799,373.1,low,1,INFERRED_FROM_STREET_NEIGHBOURS,LOCATION_UNRESOLVED: do not treat a failed visit here as evidence the address is invalid
AD002474,0.466,0.85,313.0,low,1,INFERRED_FROM_STREET_NEIGHBOURS,LOCATION_UNRESOLVED: do not treat a failed visit here as evidence the address is invalid
AD002475,0.081,0.326,1085.3,low,1,INFERRED_FROM_LANDMARK,LOCATION_UNRESOLVED: do not treat a failed visit here as evidence the address is invalid
AD002476,0.149,0.529,685.2,low,1,INFERRED_FROM_STREET_NEIGHBOURS,LOCATION_UNRESOLVED: do not treat a failed visit here as evidence the address is invalid
AD002477,0.454,0.843,321.6,low,1,INFERRED_FROM_STREET_NEIGHBOURS,LOCATION_UNRESOLVED: do not treat a failed visit here as evidence the address is invalid
AD002478,0.664,0.923,194.5,medium,0,INFERRED_FROM_LANDMARK,LOCATION_APPROXIMATE: a failed visit is weak evidence; retry with directions
AD002479,0.977,0.977,16.9,high,0,CONFIRMED_BY_FIELD_VISIT,LOCATION_CONFIRMED_OR_RELIABLE: a failed visit is informative
AD002480,0.977,0.977,18.9,high,0,CONFIRMED_BY_FIELD_VISIT,LOCATION_CONFIRMED_OR_RELIABLE: a failed visit is informative
AD002481,0.036,0.146,1757.2,low,1,LOCALITY_LEVEL_ONLY,LOCATION_UNRESOLVED: do not treat a failed visit here as evidence the address is invalid
AD002482,0.0,0.0,3373.8,low,1,NO_LOCALITY_IN_TEXT|OLD_GEOCODER_AT_PINCODE_CENTRE,LOCATION_UNRESOLVED: do not treat a failed visit here as evidence the address is invalid
AD002483,0.614,0.955,182.8,medium,0,CONFIRMED_BY_FIELD_VISIT,LOCATION_APPROXIMATE: a failed visit is weak evidence; retry with directions
AD002484,0.887,0.966,109.4,medium,0,INFERRED_FROM_STREET_NEIGHBOURS,LOCATION_APPROXIMATE: a failed visit is weak evidence; retry with directions
AD002485,0.932,0.977,91.3,medium,0,CONFIRMED_BY_FIELD_VISIT,LOCATION_APPROXIMATE: a failed visit is weak evidence; retry with directions
AD002486,0.034,0.145,1775.2,low,1,LOCALITY_LEVEL_ONLY,LOCATION_UNRESOLVED: do not treat a failed visit here as evidence the address is invalid
AD002487,0.977,0.977,21.8,high,0,CONFIRMED_BY_FIELD_VISIT,LOCATION_CONFIRMED_OR_RELIABLE: a failed visit is informative
AD002488,0.977,0.977,16.2,high,0,CONFIRMED_BY_FIELD_VISIT,LOCATION_CONFIRMED_OR_RELIABLE: a failed visit is informative
AD002489,0.955,0.977,68.9,medium,0,CONFIRMED_BY_FIELD_VISIT,LOCATION_APPROXIMATE: a failed visit is weak evidence; retry with directions
AD002490,0.977,0.977,16.2,high,0,CONFIRMED_BY_FIELD_VISIT,LOCATION_CONFIRMED_OR_RELIABLE: a failed visit is informative
AD002491,0.909,0.982,92.3,medium,0,INFERRED_FROM_STREET_NEIGHBOURS,LOCATION_APPROXIMATE: a failed visit is weak evidence; retry with directions
AD002492,0.977,0.977,17.5,high,0,CONFIRMED_BY_FIELD_VISIT,LOCATION_CONFIRMED_OR_RELIABLE: a failed visit is informative
AD002493,0.909,0.974,94.4,medium,0,INFERRED_FROM_STREET_NEIGHBOURS,LOCATION_APPROXIMATE: a failed visit is weak evidence; retry with directions
AD002494,0.977,0.977,41.0,high,0,CONFIRMED_BY_FIELD_VISIT,LOCATION_CONFIRMED_OR_RELIABLE: a failed visit is informative
AD002495,0.0,0.031,1685.7,low,1,NO_LOCALITY_IN_TEXT|OLD_GEOCODER_AT_PINCODE_CENTRE,LOCATION_UNRESOLVED: do not treat a failed visit here as evidence the address is invalid
AD002496,0.276,0.666,496.8,low,1,INFERRED_FROM_STREET_NEIGHBOURS,LOCATION_UNRESOLVED: do not treat a failed visit here as evidence the address is invalid
AD002497,0.302,0.709,460.9,low,1,INFERRED_FROM_LANDMARK,LOCATION_UNRESOLVED: do not treat a failed visit here as evidence the address is invalid
AD002498,0.029,0.135,1815.8,low,1,LOCALITY_LEVEL_ONLY,LOCATION_UNRESOLVED: do not treat a failed visit here as evidence the address is invalid
AD002499,0.977,0.977,17.3,high,0,CONFIRMED_BY_FIELD_VISIT,LOCATION_CONFIRMED_OR_RELIABLE: a failed visit is informative
AD002500,0.614,0.914,208.2,medium,0,INFERRED_FROM_STREET_NEIGHBOURS,LOCATION_APPROXIMATE: a failed visit is weak evidence; retry with directions
AD002501,0.977,0.977,18.9,high,0,CONFIRMED_BY_FIELD_VISIT,LOCATION_CONFIRMED_OR_RELIABLE: a failed visit is informative
AD002502,0.977,0.977,20.1,high,0,CONFIRMED_BY_FIELD_VISIT,LOCATION_CONFIRMED_OR_RELIABLE: a failed visit is informative
AD002504,0.977,0.977,16.8,high,0,CONFIRMED_BY_FIELD_VISIT,LOCATION_CONFIRMED_OR_RELIABLE: a failed visit is informative
AD002505,0.977,0.977,19.7,high,0,CONFIRMED_BY_FIELD_VISIT,LOCATION_CONFIRMED_OR_RELIABLE: a failed visit is informative
AD002506,0.977,0.977,20.1,high,0,CONFIRMED_BY_FIELD_VISIT,LOCATION_CONFIRMED_OR_RELIABLE: a failed visit is informative
AD002508,0.902,0.97,99.1,medium,0,INFERRED_FROM_STREET_NEIGHBOURS,LOCATION_APPROXIMATE: a failed visit is weak evidence; retry with directions
AD002509,0.977,0.977,31.5,high,0,CONFIRMED_BY_FIELD_VISIT,LOCATION_CONFIRMED_OR_RELIABLE: a failed visit is informative
AD002510,0.977,0.977,24.1,high,0,CONFIRMED_BY_FIELD_VISIT,LOCATION_CONFIRMED_OR_RELIABLE: a failed visit is informative
AD002511,0.0,0.02,2088.8,low,1,NO_LOCALITY_IN_TEXT|OLD_GEOCODER_AT_PINCODE_CENTRE,LOCATION_UNRESOLVED: do not treat a failed visit here as evidence the address is invalid
AD002512,0.185,0.59,603.6,low,1,INFERRED_FROM_LANDMARK,LOCATION_UNRESOLVED: do not treat a failed visit here as evidence the address is invalid
AD002513,0.977,0.977,23.5,high,0,CONFIRMED_BY_FIELD_VISIT,LOCATION_CONFIRMED_OR_RELIABLE: a failed visit is informative
AD002514,0.977,0.977,19.0,high,0,CONFIRMED_BY_FIELD_VISIT,LOCATION_CONFIRMED_OR_RELIABLE: a failed visit is informative
AD002515,0.977,0.977,18.8,high,0,CONFIRMED_BY_FIELD_VISIT,LOCATION_CONFIRMED_OR_RELIABLE: a failed visit is informative
AD002516,0.39,0.797,374.4,low,1,INFERRED_FROM_STREET_NEIGHBOURS,LOCATION_UNRESOLVED: do not treat a failed visit here as evidence the address is invalid
AD002517,0.087,0.357,1023.5,low,1,INFERRED_FROM_STREET_NEIGHBOURS,LOCATION_UNRESOLVED: do not treat a failed visit here as evidence the address is invalid
AD002518,0.448,0.832,330.4,low,1,INFERRED_FROM_STREET_NEIGHBOURS,LOCATION_UNRESOLVED: do not treat a failed visit here as evidence the address is invalid
AD002519,0.977,0.977,20.4,high,0,CONFIRMED_BY_FIELD_VISIT,LOCATION_CONFIRMED_OR_RELIABLE: a failed visit is informative
AD002520,0.977,0.977,24.8,high,0,CONFIRMED_BY_FIELD_VISIT,LOCATION_CONFIRMED_OR_RELIABLE: a failed visit is informative
AD002521,0.955,0.977,45.7,high,0,CONFIRMED_BY_FIELD_VISIT,LOCATION_CONFIRMED_OR_RELIABLE: a failed visit is informative
AD002522,0.977,0.977,17.4,high,0,CONFIRMED_BY_FIELD_VISIT,LOCATION_CONFIRMED_OR_RELIABLE: a failed visit is informative
AD002523,0.034,0.142,1781.2,low,1,LOCALITY_LEVEL_ONLY,LOCATION_UNRESOLVED: do not treat a failed visit here as evidence the address is invalid
AD002524,0.03,0.136,1810.8,low,1,LOCALITY_LEVEL_ONLY,LOCATION_UNRESOLVED: do not treat a failed visit here as evidence the address is invalid
AD002525,0.977,0.977,21.2,high,0,CONFIRMED_BY_FIELD_VISIT,LOCATION_CONFIRMED_OR_RELIABLE: a failed visit is informative
AD002526,0.977,0.977,31.9,high,0,CONFIRMED_BY_FIELD_VISIT,LOCATION_CONFIRMED_OR_RELIABLE: a failed visit is informative
AD002527,0.036,0.146,1757.3,low,1,LOCALITY_LEVEL_ONLY,LOCATION_UNRESOLVED: do not treat a failed visit here as evidence the address is invalid
AD002528,0.977,0.977,17.9,high,0,CONFIRMED_BY_FIELD_VISIT,LOCATION_CONFIRMED_OR_RELIABLE: a failed visit is informative
AD002529,0.0,0.02,2266.4,low,1,NO_LOCALITY_IN_TEXT|OLD_GEOCODER_AT_PINCODE_CENTRE,LOCATION_UNRESOLVED: do not treat a failed visit here as evidence the address is invalid
AD002530,0.977,0.977,29.0,high,0,CONFIRMED_BY_FIELD_VISIT,LOCATION_CONFIRMED_OR_RELIABLE: a failed visit is informative
AD002531,0.568,0.955,193.7,medium,0,CONFIRMED_BY_FIELD_VISIT,LOCATION_APPROXIMATE: a failed visit is weak evidence; retry with directions
AD002532,0.977,0.977,29.9,high,0,CONFIRMED_BY_FIELD_VISIT,LOCATION_CONFIRMED_OR_RELIABLE: a failed visit is informative
AD002533,0.677,0.923,192.5,medium,0,INFERRED_FROM_STREET_NEIGHBOURS,LOCATION_APPROXIMATE: a failed visit is weak evidence; retry with directions
AD002534,0.322,0.735,439.2,low,1,INFERRED_FROM_STREET_NEIGHBOURS,LOCATION_UNRESOLVED: do not treat a failed visit here as evidence the address is invalid
AD002535,0.977,0.977,25.3,high,0,CONFIRMED_BY_FIELD_VISIT,LOCATION_CONFIRMED_OR_RELIABLE: a failed visit is informative
AD002536,0.841,0.945,132.0,medium,0,INFERRED_FROM_STREET_NEIGHBOURS,LOCATION_APPROXIMATE: a failed visit is weak evidence; retry with directions
AD002537,0.682,0.955,160.2,medium,0,CONFIRMED_BY_FIELD_VISIT,LOCATION_APPROXIMATE: a failed visit is weak evidence; retry with directions
AD002539,0.977,0.977,16.5,high,0,CONFIRMED_BY_FIELD_VISIT,LOCATION_CONFIRMED_OR_RELIABLE: a failed visit is informative
AD002540,0.977,0.977,29.4,high,0,CONFIRMED_BY_FIELD_VISIT,LOCATION_CONFIRMED_OR_RELIABLE: a failed visit is informative
AD002541,0.977,0.977,24.1,high,0,CONFIRMED_BY_FIELD_VISIT,LOCATION_CONFIRMED_OR_RELIABLE: a failed visit is informative
AD002542,0.717,0.945,182.4,medium,0,INFERRED_FROM_STREET_NEIGHBOURS,LOCATION_APPROXIMATE: a failed visit is weak evidence; retry with directions
AD002543,0.851,0.959,123.5,medium,0,INFERRED_FROM_STREET_NEIGHBOURS,LOCATION_APPROXIMATE: a failed visit is weak evidence; retry with directions
AD002544,0.955,0.977,68.0,medium,0,CONFIRMED_BY_FIELD_VISIT,LOCATION_APPROXIMATE: a failed visit is weak evidence; retry with directions
AD002545,0.977,0.977,21.8,high,0,CONFIRMED_BY_FIELD_VISIT,LOCATION_CONFIRMED_OR_RELIABLE: a failed visit is informative
AD002546,0.977,0.977,17.5,high,0,CONFIRMED_BY_FIELD_VISIT,LOCATION_CONFIRMED_OR_RELIABLE: a failed visit is informative
AD002547,0.248,0.651,521.5,low,1,INFERRED_FROM_LANDMARK,LOCATION_UNRESOLVED: do not treat a failed visit here as evidence the address is invalid
AD002548,0.977,0.977,19.5,high,0,CONFIRMED_BY_FIELD_VISIT,LOCATION_CONFIRMED_OR_RELIABLE: a failed visit is informative
AD002549,0.739,0.946,174.2,medium,0,INFERRED_FROM_STREET_NEIGHBOURS,LOCATION_APPROXIMATE: a failed visit is weak evidence; retry with directions
AD002550,0.977,0.977,17.7,high,0,CONFIRMED_BY_FIELD_VISIT,LOCATION_CONFIRMED_OR_RELIABLE: a failed visit is informative
AD002551,0.818,0.955,115.0,medium,0,CONFIRMED_BY_FIELD_VISIT,LOCATION_APPROXIMATE: a failed visit is weak evidence; retry with directions
AD002552,0.955,0.977,75.0,medium,0,CONFIRMED_BY_FIELD_VISIT,LOCATION_APPROXIMATE: a failed visit is weak evidence; retry with directions
AD002553,0.536,0.887,269.9,medium,0,INFERRED_FROM_STREET_NEIGHBOURS,LOCATION_APPROXIMATE: a failed visit is weak evidence; retry with directions
AD002555,0.977,0.977,25.5,high,0,CONFIRMED_BY_FIELD_VISIT,LOCATION_CONFIRMED_OR_RELIABLE: a failed visit is informative
AD002556,0.76,0.95,164.5,medium,0,INFERRED_FROM_STREET_NEIGHBOURS,LOCATION_APPROXIMATE: a failed visit is weak evidence; retry with directions
AD002557,0.158,0.538,669.4,low,1,INFERRED_FROM_LANDMARK,LOCATION_UNRESOLVED: do not treat a failed visit here as evidence the address is invalid
AD002558,0.636,0.955,175.2,medium,0,CONFIRMED_BY_FIELD_VISIT,LOCATION_APPROXIMATE: a failed visit is weak evidence; retry with directions
AD002559,0.045,0.168,1600.5,low,1,INFERRED_FROM_LANDMARK,LOCATION_UNRESOLVED: do not treat a failed visit here as evidence the address is invalid
AD002560,0.977,0.977,19.7,high,0,CONFIRMED_BY_FIELD_VISIT,LOCATION_CONFIRMED_OR_RELIABLE: a failed visit is informative
AD002561,0.7,0.923,185.4,medium,0,INFERRED_FROM_STREET_NEIGHBOURS,LOCATION_APPROXIMATE: a failed visit is weak evidence; retry with directions
AD002562,0.977,0.977,38.9,high,0,CONFIRMED_BY_FIELD_VISIT,LOCATION_CONFIRMED_OR_RELIABLE: a failed visit is informative
AD002563,0.614,0.914,209.2,medium,0,INFERRED_FROM_STREET_NEIGHBOURS,LOCATION_APPROXIMATE: a failed visit is weak evidence; retry with directions
AD002564,0.818,0.955,126.6,medium,0,CONFIRMED_BY_FIELD_VISIT,LOCATION_APPROXIMATE: a failed visit is weak evidence; retry with directions
AD002565,0.832,0.945,138.6,medium,0,INFERRED_FROM_STREET_NEIGHBOURS,LOCATION_APPROXIMATE: a failed visit is weak evidence; retry with directions
AD002566,0.977,0.977,20.5,high,0,CONFIRMED_BY_FIELD_VISIT,LOCATION_CONFIRMED_OR_RELIABLE: a failed visit is informative
AD002567,0.293,0.696,474.8,low,1,INFERRED_FROM_LANDMARK,LOCATION_UNRESOLVED: do not treat a failed visit here as evidence the address is invalid
AD002568,0.977,0.977,20.9,high,0,CONFIRMED_BY_FIELD_VISIT,LOCATION_CONFIRMED_OR_RELIABLE: a failed visit is informative
AD002569,0.977,0.977,19.5,high,0,CONFIRMED_BY_FIELD_VISIT,LOCATION_CONFIRMED_OR_RELIABLE: a failed visit is informative
AD002570,0.081,0.332,1079.5,low,1,INFERRED_FROM_STREET_NEIGHBOURS,LOCATION_UNRESOLVED: do not treat a failed visit here as evidence the address is invalid
AD002571,0.977,0.977,9.6,high,0,CONFIRMED_BY_FIELD_VISIT,LOCATION_CONFIRMED_OR_RELIABLE: a failed visit is informative
AD002572,0.185,0.592,599.2,low,1,INFERRED_FROM_STREET_NEIGHBOURS,LOCATION_UNRESOLVED: do not treat a failed visit here as evidence the address is invalid
AD002573,0.842,0.956,129.6,medium,0,INFERRED_FROM_STREET_NEIGHBOURS,LOCATION_APPROXIMATE: a failed visit is weak evidence; retry with directions
AD002574,0.977,0.977,19.9,high,0,CONFIRMED_BY_FIELD_VISIT,LOCATION_CONFIRMED_OR_RELIABLE: a failed visit is informative
AD002575,0.439,0.832,336.0,low,1,INFERRED_FROM_STREET_NEIGHBOURS,LOCATION_UNRESOLVED: do not treat a failed visit here as evidence the address is invalid
AD002576,0.932,0.977,89.3,medium,0,CONFIRMED_BY_FIELD_VISIT,LOCATION_APPROXIMATE: a failed visit is weak evidence; retry with directions
AD002577,0.248,0.652,521.0,low,1,INFERRED_FROM_LANDMARK,LOCATION_UNRESOLVED: do not treat a failed visit here as evidence the address is invalid
AD002578,0.46,0.849,316.8,low,1,INFERRED_FROM_STREET_NEIGHBOURS,LOCATION_UNRESOLVED: do not treat a failed visit here as evidence the address is invalid
AD002579,0.977,0.977,16.0,high,0,CONFIRMED_BY_FIELD_VISIT,LOCATION_CONFIRMED_OR_RELIABLE: a failed visit is informative
AD002580,0.281,0.675,488.3,low,1,INFERRED_FROM_STREET_NEIGHBOURS,LOCATION_UNRESOLVED: do not treat a failed visit here as evidence the address is invalid
AD002581,0.034,0.142,1783.0,low,1,LOCALITY_LEVEL_ONLY,LOCATION_UNRESOLVED: do not treat a failed visit here as evidence the address is invalid
AD002582,0.977,0.977,15.4,high,0,CONFIRMED_BY_FIELD_VISIT,LOCATION_CONFIRMED_OR_RELIABLE: a failed visit is informative
AD002583,0.977,0.977,16.1,high,0,CONFIRMED_BY_FIELD_VISIT,LOCATION_CONFIRMED_OR_RELIABLE: a failed visit is informative
AD002584,0.977,0.977,21.3,high,0,CONFIRMED_BY_FIELD_VISIT,LOCATION_CONFIRMED_OR_RELIABLE: a failed visit is informative
AD002585,0.341,0.845,326.2,low,1,INFERRED_FROM_LANDMARK,LOCATION_UNRESOLVED: do not treat a failed visit here as evidence the address is invalid
AD002586,0.636,0.927,215.1,medium,0,INFERRED_FROM_STREET_NEIGHBOURS,LOCATION_APPROXIMATE: a failed visit is weak evidence; retry with directions
AD002587,0.034,0.146,1762.7,low,1,LOCALITY_LEVEL_ONLY,LOCATION_UNRESOLVED: do not treat a failed visit here as evidence the address is invalid
AD002588,0.977,0.977,19.8,high,0,CONFIRMED_BY_FIELD_VISIT,LOCATION_CONFIRMED_OR_RELIABLE: a failed visit is informative
AD002590,0.977,0.977,20.9,high,0,CONFIRMED_BY_FIELD_VISIT,LOCATION_CONFIRMED_OR_RELIABLE: a failed visit is informative
AD002591,0.605,0.914,211.1,medium,0,INFERRED_FROM_STREET_NEIGHBOURS,LOCATION_APPROXIMATE: a failed visit is weak evidence; retry with directions
AD002592,0.462,0.849,316.3,low,1,INFERRED_FROM_STREET_NEIGHBOURS,LOCATION_UNRESOLVED: do not treat a failed visit here as evidence the address is invalid
AD002593,0.977,0.977,18.0,high,0,CONFIRMED_BY_FIELD_VISIT,LOCATION_CONFIRMED_OR_RELIABLE: a failed visit is informative
AD002594,0.416,0.821,351.5,low,1,INFERRED_FROM_STREET_NEIGHBOURS,LOCATION_UNRESOLVED: do not treat a failed visit here as evidence the address is invalid
AD002595,0.191,0.602,586.7,low,1,INFERRED_FROM_LANDMARK,LOCATION_UNRESOLVED: do not treat a failed visit here as evidence the address is invalid
AD002596,0.977,0.977,19.4,high,0,CONFIRMED_BY_FIELD_VISIT,LOCATION_CONFIRMED_OR_RELIABLE: a failed visit is informative
AD002598,0.388,0.794,377.0,low,1,INFERRED_FROM_STREET_NEIGHBOURS,LOCATION_UNRESOLVED: do not treat a failed visit here as evidence the address is invalid
AD002599,0.435,0.828,339.8,low,1,INFERRED_FROM_STREET_NEIGHBOURS,LOCATION_UNRESOLVED: do not treat a failed visit here as evidence the address is invalid
AD002600,0.669,0.936,196.9,medium,0,INFERRED_FROM_STREET_NEIGHBOURS,LOCATION_APPROXIMATE: a failed visit is weak evidence; retry with directions
AD002601,0.045,0.176,1561.3,low,1,INFERRED_FROM_LANDMARK,LOCATION_UNRESOLVED: do not treat a failed visit here as evidence the address is invalid
AD002602,0.659,0.923,196.4,medium,0,INFERRED_FROM_STREET_NEIGHBOURS,LOCATION_APPROXIMATE: a failed visit is weak evidence; retry with directions
AD002603,0.932,0.977,86.4,medium,0,CONFIRMED_BY_FIELD_VISIT,LOCATION_APPROXIMATE: a failed visit is weak evidence; retry with directions
AD002605,0.104,0.437,848.3,low,1,INFERRED_FROM_LANDMARK,LOCATION_UNRESOLVED: do not treat a failed visit here as evidence the address is invalid
AD002606,0.955,0.977,41.3,high,0,CONFIRMED_BY_FIELD_VISIT,LOCATION_CONFIRMED_OR_RELIABLE: a failed visit is informative
AD002607,0.0,0.031,1702.9,low,1,NO_LOCALITY_IN_TEXT|OLD_GEOCODER_AT_PINCODE_CENTRE,LOCATION_UNRESOLVED: do not treat a failed visit here as evidence the address is invalid
AD002608,0.797,0.952,150.1,medium,0,INFERRED_FROM_STREET_NEIGHBOURS,LOCATION_APPROXIMATE: a failed visit is weak evidence; retry with directions
AD002609,0.977,0.977,30.9,high,0,CONFIRMED_BY_FIELD_VISIT,LOCATION_CONFIRMED_OR_RELIABLE: a failed visit is informative
AD002610,0.745,0.923,166.0,medium,0,INFERRED_FROM_STREET_NEIGHBOURS,LOCATION_APPROXIMATE: a failed visit is weak evidence; retry with directions
AD002611,0.339,0.749,423.8,low,1,INFERRED_FROM_LANDMARK,LOCATION_UNRESOLVED: do not treat a failed visit here as evidence the address is invalid
AD002612,0.455,0.845,320.7,low,1,INFERRED_FROM_STREET_NEIGHBOURS,LOCATION_UNRESOLVED: do not treat a failed visit here as evidence the address is invalid
AD002613,0.977,0.977,20.2,high,0,CONFIRMED_BY_FIELD_VISIT,LOCATION_CONFIRMED_OR_RELIABLE: a failed visit is informative
AD002614,0.977,0.977,23.6,high,0,CONFIRMED_BY_FIELD_VISIT,LOCATION_CONFIRMED_OR_RELIABLE: a failed visit is informative
AD002615,0.193,0.604,585.7,low,1,INFERRED_FROM_LANDMARK,LOCATION_UNRESOLVED: do not treat a failed visit here as evidence the address is invalid
AD002616,0.827,0.953,136.5,medium,0,INFERRED_FROM_STREET_NEIGHBOURS,LOCATION_APPROXIMATE: a failed visit is weak evidence; retry with directions
AD002617,0.955,0.977,68.2,medium,0,CONFIRMED_BY_FIELD_VISIT,LOCATION_APPROXIMATE: a failed visit is weak evidence; retry with directions
AD002618,0.977,0.977,19.9,high,0,CONFIRMED_BY_FIELD_VISIT,LOCATION_CONFIRMED_OR_RELIABLE: a failed visit is informative
AD002619,0.049,0.187,1487.9,low,1,INFERRED_FROM_STREET_NEIGHBOURS,LOCATION_UNRESOLVED: do not treat a failed visit here as evidence the address is invalid
AD002620,0.034,0.142,1780.3,low,1,LOCALITY_LEVEL_ONLY,LOCATION_UNRESOLVED: do not treat a failed visit here as evidence the address is invalid
AD002621,0.955,0.977,45.7,high,0,CONFIRMED_BY_FIELD_VISIT,LOCATION_CONFIRMED_OR_RELIABLE: a failed visit is informative
AD002622,0.437,0.832,337.9,low,1,INFERRED_FROM_STREET_NEIGHBOURS,LOCATION_UNRESOLVED: do not treat a failed visit here as evidence the address is invalid
AD002623,0.977,0.977,18.0,high,0,CONFIRMED_BY_FIELD_VISIT,LOCATION_CONFIRMED_OR_RELIABLE: a failed visit is informative
AD002624,0.977,0.977,30.2,high,0,CONFIRMED_BY_FIELD_VISIT,LOCATION_CONFIRMED_OR_RELIABLE: a failed visit is informative
AD002626,0.977,0.977,15.6,high,0,CONFIRMED_BY_FIELD_VISIT,LOCATION_CONFIRMED_OR_RELIABLE: a failed visit is informative
AD002627,0.0,0.0,3396.5,low,1,NO_LOCALITY_IN_TEXT|OLD_GEOCODER_AT_PINCODE_CENTRE,LOCATION_UNRESOLVED: do not treat a failed visit here as evidence the address is invalid
AD002628,0.284,0.683,484.2,low,1,INFERRED_FROM_STREET_NEIGHBOURS,LOCATION_UNRESOLVED: do not treat a failed visit here as evidence the address is invalid
AD002629,0.407,0.814,357.1,low,1,INFERRED_FROM_STREET_NEIGHBOURS,LOCATION_UNRESOLVED: do not treat a failed visit here as evidence the address is invalid
AD002631,0.9,0.977,99.8,medium,0,INFERRED_FROM_STREET_NEIGHBOURS,LOCATION_APPROXIMATE: a failed visit is weak evidence; retry with directions
AD002632,0.977,0.977,20.9,high,0,CONFIRMED_BY_FIELD_VISIT,LOCATION_CONFIRMED_OR_RELIABLE: a failed visit is informative
AD002633,0.977,0.977,20.0,high,0,CONFIRMED_BY_FIELD_VISIT,LOCATION_CONFIRMED_OR_RELIABLE: a failed visit is informative
AD002634,0.279,0.67,491.4,low,1,INFERRED_FROM_STREET_NEIGHBOURS,LOCATION_UNRESOLVED: do not treat a failed visit here as evidence the address is invalid
AD002635,0.977,0.977,33.1,high,0,CONFIRMED_BY_FIELD_VISIT,LOCATION_CONFIRMED_OR_RELIABLE: a failed visit is informative
AD002636,0.977,0.977,20.6,high,0,CONFIRMED_BY_FIELD_VISIT,LOCATION_CONFIRMED_OR_RELIABLE: a failed visit is informative
AD002637,0.955,0.977,66.2,medium,0,CONFIRMED_BY_FIELD_VISIT,LOCATION_APPROXIMATE: a failed visit is weak evidence; retry with directions
AD002638,0.211,0.611,569.2,low,1,INFERRED_FROM_STREET_NEIGHBOURS,LOCATION_UNRESOLVED: do not treat a failed visit here as evidence the address is invalid
AD002639,0.334,0.742,430.5,low,1,INFERRED_FROM_STREET_NEIGHBOURS,LOCATION_UNRESOLVED: do not treat a failed visit here as evidence the address is invalid
AD002640,0.909,0.982,88.0,medium,0,INFERRED_FROM_STREET_NEIGHBOURS,LOCATION_APPROXIMATE: a failed visit is weak evidence; retry with directions
AD002641,0.977,0.977,39.0,high,0,CONFIRMED_BY_FIELD_VISIT,LOCATION_CONFIRMED_OR_RELIABLE: a failed visit is informative
AD002642,0.614,0.914,207.9,medium,0,INFERRED_FROM_STREET_NEIGHBOURS,LOCATION_APPROXIMATE: a failed visit is weak evidence; retry with directions
AD002643,0.168,0.561,643.0,low,1,INFERRED_FROM_LANDMARK,LOCATION_UNRESOLVED: do not treat a failed visit here as evidence the address is invalid
AD002645,0.977,0.977,21.3,high,0,CONFIRMED_BY_FIELD_VISIT,LOCATION_CONFIRMED_OR_RELIABLE: a failed visit is informative
AD002647,0.0,0.02,2084.9,low,1,NO_LOCALITY_IN_TEXT|OLD_GEOCODER_AT_PINCODE_CENTRE,LOCATION_UNRESOLVED: do not treat a failed visit here as evidence the address is invalid
AD002648,0.239,0.637,534.4,low,1,INFERRED_FROM_STREET_NEIGHBOURS,LOCATION_UNRESOLVED: do not treat a failed visit here as evidence the address is invalid
AD002649,0.32,0.733,441.9,low,1,INFERRED_FROM_LANDMARK,LOCATION_UNRESOLVED: do not treat a failed visit here as evidence the address is invalid
AD002650,0.977,0.977,22.8,high,0,CONFIRMED_BY_FIELD_VISIT,LOCATION_CONFIRMED_OR_RELIABLE: a failed visit is informative
AD002651,0.977,0.977,27.0,high,0,CONFIRMED_BY_FIELD_VISIT,LOCATION_CONFIRMED_OR_RELIABLE: a failed visit is informative
AD002652,0.977,0.977,21.7,high,0,CONFIRMED_BY_FIELD_VISIT,LOCATION_CONFIRMED_OR_RELIABLE: a failed visit is informative
AD002653,0.605,0.909,214.6,medium,0,INFERRED_FROM_LANDMARK,LOCATION_APPROXIMATE: a failed visit is weak evidence; retry with directions
AD002654,0.977,0.977,16.6,high,0,CONFIRMED_BY_FIELD_VISIT,LOCATION_CONFIRMED_OR_RELIABLE: a failed visit is informative
AD002655,0.977,0.977,19.9,high,0,CONFIRMED_BY_FIELD_VISIT,LOCATION_CONFIRMED_OR_RELIABLE: a failed visit is informative
AD002656,0.977,0.977,24.0,high,0,CONFIRMED_BY_FIELD_VISIT,LOCATION_CONFIRMED_OR_RELIABLE: a failed visit is informative
AD002657,0.357,0.761,409.6,low,1,INFERRED_FROM_STREET_NEIGHBOURS,LOCATION_UNRESOLVED: do not treat a failed visit here as evidence the address is invalid
AD002658,0.85,0.945,126.5,medium,0,INFERRED_FROM_STREET_NEIGHBOURS,LOCATION_APPROXIMATE: a failed visit is weak evidence; retry with directions
AD002659,0.231,0.626,551.1,low,1,INFERRED_FROM_LANDMARK,LOCATION_UNRESOLVED: do not treat a failed visit here as evidence the address is invalid
AD002660,0.219,0.62,562.0,low,1,INFERRED_FROM_STREET_NEIGHBOURS,LOCATION_UNRESOLVED: do not treat a failed visit here as evidence the address is invalid
AD002661,0.977,0.977,23.5,high,0,CONFIRMED_BY_FIELD_VISIT,LOCATION_CONFIRMED_OR_RELIABLE: a failed visit is informative
AD002662,0.034,0.145,1774.5,low,1,LOCALITY_LEVEL_ONLY,LOCATION_UNRESOLVED: do not treat a failed visit here as evidence the address is invalid
AD002663,0.705,0.955,158.8,medium,0,CONFIRMED_BY_FIELD_VISIT,LOCATION_APPROXIMATE: a failed visit is weak evidence; retry with directions
AD002664,0.977,0.977,30.9,high,0,CONFIRMED_BY_FIELD_VISIT,LOCATION_CONFIRMED_OR_RELIABLE: a failed visit is informative
AD002665,0.977,0.977,17.4,high,0,CONFIRMED_BY_FIELD_VISIT,LOCATION_CONFIRMED_OR_RELIABLE: a failed visit is informative
AD002666,0.0,0.02,2276.1,low,1,NO_LOCALITY_IN_TEXT|OLD_GEOCODER_AT_PINCODE_CENTRE,LOCATION_UNRESOLVED: do not treat a failed visit here as evidence the address is invalid
AD002667,0.977,0.977,17.0,high,0,CONFIRMED_BY_FIELD_VISIT,LOCATION_CONFIRMED_OR_RELIABLE: a failed visit is informative
AD002668,0.279,0.672,490.9,low,1,INFERRED_FROM_LANDMARK,LOCATION_UNRESOLVED: do not treat a failed visit here as evidence the address is invalid
AD002669,0.977,0.977,26.7,high,0,CONFIRMED_BY_FIELD_VISIT,LOCATION_CONFIRMED_OR_RELIABLE: a failed visit is informative
AD002670,0.977,0.977,29.8,high,0,CONFIRMED_BY_FIELD_VISIT,LOCATION_CONFIRMED_OR_RELIABLE: a failed visit is informative
AD002671,0.977,0.977,18.8,high,0,CONFIRMED_BY_FIELD_VISIT,LOCATION_CONFIRMED_OR_RELIABLE: a failed visit is informative
AD002672,0.858,0.962,120.7,medium,0,INFERRED_FROM_STREET_NEIGHBOURS,LOCATION_APPROXIMATE: a failed visit is weak evidence; retry with directions
AD002673,0.977,0.977,25.0,high,0,CONFIRMED_BY_FIELD_VISIT,LOCATION_CONFIRMED_OR_RELIABLE: a failed visit is informative
AD002674,0.0,0.02,2309.5,low,1,NO_LOCALITY_IN_TEXT|OLD_GEOCODER_AT_PINCODE_CENTRE,LOCATION_UNRESOLVED: do not treat a failed visit here as evidence the address is invalid
AD002675,0.977,0.977,16.1,high,0,CONFIRMED_BY_FIELD_VISIT,LOCATION_CONFIRMED_OR_RELIABLE: a failed visit is informative
AD002676,0.955,0.977,52.1,high,0,CONFIRMED_BY_FIELD_VISIT,LOCATION_CONFIRMED_OR_RELIABLE: a failed visit is informative
AD002678,0.104,0.434,855.2,low,1,INFERRED_FROM_LANDMARK,LOCATION_UNRESOLVED: do not treat a failed visit here as evidence the address is invalid
AD002680,0.0,0.02,2264.4,low,1,NO_LOCALITY_IN_TEXT|OLD_GEOCODER_AT_PINCODE_CENTRE,LOCATION_UNRESOLVED: do not treat a failed visit here as evidence the address is invalid
AD002681,0.977,0.977,16.6,high,0,CONFIRMED_BY_FIELD_VISIT,LOCATION_CONFIRMED_OR_RELIABLE: a failed visit is informative
AD002682,0.591,0.909,217.3,medium,0,INFERRED_FROM_STREET_NEIGHBOURS,LOCATION_APPROXIMATE: a failed visit is weak evidence; retry with directions
AD002683,0.855,0.945,125.0,medium,0,INFERRED_FROM_STREET_NEIGHBOURS,LOCATION_APPROXIMATE: a failed visit is weak evidence; retry with directions
AD002684,0.832,0.954,133.4,medium,0,INFERRED_FROM_STREET_NEIGHBOURS,LOCATION_APPROXIMATE: a failed visit is weak evidence; retry with directions
AD002685,0.955,0.977,74.3,medium,0,CONFIRMED_BY_FIELD_VISIT,LOCATION_APPROXIMATE: a failed visit is weak evidence; retry with directions
AD002687,0.977,0.977,15.6,high,0,CONFIRMED_BY_FIELD_VISIT,LOCATION_CONFIRMED_OR_RELIABLE: a failed visit is informative
AD002688,0.977,0.977,37.1,high,0,CONFIRMED_BY_FIELD_VISIT,LOCATION_CONFIRMED_OR_RELIABLE: a failed visit is informative
AD002689,0.365,0.776,396.5,low,1,INFERRED_FROM_STREET_NEIGHBOURS,LOCATION_UNRESOLVED: do not treat a failed visit here as evidence the address is invalid
AD002690,0.977,0.977,15.3,high,0,CONFIRMED_BY_FIELD_VISIT,LOCATION_CONFIRMED_OR_RELIABLE: a failed visit is informative
AD002691,0.955,0.977,50.7,high,0,CONFIRMED_BY_FIELD_VISIT,LOCATION_CONFIRMED_OR_RELIABLE: a failed visit is informative
AD002692,0.571,0.897,251.8,medium,0,INFERRED_FROM_STREET_NEIGHBOURS,LOCATION_APPROXIMATE: a failed visit is weak evidence; retry with directions
AD002693,0.41,0.817,353.9,low,1,INFERRED_FROM_STREET_NEIGHBOURS,LOCATION_UNRESOLVED: do not treat a failed visit here as evidence the address is invalid
AD002694,0.0,0.031,1863.0,low,1,NO_LOCALITY_IN_TEXT|OLD_GEOCODER_AT_PINCODE_CENTRE,LOCATION_UNRESOLVED: do not treat a failed visit here as evidence the address is invalid
AD002695,0.677,0.923,192.6,medium,0,INFERRED_FROM_STREET_NEIGHBOURS,LOCATION_APPROXIMATE: a failed visit is weak evidence; retry with directions
AD002696,0.773,0.955,133.6,medium,0,CONFIRMED_BY_FIELD_VISIT,LOCATION_APPROXIMATE: a failed visit is weak evidence; retry with directions
AD002697,0.977,0.977,16.9,high,0,CONFIRMED_BY_FIELD_VISIT,LOCATION_CONFIRMED_OR_RELIABLE: a failed visit is informative
AD002698,0.591,0.909,216.1,medium,0,LOCALITY_LEVEL_ONLY,LOCATION_APPROXIMATE: a failed visit is weak evidence; retry with directions
AD002699,0.293,0.696,473.7,low,1,INFERRED_FROM_STREET_NEIGHBOURS,LOCATION_UNRESOLVED: do not treat a failed visit here as evidence the address is invalid
AD002700,0.532,0.905,239.0,medium,0,INFERRED_FROM_LANDMARK,LOCATION_APPROXIMATE: a failed visit is weak evidence; retry with directions
AD002701,0.977,0.977,30.6,high,0,CONFIRMED_BY_FIELD_VISIT,LOCATION_CONFIRMED_OR_RELIABLE: a failed visit is informative
AD002702,0.977,0.977,18.1,high,0,CONFIRMED_BY_FIELD_VISIT,LOCATION_CONFIRMED_OR_RELIABLE: a failed visit is informative
AD002703,0.509,0.9,248.0,medium,0,INFERRED_FROM_STREET_NEIGHBOURS,LOCATION_APPROXIMATE: a failed visit is weak evidence; retry with directions
AD002704,0.977,0.977,21.0,high,0,CONFIRMED_BY_FIELD_VISIT,LOCATION_CONFIRMED_OR_RELIABLE: a failed visit is informative
AD002705,0.361,0.766,403.5,low,1,INFERRED_FROM_STREET_NEIGHBOURS,LOCATION_UNRESOLVED: do not treat a failed visit here as evidence the address is invalid
AD002706,0.977,0.977,16.3,high,0,CONFIRMED_BY_FIELD_VISIT,LOCATION_CONFIRMED_OR_RELIABLE: a failed visit is informative
AD002707,0.953,0.977,72.5,medium,0,CONFIRMED_BY_FIELD_VISIT,LOCATION_APPROXIMATE: a failed visit is weak evidence; retry with directions
AD002708,0.977,0.977,16.6,high,0,CONFIRMED_BY_FIELD_VISIT,LOCATION_CONFIRMED_OR_RELIABLE: a failed visit is informative
AD002709,0.977,0.977,15.1,high,0,CONFIRMED_BY_FIELD_VISIT,LOCATION_CONFIRMED_OR_RELIABLE: a failed visit is informative
AD002710,0.193,0.602,586.3,low,1,INFERRED_FROM_LANDMARK,LOCATION_UNRESOLVED: do not treat a failed visit here as evidence the address is invalid
AD002711,0.955,0.977,64.0,medium,0,CONFIRMED_BY_FIELD_VISIT,LOCATION_APPROXIMATE: a failed visit is weak evidence; retry with directions
AD002712,0.977,0.977,23.3,high,0,CONFIRMED_BY_FIELD_VISIT,LOCATION_CONFIRMED_OR_RELIABLE: a failed visit is informative
AD002713,0.631,0.926,217.1,medium,0,INFERRED_FROM_STREET_NEIGHBOURS,LOCATION_APPROXIMATE: a failed visit is weak evidence; retry with directions
AD002714,0.035,0.146,1761.3,low,1,LOCALITY_LEVEL_ONLY,LOCATION_UNRESOLVED: do not treat a failed visit here as evidence the address is invalid
AD002715,0.78,0.95,156.9,medium,0,INFERRED_FROM_STREET_NEIGHBOURS,LOCATION_APPROXIMATE: a failed visit is weak evidence; retry with directions
AD002716,0.0,0.031,1891.5,low,1,NO_LOCALITY_IN_TEXT|OLD_GEOCODER_AT_PINCODE_CENTRE,LOCATION_UNRESOLVED: do not treat a failed visit here as evidence the address is invalid
AD002717,0.034,0.145,1776.9,low,1,LOCALITY_LEVEL_ONLY,LOCATION_UNRESOLVED: do not treat a failed visit here as evidence the address is invalid
AD002718,0.592,0.908,240.4,medium,0,INFERRED_FROM_STREET_NEIGHBOURS,LOCATION_APPROXIMATE: a failed visit is weak evidence; retry with directions
AD002719,0.977,0.977,25.0,high,0,CONFIRMED_BY_FIELD_VISIT,LOCATION_CONFIRMED_OR_RELIABLE: a failed visit is informative
AD002720,0.864,0.955,107.3,medium,0,CONFIRMED_BY_FIELD_VISIT,LOCATION_APPROXIMATE: a failed visit is weak evidence; retry with directions
AD002721,0.185,0.592,600.0,low,1,INFERRED_FROM_LANDMARK,LOCATION_UNRESOLVED: do not treat a failed visit here as evidence the address is invalid
AD002722,0.955,0.977,76.4,medium,0,CONFIRMED_BY_FIELD_VISIT,LOCATION_APPROXIMATE: a failed visit is weak evidence; retry with directions
AD002723,0.932,0.977,87.0,medium,0,CONFIRMED_BY_FIELD_VISIT,LOCATION_APPROXIMATE: a failed visit is weak evidence; retry with directions
AD002724,0.977,0.977,29.2,high,0,CONFIRMED_BY_FIELD_VISIT,LOCATION_CONFIRMED_OR_RELIABLE: a failed visit is informative
AD002725,0.358,0.762,407.3,low,1,INFERRED_FROM_STREET_NEIGHBOURS,LOCATION_UNRESOLVED: do not treat a failed visit here as evidence the address is invalid
AD002726,0.048,0.185,1502.8,low,1,INFERRED_FROM_STREET_NEIGHBOURS,LOCATION_UNRESOLVED: do not treat a failed visit here as evidence the address is invalid
AD002727,0.977,0.977,16.7,high,0,CONFIRMED_BY_FIELD_VISIT,LOCATION_CONFIRMED_OR_RELIABLE: a failed visit is informative
AD002728,0.955,0.977,48.5,high,0,CONFIRMED_BY_FIELD_VISIT,LOCATION_CONFIRMED_OR_RELIABLE: a failed visit is informative
AD002729,0.897,0.969,101.5,medium,0,INFERRED_FROM_STREET_NEIGHBOURS,LOCATION_APPROXIMATE: a failed visit is weak evidence; retry with directions
AD002730,0.977,0.977,37.6,high,0,CONFIRMED_BY_FIELD_VISIT,LOCATION_CONFIRMED_OR_RELIABLE: a failed visit is informative
AD002731,0.955,0.977,51.0,high,0,CONFIRMED_BY_FIELD_VISIT,LOCATION_CONFIRMED_OR_RELIABLE: a failed visit is informative
AD002732,0.222,0.62,560.4,low,1,INFERRED_FROM_LANDMARK,LOCATION_UNRESOLVED: do not treat a failed visit here as evidence the address is invalid
AD002733,0.158,0.537,672.8,low,1,INFERRED_FROM_LANDMARK,LOCATION_UNRESOLVED: do not treat a failed visit here as evidence the address is invalid
AD002734,0.383,0.789,380.7,low,1,INFERRED_FROM_STREET_NEIGHBOURS,LOCATION_UNRESOLVED: do not treat a failed visit here as evidence the address is invalid
AD002735,0.955,0.977,54.0,high,0,CONFIRMED_BY_FIELD_VISIT,LOCATION_CONFIRMED_OR_RELIABLE: a failed visit is informative
AD002736,0.239,0.637,535.0,low,1,INFERRED_FROM_LANDMARK,LOCATION_UNRESOLVED: do not treat a failed visit here as evidence the address is invalid
AD002737,0.977,0.977,27.6,high,0,CONFIRMED_BY_FIELD_VISIT,LOCATION_CONFIRMED_OR_RELIABLE: a failed visit is informative
AD002738,0.462,0.85,316.0,low,1,INFERRED_FROM_STREET_NEIGHBOURS,LOCATION_UNRESOLVED: do not treat a failed visit here as evidence the address is invalid
AD002739,0.325,0.739,434.6,low,1,INFERRED_FROM_LANDMARK,LOCATION_UNRESOLVED: do not treat a failed visit here as evidence the address is invalid
AD002740,0.741,0.946,172.7,medium,0,INFERRED_FROM_STREET_NEIGHBOURS,LOCATION_APPROXIMATE: a failed visit is weak evidence; retry with directions
AD002741,0.977,0.977,20.6,high,0,CONFIRMED_BY_FIELD_VISIT,LOCATION_CONFIRMED_OR_RELIABLE: a failed visit is informative
AD002742,0.334,0.746,426.9,low,1,INFERRED_FROM_STREET_NEIGHBOURS,LOCATION_UNRESOLVED: do not treat a failed visit here as evidence the address is invalid
AD002743,0.191,0.601,586.9,low,1,INFERRED_FROM_LANDMARK,LOCATION_UNRESOLVED: do not treat a failed visit here as evidence the address is invalid
AD002744,0.977,0.977,15.8,high,0,CONFIRMED_BY_FIELD_VISIT,LOCATION_CONFIRMED_OR_RELIABLE: a failed visit is informative
AD002746,0.862,0.962,117.5,medium,0,INFERRED_FROM_STREET_NEIGHBOURS,LOCATION_APPROXIMATE: a failed visit is weak evidence; retry with directions
AD002748,0.977,0.977,26.3,high,0,CONFIRMED_BY_FIELD_VISIT,LOCATION_CONFIRMED_OR_RELIABLE: a failed visit is informative
AD002749,0.977,0.977,24.3,high,0,CONFIRMED_BY_FIELD_VISIT,LOCATION_CONFIRMED_OR_RELIABLE: a failed visit is informative
AD002750,0.977,0.977,22.0,high,0,CONFIRMED_BY_FIELD_VISIT,LOCATION_CONFIRMED_OR_RELIABLE: a failed visit is informative
AD002751,0.955,0.977,43.6,high,0,CONFIRMED_BY_FIELD_VISIT,LOCATION_CONFIRMED_OR_RELIABLE: a failed visit is informative
AD002752,0.164,0.545,661.6,low,1,INFERRED_FROM_STREET_NEIGHBOURS,LOCATION_UNRESOLVED: do not treat a failed visit here as evidence the address is invalid
AD002753,0.563,0.897,255.6,medium,0,INFERRED_FROM_STREET_NEIGHBOURS,LOCATION_APPROXIMATE: a failed visit is weak evidence; retry with directions
AD002754,0.389,0.795,376.6,low,1,INFERRED_FROM_STREET_NEIGHBOURS,LOCATION_UNRESOLVED: do not treat a failed visit here as evidence the address is invalid
AD002755,0.977,0.977,17.3,high,0,CONFIRMED_BY_FIELD_VISIT,LOCATION_CONFIRMED_OR_RELIABLE: a failed visit is informative
AD002756,0.977,0.977,31.5,high,0,CONFIRMED_BY_FIELD_VISIT,LOCATION_CONFIRMED_OR_RELIABLE: a failed visit is informative
AD002757,0.977,0.977,19.0,high,0,CONFIRMED_BY_FIELD_VISIT,LOCATION_CONFIRMED_OR_RELIABLE: a failed visit is informative
AD002758,0.62,0.918,224.5,medium,0,INFERRED_FROM_STREET_NEIGHBOURS,LOCATION_APPROXIMATE: a failed visit is weak evidence; retry with directions
AD002759,0.03,0.137,1805.7,low,1,LOCALITY_LEVEL_ONLY,LOCATION_UNRESOLVED: do not treat a failed visit here as evidence the address is invalid
AD002760,0.538,0.888,268.3,medium,0,INFERRED_FROM_STREET_NEIGHBOURS,LOCATION_APPROXIMATE: a failed visit is weak evidence; retry with directions
AD002761,0.977,0.977,15.6,high,0,CONFIRMED_BY_FIELD_VISIT,LOCATION_CONFIRMED_OR_RELIABLE: a failed visit is informative
AD002762,0.977,0.977,16.2,high,0,CONFIRMED_BY_FIELD_VISIT,LOCATION_CONFIRMED_OR_RELIABLE: a failed visit is informative
AD002763,0.977,0.977,20.1,high,0,CONFIRMED_BY_FIELD_VISIT,LOCATION_CONFIRMED_OR_RELIABLE: a failed visit is informative
AD002764,0.977,0.977,17.4,high,0,CONFIRMED_BY_FIELD_VISIT,LOCATION_CONFIRMED_OR_RELIABLE: a failed visit is informative
AD002765,0.977,0.977,19.1,high,0,CONFIRMED_BY_FIELD_VISIT,LOCATION_CONFIRMED_OR_RELIABLE: a failed visit is informative
AD002766,0.977,0.977,15.1,high,0,CONFIRMED_BY_FIELD_VISIT,LOCATION_CONFIRMED_OR_RELIABLE: a failed visit is informative
AD002767,0.0,0.031,1716.0,low,1,NO_LOCALITY_IN_TEXT|OLD_GEOCODER_AT_PINCODE_CENTRE,LOCATION_UNRESOLVED: do not treat a failed visit here as evidence the address is invalid
AD002768,0.723,0.923,179.4,medium,0,INFERRED_FROM_STREET_NEIGHBOURS,LOCATION_APPROXIMATE: a failed visit is weak evidence; retry with directions
AD002769,0.434,0.827,341.4,low,1,INFERRED_FROM_STREET_NEIGHBOURS,LOCATION_UNRESOLVED: do not treat a failed visit here as evidence the address is invalid
AD002770,0.293,0.696,475.1,low,1,INFERRED_FROM_STREET_NEIGHBOURS,LOCATION_UNRESOLVED: do not treat a failed visit here as evidence the address is invalid
AD002771,0.773,0.955,139.4,medium,0,CONFIRMED_BY_FIELD_VISIT,LOCATION_APPROXIMATE: a failed visit is weak evidence; retry with directions
AD002772,0.977,0.977,31.9,high,0,CONFIRMED_BY_FIELD_VISIT,LOCATION_CONFIRMED_OR_RELIABLE: a failed visit is informative
AD002773,0.034,0.143,1777.6,low,1,LOCALITY_LEVEL_ONLY,LOCATION_UNRESOLVED: do not treat a failed visit here as evidence the address is invalid
AD002774,0.182,0.58,615.5,low,1,INFERRED_FROM_LANDMARK,LOCATION_UNRESOLVED: do not treat a failed visit here as evidence the address is invalid
AD002775,0.754,0.948,166.6,medium,0,INFERRED_FROM_STREET_NEIGHBOURS,LOCATION_APPROXIMATE: a failed visit is weak evidence; retry with directions
AD002776,0.189,0.598,594.2,low,1,INFERRED_FROM_LANDMARK,LOCATION_UNRESOLVED: do not treat a failed visit here as evidence the address is invalid
AD002777,0.468,0.891,257.6,medium,0,LOCALITY_LEVEL_ONLY,LOCATION_APPROXIMATE: a failed visit is weak evidence; retry with directions
AD002778,0.977,0.977,20.2,high,0,CONFIRMED_BY_FIELD_VISIT,LOCATION_CONFIRMED_OR_RELIABLE: a failed visit is informative
AD002779,0.307,0.717,452.2,low,1,INFERRED_FROM_LANDMARK,LOCATION_UNRESOLVED: do not treat a failed visit here as evidence the address is invalid
AD002781,0.843,0.956,129.3,medium,0,INFERRED_FROM_STREET_NEIGHBOURS,LOCATION_APPROXIMATE: a failed visit is weak evidence; retry with directions
AD002782,0.028,0.135,1818.5,low,1,LOCALITY_LEVEL_ONLY,LOCATION_UNRESOLVED: do not treat a failed visit here as evidence the address is invalid
AD002783,0.334,0.742,430.4,low,1,INFERRED_FROM_LANDMARK,LOCATION_UNRESOLVED: do not treat a failed visit here as evidence the address is invalid
AD002784,0.932,0.977,96.1,medium,0,CONFIRMED_BY_FIELD_VISIT,LOCATION_APPROXIMATE: a failed visit is weak evidence; retry with directions
AD002785,0.62,0.918,223.9,medium,0,INFERRED_FROM_STREET_NEIGHBOURS,LOCATION_APPROXIMATE: a failed visit is weak evidence; retry with directions
AD002786,0.277,0.666,496.4,low,1,INFERRED_FROM_LANDMARK,LOCATION_UNRESOLVED: do not treat a failed visit here as evidence the address is invalid
AD002787,0.302,0.711,459.4,low,1,INFERRED_FROM_STREET_NEIGHBOURS,LOCATION_UNRESOLVED: do not treat a failed visit here as evidence the address is invalid
AD002788,0.977,0.977,19.0,high,0,CONFIRMED_BY_FIELD_VISIT,LOCATION_CONFIRMED_OR_RELIABLE: a failed visit is informative
AD002789,0.599,0.909,236.5,medium,0,INFERRED_FROM_STREET_NEIGHBOURS,LOCATION_APPROXIMATE: a failed visit is weak evidence; retry with directions
AD002791,0.0,0.0,3399.5,low,1,NO_LOCALITY_IN_TEXT|OLD_GEOCODER_AT_PINCODE_CENTRE,LOCATION_UNRESOLVED: do not treat a failed visit here as evidence the address is invalid
AD002792,0.372,0.778,392.7,low,1,INFERRED_FROM_STREET_NEIGHBOURS,LOCATION_UNRESOLVED: do not treat a failed visit here as evidence the address is invalid
AD002793,0.977,0.977,35.0,high,0,CONFIRMED_BY_FIELD_VISIT,LOCATION_CONFIRMED_OR_RELIABLE: a failed visit is informative
AD002794,0.977,0.977,27.9,high,0,CONFIRMED_BY_FIELD_VISIT,LOCATION_CONFIRMED_OR_RELIABLE: a failed visit is informative
AD002795,0.904,0.972,98.0,medium,0,INFERRED_FROM_STREET_NEIGHBOURS,LOCATION_APPROXIMATE: a failed visit is weak evidence; retry with directions
AD002796,0.818,0.955,119.1,medium,0,CONFIRMED_BY_FIELD_VISIT,LOCATION_APPROXIMATE: a failed visit is weak evidence; retry with directions
AD002798,0.977,0.977,26.2,high,0,CONFIRMED_BY_FIELD_VISIT,LOCATION_CONFIRMED_OR_RELIABLE: a failed visit is informative
AD002799,0.977,0.977,22.2,high,0,CONFIRMED_BY_FIELD_VISIT,LOCATION_CONFIRMED_OR_RELIABLE: a failed visit is informative
AD002800,0.759,0.927,162.7,medium,0,INFERRED_FROM_STREET_NEIGHBOURS,LOCATION_APPROXIMATE: a failed visit is weak evidence; retry with directions
AD002801,0.977,0.977,22.0,high,0,CONFIRMED_BY_FIELD_VISIT,LOCATION_CONFIRMED_OR_RELIABLE: a failed visit is informative
AD002802,0.977,0.977,14.7,high,0,CONFIRMED_BY_FIELD_VISIT,LOCATION_CONFIRMED_OR_RELIABLE: a failed visit is informative
AD002803,0.766,0.95,162.0,medium,0,INFERRED_FROM_STREET_NEIGHBOURS,LOCATION_APPROXIMATE: a failed visit is weak evidence; retry with directions
AD002804,0.034,0.145,1776.0,low,1,LOCALITY_LEVEL_ONLY,LOCATION_UNRESOLVED: do not treat a failed visit here as evidence the address is invalid
AD002806,0.977,0.977,22.2,high,0,CONFIRMED_BY_FIELD_VISIT,LOCATION_CONFIRMED_OR_RELIABLE: a failed visit is informative
AD002807,0.977,0.977,21.0,high,0,CONFIRMED_BY_FIELD_VISIT,LOCATION_CONFIRMED_OR_RELIABLE: a failed visit is informative
AD002808,0.955,0.977,48.1,high,0,CONFIRMED_BY_FIELD_VISIT,LOCATION_CONFIRMED_OR_RELIABLE: a failed visit is informative
AD002809,0.977,0.977,18.5,high,0,CONFIRMED_BY_FIELD_VISIT,LOCATION_CONFIRMED_OR_RELIABLE: a failed visit is informative
AD002811,0.073,0.313,1119.7,low,1,INFERRED_FROM_LANDMARK,LOCATION_UNRESOLVED: do not treat a failed visit here as evidence the address is invalid
AD002812,0.977,0.977,23.2,high,0,CONFIRMED_BY_FIELD_VISIT,LOCATION_CONFIRMED_OR_RELIABLE: a failed visit is informative
AD002813,0.977,0.977,16.7,high,0,CONFIRMED_BY_FIELD_VISIT,LOCATION_CONFIRMED_OR_RELIABLE: a failed visit is informative
AD002814,0.977,0.977,12.0,high,0,CONFIRMED_BY_FIELD_VISIT,LOCATION_CONFIRMED_OR_RELIABLE: a failed visit is informative
AD002815,0.0,0.031,1921.5,low,1,NO_LOCALITY_IN_TEXT|OLD_GEOCODER_AT_PINCODE_CENTRE,LOCATION_UNRESOLVED: do not treat a failed visit here as evidence the address is invalid
AD002816,0.0,0.031,1868.8,low,1,NO_LOCALITY_IN_TEXT|OLD_GEOCODER_AT_PINCODE_CENTRE,LOCATION_UNRESOLVED: do not treat a failed visit here as evidence the address is invalid
AD002817,0.265,0.661,507.0,low,1,INFERRED_FROM_LANDMARK,LOCATION_UNRESOLVED: do not treat a failed visit here as evidence the address is invalid
AD002818,0.932,0.977,89.7,medium,0,CONFIRMED_BY_FIELD_VISIT,LOCATION_APPROXIMATE: a failed visit is weak evidence; retry with directions
AD002819,0.568,0.932,207.7,medium,0,CONFIRMED_BY_FIELD_VISIT,LOCATION_APPROXIMATE: a failed visit is weak evidence; retry with directions
AD002820,0.932,0.977,97.2,medium,0,CONFIRMED_BY_FIELD_VISIT,LOCATION_APPROXIMATE: a failed visit is weak evidence; retry with directions
AD002821,0.886,0.955,104.5,medium,0,CONFIRMED_BY_FIELD_VISIT,LOCATION_APPROXIMATE: a failed visit is weak evidence; retry with directions
AD002822,0.618,0.918,206.8,medium,0,INFERRED_FROM_STREET_NEIGHBOURS,LOCATION_APPROXIMATE: a failed visit is weak evidence; retry with directions
AD002823,0.247,0.648,523.6,low,1,INFERRED_FROM_STREET_NEIGHBOURS,LOCATION_UNRESOLVED: do not treat a failed visit here as evidence the address is invalid
AD002824,0.308,0.72,450.6,low,1,INFERRED_FROM_LANDMARK,LOCATION_UNRESOLVED: do not treat a failed visit here as evidence the address is invalid
AD002825,0.977,0.977,20.9,high,0,CONFIRMED_BY_FIELD_VISIT,LOCATION_CONFIRMED_OR_RELIABLE: a failed visit is informative
AD002826,0.185,0.59,603.1,low,1,INFERRED_FROM_LANDMARK,LOCATION_UNRESOLVED: do not treat a failed visit here as evidence the address is invalid
AD002827,0.437,0.831,338.7,low,1,INFERRED_FROM_STREET_NEIGHBOURS,LOCATION_UNRESOLVED: do not treat a failed visit here as evidence the address is invalid
AD002828,0.977,0.977,30.7,high,0,CONFIRMED_BY_FIELD_VISIT,LOCATION_CONFIRMED_OR_RELIABLE: a failed visit is informative
AD002829,0.977,0.977,15.5,high,0,CONFIRMED_BY_FIELD_VISIT,LOCATION_CONFIRMED_OR_RELIABLE: a failed visit is informative
AD002830,0.252,0.655,516.9,low,1,INFERRED_FROM_LANDMARK,LOCATION_UNRESOLVED: do not treat a failed visit here as evidence the address is invalid
AD002831,0.434,0.827,341.6,low,1,INFERRED_FROM_STREET_NEIGHBOURS,LOCATION_UNRESOLVED: do not treat a failed visit here as evidence the address is invalid
AD002832,0.977,0.977,19.5,high,0,CONFIRMED_BY_FIELD_VISIT,LOCATION_CONFIRMED_OR_RELIABLE: a failed visit is informative
AD002833,0.033,0.142,1789.5,low,1,LOCALITY_LEVEL_ONLY,LOCATION_UNRESOLVED: do not treat a failed visit here as evidence the address is invalid
AD002834,0.0,0.031,1806.0,low,1,NO_LOCALITY_IN_TEXT|OLD_GEOCODER_AT_PINCODE_CENTRE,LOCATION_UNRESOLVED: do not treat a failed visit here as evidence the address is invalid
AD002835,0.233,0.628,547.3,low,1,INFERRED_FROM_LANDMARK,LOCATION_UNRESOLVED: do not treat a failed visit here as evidence the address is invalid
AD002836,0.0,0.031,1907.7,low,1,NO_LOCALITY_IN_TEXT|OLD_GEOCODER_AT_PINCODE_CENTRE,LOCATION_UNRESOLVED: do not treat a failed visit here as evidence the address is invalid
AD002837,0.832,0.954,133.6,medium,0,INFERRED_FROM_STREET_NEIGHBOURS,LOCATION_APPROXIMATE: a failed visit is weak evidence; retry with directions
AD002838,0.632,0.923,201.0,medium,0,INFERRED_FROM_STREET_NEIGHBOURS,LOCATION_APPROXIMATE: a failed visit is weak evidence; retry with directions
AD002839,0.35,0.756,414.0,low,1,INFERRED_FROM_STREET_NEIGHBOURS,LOCATION_UNRESOLVED: do not treat a failed visit here as evidence the address is invalid
AD002840,0.823,0.953,138.7,medium,0,INFERRED_FROM_STREET_NEIGHBOURS,LOCATION_APPROXIMATE: a failed visit is weak evidence; retry with directions
AD002841,0.977,0.977,17.4,high,0,CONFIRMED_BY_FIELD_VISIT,LOCATION_CONFIRMED_OR_RELIABLE: a failed visit is informative
AD002842,0.977,0.977,21.4,high,0,CONFIRMED_BY_FIELD_VISIT,LOCATION_CONFIRMED_OR_RELIABLE: a failed visit is informative
AD002843,0.373,0.855,309.7,low,1,INFERRED_FROM_STREET_NEIGHBOURS,LOCATION_UNRESOLVED: do not treat a failed visit here as evidence the address is invalid
AD002844,0.034,0.146,1771.2,low,1,LOCALITY_LEVEL_ONLY,LOCATION_UNRESOLVED: do not treat a failed visit here as evidence the address is invalid
AD002845,0.618,0.918,207.2,medium,0,INFERRED_FROM_STREET_NEIGHBOURS,LOCATION_APPROXIMATE: a failed visit is weak evidence; retry with directions
AD002846,0.85,0.959,125.9,medium,0,INFERRED_FROM_STREET_NEIGHBOURS,LOCATION_APPROXIMATE: a failed visit is weak evidence; retry with directions
AD002847,0.506,0.867,288.1,medium,0,INFERRED_FROM_STREET_NEIGHBOURS,LOCATION_APPROXIMATE: a failed visit is weak evidence; retry with directions
AD002848,0.955,0.977,67.9,medium,0,CONFIRMED_BY_FIELD_VISIT,LOCATION_APPROXIMATE: a failed visit is weak evidence; retry with directions
AD002849,0.955,0.977,49.2,high,0,CONFIRMED_BY_FIELD_VISIT,LOCATION_CONFIRMED_OR_RELIABLE: a failed visit is informative
AD002850,0.895,0.973,101.4,medium,0,INFERRED_FROM_STREET_NEIGHBOURS,LOCATION_APPROXIMATE: a failed visit is weak evidence; retry with directions
AD002851,0.605,0.914,212.5,medium,0,INFERRED_FROM_STREET_NEIGHBOURS,LOCATION_APPROXIMATE: a failed visit is weak evidence; retry with directions
AD002852,0.977,0.977,22.0,high,0,CONFIRMED_BY_FIELD_VISIT,LOCATION_CONFIRMED_OR_RELIABLE: a failed visit is informative
AD002853,0.379,0.786,385.1,low,1,INFERRED_FROM_STREET_NEIGHBOURS,LOCATION_UNRESOLVED: do not treat a failed visit here as evidence the address is invalid
AD002854,0.474,0.852,306.7,low,1,INFERRED_FROM_STREET_NEIGHBOURS,LOCATION_UNRESOLVED: do not treat a failed visit here as evidence the address is invalid
AD002855,0.717,0.945,182.1,medium,0,INFERRED_FROM_STREET_NEIGHBOURS,LOCATION_APPROXIMATE: a failed visit is weak evidence; retry with directions
AD002856,0.0,0.031,1910.4,low,1,NO_LOCALITY_IN_TEXT|OLD_GEOCODER_AT_PINCODE_CENTRE,LOCATION_UNRESOLVED: do not treat a failed visit here as evidence the address is invalid
AD002857,0.135,0.499,727.1,low,1,INFERRED_FROM_LANDMARK,LOCATION_UNRESOLVED: do not treat a failed visit here as evidence the address is invalid
AD002858,0.977,0.977,29.3,high,0,CONFIRMED_BY_FIELD_VISIT,LOCATION_CONFIRMED_OR_RELIABLE: a failed visit is informative
AD002859,0.036,0.146,1759.6,low,1,LOCALITY_LEVEL_ONLY,LOCATION_UNRESOLVED: do not treat a failed visit here as evidence the address is invalid
AD002860,0.487,0.86,297.1,medium,0,INFERRED_FROM_STREET_NEIGHBOURS,LOCATION_APPROXIMATE: a failed visit is weak evidence; retry with directions
AD002861,0.977,0.977,18.5,high,0,CONFIRMED_BY_FIELD_VISIT,LOCATION_CONFIRMED_OR_RELIABLE: a failed visit is informative
AD002862,0.977,0.977,21.0,high,0,CONFIRMED_BY_FIELD_VISIT,LOCATION_CONFIRMED_OR_RELIABLE: a failed visit is informative
AD002863,0.563,0.897,255.0,medium,0,INFERRED_FROM_STREET_NEIGHBOURS,LOCATION_APPROXIMATE: a failed visit is weak evidence; retry with directions
AD002864,0.0,0.02,2273.7,low,1,NO_LOCALITY_IN_TEXT|OLD_GEOCODER_AT_PINCODE_CENTRE,LOCATION_UNRESOLVED: do not treat a failed visit here as evidence the address is invalid
AD002865,0.977,0.977,16.7,high,0,CONFIRMED_BY_FIELD_VISIT,LOCATION_CONFIRMED_OR_RELIABLE: a failed visit is informative
AD002866,0.977,0.977,17.3,high,0,CONFIRMED_BY_FIELD_VISIT,LOCATION_CONFIRMED_OR_RELIABLE: a failed visit is informative
AD002867,0.977,0.977,17.5,high,0,CONFIRMED_BY_FIELD_VISIT,LOCATION_CONFIRMED_OR_RELIABLE: a failed visit is informative
AD002868,0.8,0.952,148.4,medium,0,INFERRED_FROM_STREET_NEIGHBOURS,LOCATION_APPROXIMATE: a failed visit is weak evidence; retry with directions
AD002869,0.335,0.747,426.2,low,1,INFERRED_FROM_STREET_NEIGHBOURS,LOCATION_UNRESOLVED: do not treat a failed visit here as evidence the address is invalid
AD002870,0.977,0.977,20.2,high,0,CONFIRMED_BY_FIELD_VISIT,LOCATION_CONFIRMED_OR_RELIABLE: a failed visit is informative
AD002871,0.832,0.945,140.6,medium,0,INFERRED_FROM_STREET_NEIGHBOURS,LOCATION_APPROXIMATE: a failed visit is weak evidence; retry with directions
AD002872,0.955,0.977,67.5,medium,0,CONFIRMED_BY_FIELD_VISIT,LOCATION_APPROXIMATE: a failed visit is weak evidence; retry with directions
AD002873,0.466,0.85,313.5,low,1,INFERRED_FROM_STREET_NEIGHBOURS,LOCATION_UNRESOLVED: do not treat a failed visit here as evidence the address is invalid
AD002874,0.827,0.953,136.1,medium,0,INFERRED_FROM_STREET_NEIGHBOURS,LOCATION_APPROXIMATE: a failed visit is weak evidence; retry with directions
AD002875,0.977,0.977,28.8,high,0,CONFIRMED_BY_FIELD_VISIT,LOCATION_CONFIRMED_OR_RELIABLE: a failed visit is informative
AD002876,0.762,0.95,162.8,medium,0,INFERRED_FROM_STREET_NEIGHBOURS,LOCATION_APPROXIMATE: a failed visit is weak evidence; retry with directions
AD002877,0.977,0.977,16.6,high,0,CONFIRMED_BY_FIELD_VISIT,LOCATION_CONFIRMED_OR_RELIABLE: a failed visit is informative
AD002878,0.977,0.977,21.8,high,0,CONFIRMED_BY_FIELD_VISIT,LOCATION_CONFIRMED_OR_RELIABLE: a failed visit is informative
AD002879,0.238,0.632,541.5,low,1,INFERRED_FROM_STREET_NEIGHBOURS,LOCATION_UNRESOLVED: do not treat a failed visit here as evidence the address is invalid
AD002880,0.977,0.977,15.8,high,0,CONFIRMED_BY_FIELD_VISIT,LOCATION_CONFIRMED_OR_RELIABLE: a failed visit is informative
AD002881,0.0,0.031,1919.8,low,1,NO_LOCALITY_IN_TEXT|OLD_GEOCODER_AT_PINCODE_CENTRE,LOCATION_UNRESOLVED: do not treat a failed visit here as evidence the address is invalid
AD002882,0.977,0.977,21.3,high,0,CONFIRMED_BY_FIELD_VISIT,LOCATION_CONFIRMED_OR_RELIABLE: a failed visit is informative
AD002883,0.78,0.95,156.7,medium,0,INFERRED_FROM_STREET_NEIGHBOURS,LOCATION_APPROXIMATE: a failed visit is weak evidence; retry with directions
AD002884,0.977,0.977,8.7,high,0,CONFIRMED_BY_FIELD_VISIT,LOCATION_CONFIRMED_OR_RELIABLE: a failed visit is informative
AD002886,0.753,0.948,166.9,medium,0,INFERRED_FROM_STREET_NEIGHBOURS,LOCATION_APPROXIMATE: a failed visit is weak evidence; retry with directions
AD002887,0.239,0.637,535.6,low,1,INFERRED_FROM_LANDMARK,LOCATION_UNRESOLVED: do not treat a failed visit here as evidence the address is invalid
AD002888,0.41,0.816,354.2,low,1,INFERRED_FROM_STREET_NEIGHBOURS,LOCATION_UNRESOLVED: do not treat a failed visit here as evidence the address is invalid
AD002889,0.93,0.977,81.2,medium,0,CONFIRMED_BY_FIELD_VISIT,LOCATION_APPROXIMATE: a failed visit is weak evidence; retry with directions
AD002890,0.977,0.977,24.8,high,0,CONFIRMED_BY_FIELD_VISIT,LOCATION_CONFIRMED_OR_RELIABLE: a failed visit is informative
AD002891,0.977,0.977,22.3,high,0,CONFIRMED_BY_FIELD_VISIT,LOCATION_CONFIRMED_OR_RELIABLE: a failed visit is informative
AD002892,0.528,0.887,275.0,medium,0,INFERRED_FROM_STREET_NEIGHBOURS,LOCATION_APPROXIMATE: a failed visit is weak evidence; retry with directions
AD002893,0.425,0.822,349.4,low,1,INFERRED_FROM_STREET_NEIGHBOURS,LOCATION_UNRESOLVED: do not treat a failed visit here as evidence the address is invalid
AD002894,0.249,0.652,519.8,low,1,INFERRED_FROM_LANDMARK,LOCATION_UNRESOLVED: do not treat a failed visit here as evidence the address is invalid
AD002896,0.955,0.977,45.9,high,0,CONFIRMED_BY_FIELD_VISIT,LOCATION_CONFIRMED_OR_RELIABLE: a failed visit is informative
AD002898,0.034,0.146,1767.4,low,1,LOCALITY_LEVEL_ONLY,LOCATION_UNRESOLVED: do not treat a failed visit here as evidence the address is invalid
AD002899,0.354,0.759,411.5,low,1,INFERRED_FROM_STREET_NEIGHBOURS,LOCATION_UNRESOLVED: do not treat a failed visit here as evidence the address is invalid
AD002900,0.341,0.749,421.9,low,1,INFERRED_FROM_STREET_NEIGHBOURS,LOCATION_UNRESOLVED: do not treat a failed visit here as evidence the address is invalid
AD002901,0.977,0.977,30.2,high,0,CONFIRMED_BY_FIELD_VISIT,LOCATION_CONFIRMED_OR_RELIABLE: a failed visit is informative
AD002902,0.284,0.682,485.4,low,1,INFERRED_FROM_STREET_NEIGHBOURS,LOCATION_UNRESOLVED: do not treat a failed visit here as evidence the address is invalid
AD002903,0.977,0.977,17.4,high,0,CONFIRMED_BY_FIELD_VISIT,LOCATION_CONFIRMED_OR_RELIABLE: a failed visit is informative
AD002904,0.955,0.977,75.7,medium,0,CONFIRMED_BY_FIELD_VISIT,LOCATION_APPROXIMATE: a failed visit is weak evidence; retry with directions
AD002905,0.385,0.79,379.5,low,1,INFERRED_FROM_STREET_NEIGHBOURS,LOCATION_UNRESOLVED: do not treat a failed visit here as evidence the address is invalid
AD002906,0.977,0.977,20.8,high,0,CONFIRMED_BY_FIELD_VISIT,LOCATION_CONFIRMED_OR_RELIABLE: a failed visit is informative
AD002907,0.955,0.977,71.8,medium,0,CONFIRMED_BY_FIELD_VISIT,LOCATION_APPROXIMATE: a failed visit is weak evidence; retry with directions
AD002908,0.895,0.973,102.2,medium,0,INFERRED_FROM_STREET_NEIGHBOURS,LOCATION_APPROXIMATE: a failed visit is weak evidence; retry with directions
AD002910,0.817,0.953,141.6,medium,0,INFERRED_FROM_STREET_NEIGHBOURS,LOCATION_APPROXIMATE: a failed visit is weak evidence; retry with directions
AD002911,0.977,0.977,26.6,high,0,CONFIRMED_BY_FIELD_VISIT,LOCATION_CONFIRMED_OR_RELIABLE: a failed visit is informative
AD002912,0.591,0.955,191.3,medium,0,CONFIRMED_BY_FIELD_VISIT,LOCATION_APPROXIMATE: a failed visit is weak evidence; retry with directions
AD002913,0.977,0.977,20.1,high,0,CONFIRMED_BY_FIELD_VISIT,LOCATION_CONFIRMED_OR_RELIABLE: a failed visit is informative
AD002914,0.977,0.977,37.2,high,0,CONFIRMED_BY_FIELD_VISIT,LOCATION_CONFIRMED_OR_RELIABLE: a failed visit is informative
AD002915,0.184,0.581,610.9,low,1,INFERRED_FROM_LANDMARK,LOCATION_UNRESOLVED: do not treat a failed visit here as evidence the address is invalid
AD002916,0.977,0.977,16.2,high,0,CONFIRMED_BY_FIELD_VISIT,LOCATION_CONFIRMED_OR_RELIABLE: a failed visit is informative
AD002917,0.439,0.832,336.1,low,1,INFERRED_FROM_STREET_NEIGHBOURS,LOCATION_UNRESOLVED: do not treat a failed visit here as evidence the address is invalid
AD002918,0.341,0.749,421.9,low,1,INFERRED_FROM_LANDMARK,LOCATION_UNRESOLVED: do not treat a failed visit here as evidence the address is invalid
AD002920,0.977,0.977,18.9,high,0,CONFIRMED_BY_FIELD_VISIT,LOCATION_CONFIRMED_OR_RELIABLE: a failed visit is informative
AD002921,0.651,0.928,208.8,medium,0,INFERRED_FROM_STREET_NEIGHBOURS,LOCATION_APPROXIMATE: a failed visit is weak evidence; retry with directions
AD002922,0.977,0.977,38.4,high,0,CONFIRMED_BY_FIELD_VISIT,LOCATION_CONFIRMED_OR_RELIABLE: a failed visit is informative
AD002923,0.891,0.967,106.4,medium,0,INFERRED_FROM_STREET_NEIGHBOURS,LOCATION_APPROXIMATE: a failed visit is weak evidence; retry with directions
AD002924,0.138,0.504,721.8,low,1,INFERRED_FROM_STREET_NEIGHBOURS,LOCATION_UNRESOLVED: do not treat a failed visit here as evidence the address is invalid
AD002925,0.977,0.977,22.6,high,0,CONFIRMED_BY_FIELD_VISIT,LOCATION_CONFIRMED_OR_RELIABLE: a failed visit is informative
AD002926,0.034,0.142,1780.4,low,1,LOCALITY_LEVEL_ONLY,LOCATION_UNRESOLVED: do not treat a failed visit here as evidence the address is invalid
AD002927,0.0,0.02,2310.2,low,1,NO_LOCALITY_IN_TEXT|OLD_GEOCODER_AT_PINCODE_CENTRE,LOCATION_UNRESOLVED: do not treat a failed visit here as evidence the address is invalid
AD002928,0.977,0.977,19.9,high,0,CONFIRMED_BY_FIELD_VISIT,LOCATION_CONFIRMED_OR_RELIABLE: a failed visit is informative
AD002929,0.61,0.913,229.5,medium,0,INFERRED_FROM_STREET_NEIGHBOURS,LOCATION_APPROXIMATE: a failed visit is weak evidence; retry with directions
AD002930,0.386,0.793,378.3,low,1,INFERRED_FROM_STREET_NEIGHBOURS,LOCATION_UNRESOLVED: do not treat a failed visit here as evidence the address is invalid
AD002931,0.284,0.682,485.0,low,1,INFERRED_FROM_STREET_NEIGHBOURS,LOCATION_UNRESOLVED: do not treat a failed visit here as evidence the address is invalid
AD002932,0.932,0.977,95.5,medium,0,CONFIRMED_BY_FIELD_VISIT,LOCATION_APPROXIMATE: a failed visit is weak evidence; retry with directions
AD002933,0.977,0.977,31.3,high,0,CONFIRMED_BY_FIELD_VISIT,LOCATION_CONFIRMED_OR_RELIABLE: a failed visit is informative
AD002934,0.0,0.02,2088.5,low,1,NO_LOCALITY_IN_TEXT|OLD_GEOCODER_AT_PINCODE_CENTRE,LOCATION_UNRESOLVED: do not treat a failed visit here as evidence the address is invalid
AD002935,0.62,0.918,223.4,medium,0,INFERRED_FROM_STREET_NEIGHBOURS,LOCATION_APPROXIMATE: a failed visit is weak evidence; retry with directions
AD002936,0.977,0.977,16.8,high,0,CONFIRMED_BY_FIELD_VISIT,LOCATION_CONFIRMED_OR_RELIABLE: a failed visit is informative
AD002938,0.977,0.977,18.3,high,0,CONFIRMED_BY_FIELD_VISIT,LOCATION_CONFIRMED_OR_RELIABLE: a failed visit is informative
AD002939,0.034,0.142,1780.9,low,1,LOCALITY_LEVEL_ONLY,LOCATION_UNRESOLVED: do not treat a failed visit here as evidence the address is invalid
AD002940,0.823,0.953,138.9,medium,0,INFERRED_FROM_STREET_NEIGHBOURS,LOCATION_APPROXIMATE: a failed visit is weak evidence; retry with directions
AD002941,0.805,0.952,146.5,medium,0,INFERRED_FROM_STREET_NEIGHBOURS,LOCATION_APPROXIMATE: a failed visit is weak evidence; retry with directions
AD002942,0.605,0.914,213.9,medium,0,LOCALITY_LEVEL_ONLY,LOCATION_APPROXIMATE: a failed visit is weak evidence; retry with directions
AD002943,0.977,0.977,15.7,high,0,CONFIRMED_BY_FIELD_VISIT,LOCATION_CONFIRMED_OR_RELIABLE: a failed visit is informative
AD002944,0.631,0.924,218.0,medium,0,INFERRED_FROM_STREET_NEIGHBOURS,LOCATION_APPROXIMATE: a failed visit is weak evidence; retry with directions
AD002945,0.977,0.977,27.5,high,0,CONFIRMED_BY_FIELD_VISIT,LOCATION_CONFIRMED_OR_RELIABLE: a failed visit is informative
AD002947,0.315,0.729,445.0,low,1,INFERRED_FROM_STREET_NEIGHBOURS,LOCATION_UNRESOLVED: do not treat a failed visit here as evidence the address is invalid
AD002948,0.184,0.585,607.1,low,1,INFERRED_FROM_LANDMARK,LOCATION_UNRESOLVED: do not treat a failed visit here as evidence the address is invalid
AD002949,0.034,0.146,1763.2,low,1,LOCALITY_LEVEL_ONLY,LOCATION_UNRESOLVED: do not treat a failed visit here as evidence the address is invalid
AD002950,0.11,0.453,808.9,low,1,INFERRED_FROM_LANDMARK,LOCATION_UNRESOLVED: do not treat a failed visit here as evidence the address is invalid
AD002952,0.175,0.573,626.3,low,1,INFERRED_FROM_LANDMARK,LOCATION_UNRESOLVED: do not treat a failed visit here as evidence the address is invalid
AD002953,0.955,0.977,72.8,medium,0,CONFIRMED_BY_FIELD_VISIT,LOCATION_APPROXIMATE: a failed visit is weak evidence; retry with directions
AD002954,0.459,0.848,318.2,low,1,INFERRED_FROM_STREET_NEIGHBOURS,LOCATION_UNRESOLVED: do not treat a failed visit here as evidence the address is invalid
AD002955,0.0,0.031,1920.8,low,1,NO_LOCALITY_IN_TEXT|OLD_GEOCODER_AT_PINCODE_CENTRE,LOCATION_UNRESOLVED: do not treat a failed visit here as evidence the address is invalid
AD002956,0.977,0.977,16.6,high,0,CONFIRMED_BY_FIELD_VISIT,LOCATION_CONFIRMED_OR_RELIABLE: a failed visit is informative
AD002957,0.262,0.66,510.6,low,1,INFERRED_FROM_STREET_NEIGHBOURS,LOCATION_UNRESOLVED: do not treat a failed visit here as evidence the address is invalid
AD002958,0.0,0.031,1802.9,low,1,NO_LOCALITY_IN_TEXT|OLD_GEOCODER_AT_PINCODE_CENTRE,LOCATION_UNRESOLVED: do not treat a failed visit here as evidence the address is invalid
AD002959,0.977,0.977,25.7,high,0,CONFIRMED_BY_FIELD_VISIT,LOCATION_CONFIRMED_OR_RELIABLE: a failed visit is informative
AD002960,0.682,0.923,191.3,medium,0,INFERRED_FROM_STREET_NEIGHBOURS,LOCATION_APPROXIMATE: a failed visit is weak evidence; retry with directions
AD002961,0.354,0.76,411.2,low,1,INFERRED_FROM_STREET_NEIGHBOURS,LOCATION_UNRESOLVED: do not treat a failed visit here as evidence the address is invalid
AD002962,0.977,0.977,18.9,high,0,CONFIRMED_BY_FIELD_VISIT,LOCATION_CONFIRMED_OR_RELIABLE: a failed visit is informative
AD002964,0.977,0.977,16.4,high,0,CONFIRMED_BY_FIELD_VISIT,LOCATION_CONFIRMED_OR_RELIABLE: a failed visit is informative
AD002965,0.822,0.953,140.2,medium,0,INFERRED_FROM_STREET_NEIGHBOURS,LOCATION_APPROXIMATE: a failed visit is weak evidence; retry with directions
AD002966,0.977,0.977,23.3,high,0,CONFIRMED_BY_FIELD_VISIT,LOCATION_CONFIRMED_OR_RELIABLE: a failed visit is informative
AD002967,0.955,0.977,41.8,high,0,CONFIRMED_BY_FIELD_VISIT,LOCATION_CONFIRMED_OR_RELIABLE: a failed visit is informative
AD002968,0.977,0.977,19.0,high,0,CONFIRMED_BY_FIELD_VISIT,LOCATION_CONFIRMED_OR_RELIABLE: a failed visit is informative
AD002969,0.028,0.133,1823.3,low,1,LOCALITY_LEVEL_ONLY,LOCATION_UNRESOLVED: do not treat a failed visit here as evidence the address is invalid
AD002970,0.232,0.628,548.7,low,1,INFERRED_FROM_LANDMARK,LOCATION_UNRESOLVED: do not treat a failed visit here as evidence the address is invalid
AD002971,0.167,0.559,644.0,low,1,INFERRED_FROM_LANDMARK,LOCATION_UNRESOLVED: do not treat a failed visit here as evidence the address is invalid
AD002972,0.175,0.57,632.1,low,1,INFERRED_FROM_STREET_NEIGHBOURS,LOCATION_UNRESOLVED: do not treat a failed visit here as evidence the address is invalid
AD002973,0.955,0.977,71.5,medium,0,CONFIRMED_BY_FIELD_VISIT,LOCATION_APPROXIMATE: a failed visit is weak evidence; retry with directions
AD002974,0.448,0.832,330.6,low,1,INFERRED_FROM_STREET_NEIGHBOURS,LOCATION_UNRESOLVED: do not treat a failed visit here as evidence the address is invalid
AD002975,0.091,0.361,998.1,low,1,INFERRED_FROM_STREET_NEIGHBOURS,LOCATION_UNRESOLVED: do not treat a failed visit here as evidence the address is invalid
AD002976,0.977,0.977,16.4,high,0,CONFIRMED_BY_FIELD_VISIT,LOCATION_CONFIRMED_OR_RELIABLE: a failed visit is informative
AD002977,0.977,0.977,22.8,high,0,CONFIRMED_BY_FIELD_VISIT,LOCATION_CONFIRMED_OR_RELIABLE: a failed visit is informative
AD002978,0.977,0.977,16.1,high,0,CONFIRMED_BY_FIELD_VISIT,LOCATION_CONFIRMED_OR_RELIABLE: a failed visit is informative
AD002979,0.977,0.977,30.8,high,0,CONFIRMED_BY_FIELD_VISIT,LOCATION_CONFIRMED_OR_RELIABLE: a failed visit is informative
AD002980,0.849,0.959,126.7,medium,0,INFERRED_FROM_STREET_NEIGHBOURS,LOCATION_APPROXIMATE: a failed visit is weak evidence; retry with directions
AD002981,0.977,0.977,16.5,high,0,CONFIRMED_BY_FIELD_VISIT,LOCATION_CONFIRMED_OR_RELIABLE: a failed visit is informative
AD002982,0.977,0.977,17.7,high,0,CONFIRMED_BY_FIELD_VISIT,LOCATION_CONFIRMED_OR_RELIABLE: a failed visit is informative
AD002983,0.568,0.932,201.6,medium,0,CONFIRMED_BY_FIELD_VISIT,LOCATION_APPROXIMATE: a failed visit is weak evidence; retry with directions
AD002984,0.35,0.756,413.9,low,1,INFERRED_FROM_STREET_NEIGHBOURS,LOCATION_UNRESOLVED: do not treat a failed visit here as evidence the address is invalid
AD002986,0.977,0.977,16.9,high,0,CONFIRMED_BY_FIELD_VISIT,LOCATION_CONFIRMED_OR_RELIABLE: a failed visit is informative
AD002987,0.977,0.977,21.2,high,0,CONFIRMED_BY_FIELD_VISIT,LOCATION_CONFIRMED_OR_RELIABLE: a failed visit is informative
AD002988,0.886,0.955,104.3,medium,0,CONFIRMED_BY_FIELD_VISIT,LOCATION_APPROXIMATE: a failed visit is weak evidence; retry with directions
AD002989,0.977,0.977,19.4,high,0,CONFIRMED_BY_FIELD_VISIT,LOCATION_CONFIRMED_OR_RELIABLE: a failed visit is informative
AD002990,0.977,0.977,16.6,high,0,CONFIRMED_BY_FIELD_VISIT,LOCATION_CONFIRMED_OR_RELIABLE: a failed visit is informative
AD002991,0.977,0.977,15.9,high,0,CONFIRMED_BY_FIELD_VISIT,LOCATION_CONFIRMED_OR_RELIABLE: a failed visit is informative
AD002992,0.455,0.845,320.2,low,1,INFERRED_FROM_STREET_NEIGHBOURS,LOCATION_UNRESOLVED: do not treat a failed visit here as evidence the address is invalid
AD002993,0.977,0.977,19.8,high,0,CONFIRMED_BY_FIELD_VISIT,LOCATION_CONFIRMED_OR_RELIABLE: a failed visit is informative
AD002994,0.243,0.647,524.8,low,1,INFERRED_FROM_LANDMARK,LOCATION_UNRESOLVED: do not treat a failed visit here as evidence the address is invalid
AD002995,0.977,0.977,16.3,high,0,CONFIRMED_BY_FIELD_VISIT,LOCATION_CONFIRMED_OR_RELIABLE: a failed visit is informative
AD002996,0.977,0.977,17.8,high,0,CONFIRMED_BY_FIELD_VISIT,LOCATION_CONFIRMED_OR_RELIABLE: a failed visit is informative
AD002997,0.977,0.977,17.6,high,0,CONFIRMED_BY_FIELD_VISIT,LOCATION_CONFIRMED_OR_RELIABLE: a failed visit is informative
AD002999,0.336,0.841,330.6,low,1,INFERRED_FROM_STREET_NEIGHBOURS,LOCATION_UNRESOLVED: do not treat a failed visit here as evidence the address is invalid
AD003000,0.306,0.717,453.5,low,1,INFERRED_FROM_LANDMARK,LOCATION_UNRESOLVED: do not treat a failed visit here as evidence the address is invalid
AD003002,0.977,0.977,20.8,high,0,CONFIRMED_BY_FIELD_VISIT,LOCATION_CONFIRMED_OR_RELIABLE: a failed visit is informative
AD003003,0.0,0.031,1902.4,low,1,NO_LOCALITY_IN_TEXT|OLD_GEOCODER_AT_PINCODE_CENTRE,LOCATION_UNRESOLVED: do not treat a failed visit here as evidence the address is invalid
AD003004,0.773,0.955,138.1,medium,0,CONFIRMED_BY_FIELD_VISIT,LOCATION_APPROXIMATE: a failed visit is weak evidence; retry with directions
AD003005,0.977,0.977,23.0,high,0,CONFIRMED_BY_FIELD_VISIT,LOCATION_CONFIRMED_OR_RELIABLE: a failed visit is informative
AD003006,0.155,0.534,678.5,low,1,INFERRED_FROM_LANDMARK,LOCATION_UNRESOLVED: do not treat a failed visit here as evidence the address is invalid
AD003007,0.977,0.977,17.2,high,0,CONFIRMED_BY_FIELD_VISIT,LOCATION_CONFIRMED_OR_RELIABLE: a failed visit is informative
AD003008,0.977,0.977,22.9,high,0,CONFIRMED_BY_FIELD_VISIT,LOCATION_CONFIRMED_OR_RELIABLE: a failed visit is informative
AD003009,0.541,0.909,235.6,medium,0,INFERRED_FROM_LANDMARK,LOCATION_APPROXIMATE: a failed visit is weak evidence; retry with directions
AD003010,0.977,0.977,24.1,high,0,CONFIRMED_BY_FIELD_VISIT,LOCATION_CONFIRMED_OR_RELIABLE: a failed visit is informative
AD003011,0.818,0.955,123.3,medium,0,CONFIRMED_BY_FIELD_VISIT,LOCATION_APPROXIMATE: a failed visit is weak evidence; retry with directions
AD003012,0.977,0.977,28.3,high,0,CONFIRMED_BY_FIELD_VISIT,LOCATION_CONFIRMED_OR_RELIABLE: a failed visit is informative
AD003013,0.955,0.977,70.3,medium,0,CONFIRMED_BY_FIELD_VISIT,LOCATION_APPROXIMATE: a failed visit is weak evidence; retry with directions
AD003014,0.955,0.977,62.6,medium,0,CONFIRMED_BY_FIELD_VISIT,LOCATION_APPROXIMATE: a failed visit is weak evidence; retry with directions
AD003015,0.977,0.977,32.4,high,0,CONFIRMED_BY_FIELD_VISIT,LOCATION_CONFIRMED_OR_RELIABLE: a failed visit is informative
AD003016,0.955,0.977,44.2,high,0,CONFIRMED_BY_FIELD_VISIT,LOCATION_CONFIRMED_OR_RELIABLE: a failed visit is informative
AD003017,0.036,0.146,1758.9,low,1,LOCALITY_LEVEL_ONLY,LOCATION_UNRESOLVED: do not treat a failed visit here as evidence the address is invalid
AD003018,0.37,0.777,395.4,low,1,INFERRED_FROM_STREET_NEIGHBOURS,LOCATION_UNRESOLVED: do not treat a failed visit here as evidence the address is invalid
AD003019,0.955,0.977,41.8,high,0,CONFIRMED_BY_FIELD_VISIT,LOCATION_CONFIRMED_OR_RELIABLE: a failed visit is informative
AD003020,0.897,0.97,100.7,medium,0,INFERRED_FROM_STREET_NEIGHBOURS,LOCATION_APPROXIMATE: a failed visit is weak evidence; retry with directions
AD003022,0.7,0.939,187.9,medium,0,INFERRED_FROM_STREET_NEIGHBOURS,LOCATION_APPROXIMATE: a failed visit is weak evidence; retry with directions
AD003024,0.354,0.759,411.7,low,1,INFERRED_FROM_STREET_NEIGHBOURS,LOCATION_UNRESOLVED: do not treat a failed visit here as evidence the address is invalid
AD003025,0.518,0.9,246.7,medium,0,INFERRED_FROM_STREET_NEIGHBOURS,LOCATION_APPROXIMATE: a failed visit is weak evidence; retry with directions
AD003026,0.977,0.977,21.9,high,0,CONFIRMED_BY_FIELD_VISIT,LOCATION_CONFIRMED_OR_RELIABLE: a failed visit is informative
AD003027,0.977,0.977,30.1,high,0,CONFIRMED_BY_FIELD_VISIT,LOCATION_CONFIRMED_OR_RELIABLE: a failed visit is informative
AD003028,0.479,0.858,301.1,low,1,INFERRED_FROM_STREET_NEIGHBOURS,LOCATION_UNRESOLVED: do not treat a failed visit here as evidence the address is invalid
AD003029,0.442,0.832,334.0,low,1,INFERRED_FROM_STREET_NEIGHBOURS,LOCATION_UNRESOLVED: do not treat a failed visit here as evidence the address is invalid
AD003030,0.977,0.977,18.9,high,0,CONFIRMED_BY_FIELD_VISIT,LOCATION_CONFIRMED_OR_RELIABLE: a failed visit is informative
AD003031,0.98,0.99,31.5,high,0,NO_LOCALITY_IN_TEXT,LOCATION_CONFIRMED_OR_RELIABLE: a failed visit is informative
AD003032,0.395,0.8,371.2,low,1,INFERRED_FROM_STREET_NEIGHBOURS,LOCATION_UNRESOLVED: do not treat a failed visit here as evidence the address is invalid
AD003034,0.506,0.868,288.0,medium,0,INFERRED_FROM_STREET_NEIGHBOURS,LOCATION_APPROXIMATE: a failed visit is weak evidence; retry with directions
AD003035,0.977,0.977,18.6,high,0,CONFIRMED_BY_FIELD_VISIT,LOCATION_CONFIRMED_OR_RELIABLE: a failed visit is informative
AD003036,0.895,0.973,102.2,medium,0,INFERRED_FROM_STREET_NEIGHBOURS,LOCATION_APPROXIMATE: a failed visit is weak evidence; retry with directions
AD003037,0.414,0.868,282.5,medium,0,INFERRED_FROM_STREET_NEIGHBOURS,LOCATION_APPROXIMATE: a failed visit is weak evidence; retry with directions
AD003038,0.977,0.977,22.3,high,0,CONFIRMED_BY_FIELD_VISIT,LOCATION_CONFIRMED_OR_RELIABLE: a failed visit is informative
AD003039,0.034,0.145,1774.4,low,1,LOCALITY_LEVEL_ONLY,LOCATION_UNRESOLVED: do not treat a failed visit here as evidence the address is invalid
AD003040,0.977,0.977,39.4,high,0,CONFIRMED_BY_FIELD_VISIT,LOCATION_CONFIRMED_OR_RELIABLE: a failed visit is informative
AD003041,0.977,0.977,17.9,high,0,CONFIRMED_BY_FIELD_VISIT,LOCATION_CONFIRMED_OR_RELIABLE: a failed visit is informative
AD003042,0.807,0.952,145.1,medium,0,INFERRED_FROM_STREET_NEIGHBOURS,LOCATION_APPROXIMATE: a failed visit is weak evidence; retry with directions
AD003043,0.87,0.965,114.4,medium,0,INFERRED_FROM_STREET_NEIGHBOURS,LOCATION_APPROXIMATE: a failed visit is weak evidence; retry with directions
AD003044,0.977,0.977,15.6,high,0,CONFIRMED_BY_FIELD_VISIT,LOCATION_CONFIRMED_OR_RELIABLE: a failed visit is informative
AD003045,0.932,0.977,90.8,medium,0,CONFIRMED_BY_FIELD_VISIT,LOCATION_APPROXIMATE: a failed visit is weak evidence; retry with directions
AD003046,0.508,0.87,286.4,medium,0,INFERRED_FROM_STREET_NEIGHBOURS,LOCATION_APPROXIMATE: a failed visit is weak evidence; retry with directions
AD003047,0.064,0.287,1202.3,low,1,INFERRED_FROM_STREET_NEIGHBOURS,LOCATION_UNRESOLVED: do not treat a failed visit here as evidence the address is invalid
AD003048,0.337,0.747,425.3,low,1,INFERRED_FROM_STREET_NEIGHBOURS,LOCATION_UNRESOLVED: do not treat a failed visit here as evidence the address is invalid
AD003049,0.627,0.923,204.8,medium,0,INFERRED_FROM_STREET_NEIGHBOURS,LOCATION_APPROXIMATE: a failed visit is weak evidence; retry with directions
AD003050,0.955,0.977,53.0,high,0,CONFIRMED_BY_FIELD_VISIT,LOCATION_CONFIRMED_OR_RELIABLE: a failed visit is informative
AD003051,0.878,0.965,113.4,medium,0,INFERRED_FROM_STREET_NEIGHBOURS,LOCATION_APPROXIMATE: a failed visit is weak evidence; retry with directions
AD003052,0.272,0.665,497.8,low,1,INFERRED_FROM_STREET_NEIGHBOURS,LOCATION_UNRESOLVED: do not treat a failed visit here as evidence the address is invalid
AD003053,0.977,0.977,21.2,high,0,CONFIRMED_BY_FIELD_VISIT,LOCATION_CONFIRMED_OR_RELIABLE: a failed visit is informative
AD003054,0.769,0.95,160.0,medium,0,INFERRED_FROM_STREET_NEIGHBOURS,LOCATION_APPROXIMATE: a failed visit is weak evidence; retry with directions
AD003055,0.977,0.977,23.5,high,0,CONFIRMED_BY_FIELD_VISIT,LOCATION_CONFIRMED_OR_RELIABLE: a failed visit is informative
AD003056,0.0,0.031,1798.9,low,1,NO_LOCALITY_IN_TEXT|OLD_GEOCODER_AT_PINCODE_CENTRE,LOCATION_UNRESOLVED: do not treat a failed visit here as evidence the address is invalid
AD003057,0.437,0.831,338.9,low,1,INFERRED_FROM_STREET_NEIGHBOURS,LOCATION_UNRESOLVED: do not treat a failed visit here as evidence the address is invalid
AD003058,0.396,0.8,369.3,low,1,INFERRED_FROM_STREET_NEIGHBOURS,LOCATION_UNRESOLVED: do not treat a failed visit here as evidence the address is invalid
AD003059,0.85,0.959,124.9,medium,0,INFERRED_FROM_STREET_NEIGHBOURS,LOCATION_APPROXIMATE: a failed visit is weak evidence; retry with directions
AD003060,0.977,0.977,18.2,high,0,CONFIRMED_BY_FIELD_VISIT,LOCATION_CONFIRMED_OR_RELIABLE: a failed visit is informative
AD003062,0.591,0.909,220.1,medium,0,INFERRED_FROM_STREET_NEIGHBOURS,LOCATION_APPROXIMATE: a failed visit is weak evidence; retry with directions
AD003063,0.832,0.945,139.0,medium,0,INFERRED_FROM_STREET_NEIGHBOURS,LOCATION_APPROXIMATE: a failed visit is weak evidence; retry with directions
AD003064,0.728,0.946,178.3,medium,0,INFERRED_FROM_STREET_NEIGHBOURS,LOCATION_APPROXIMATE: a failed visit is weak evidence; retry with directions
AD003065,0.977,0.977,20.9,high,0,CONFIRMED_BY_FIELD_VISIT,LOCATION_CONFIRMED_OR_RELIABLE: a failed visit is informative
AD003066,0.977,0.977,19.1,high,0,CONFIRMED_BY_FIELD_VISIT,LOCATION_CONFIRMED_OR_RELIABLE: a failed visit is informative
AD003067,0.977,0.977,17.5,high,0,CONFIRMED_BY_FIELD_VISIT,LOCATION_CONFIRMED_OR_RELIABLE: a failed visit is informative
AD003068,0.151,0.531,682.2,low,1,INFERRED_FROM_LANDMARK,LOCATION_UNRESOLVED: do not treat a failed visit here as evidence the address is invalid
AD003069,0.102,0.408,890.9,low,1,INFERRED_FROM_STREET_NEIGHBOURS,LOCATION_UNRESOLVED: do not treat a failed visit here as evidence the address is invalid
AD003070,0.104,0.433,861.7,low,1,INFERRED_FROM_STREET_NEIGHBOURS,LOCATION_UNRESOLVED: do not treat a failed visit here as evidence the address is invalid
AD003071,0.505,0.9,248.7,medium,0,INFERRED_FROM_LANDMARK,LOCATION_APPROXIMATE: a failed visit is weak evidence; retry with directions
AD003072,0.977,0.977,19.3,high,0,CONFIRMED_BY_FIELD_VISIT,LOCATION_CONFIRMED_OR_RELIABLE: a failed visit is informative
AD003073,0.0,0.031,1946.6,low,1,NO_LOCALITY_IN_TEXT|OLD_GEOCODER_AT_PINCODE_CENTRE,LOCATION_UNRESOLVED: do not treat a failed visit here as evidence the address is invalid
AD003074,0.977,0.977,18.5,high,0,CONFIRMED_BY_FIELD_VISIT,LOCATION_CONFIRMED_OR_RELIABLE: a failed visit is informative
AD003075,0.098,0.397,910.4,low,1,INFERRED_FROM_LANDMARK,LOCATION_UNRESOLVED: do not treat a failed visit here as evidence the address is invalid
AD003076,0.434,0.827,342.1,low,1,INFERRED_FROM_STREET_NEIGHBOURS,LOCATION_UNRESOLVED: do not treat a failed visit here as evidence the address is invalid
AD003077,0.955,0.977,47.4,high,0,CONFIRMED_BY_FIELD_VISIT,LOCATION_CONFIRMED_OR_RELIABLE: a failed visit is informative
AD003078,0.324,0.737,437.2,low,1,INFERRED_FROM_LANDMARK,LOCATION_UNRESOLVED: do not treat a failed visit here as evidence the address is invalid
AD003080,0.518,0.879,281.9,medium,0,INFERRED_FROM_STREET_NEIGHBOURS,LOCATION_APPROXIMATE: a failed visit is weak evidence; retry with directions
AD003081,0.231,0.627,549.5,low,1,INFERRED_FROM_STREET_NEIGHBOURS,LOCATION_UNRESOLVED: do not treat a failed visit here as evidence the address is invalid
AD003082,0.396,0.803,367.4,low,1,INFERRED_FROM_STREET_NEIGHBOURS,LOCATION_UNRESOLVED: do not treat a failed visit here as evidence the address is invalid
AD003083,0.955,0.977,46.3,high,0,CONFIRMED_BY_FIELD_VISIT,LOCATION_CONFIRMED_OR_RELIABLE: a failed visit is informative
AD003084,0.823,0.953,139.2,medium,0,INFERRED_FROM_STREET_NEIGHBOURS,LOCATION_APPROXIMATE: a failed visit is weak evidence; retry with directions
AD003085,0.977,0.977,11.8,high,0,CONFIRMED_BY_FIELD_VISIT,LOCATION_CONFIRMED_OR_RELIABLE: a failed visit is informative
AD003086,0.977,0.977,19.2,high,0,CONFIRMED_BY_FIELD_VISIT,LOCATION_CONFIRMED_OR_RELIABLE: a failed visit is informative
AD003087,0.977,0.977,21.3,high,0,CONFIRMED_BY_FIELD_VISIT,LOCATION_CONFIRMED_OR_RELIABLE: a failed visit is informative
AD003088,0.62,0.918,224.2,medium,0,INFERRED_FROM_STREET_NEIGHBOURS,LOCATION_APPROXIMATE: a failed visit is weak evidence; retry with directions
AD003090,0.977,0.977,19.4,high,0,CONFIRMED_BY_FIELD_VISIT,LOCATION_CONFIRMED_OR_RELIABLE: a failed visit is informative
AD003092,0.028,0.128,1865.1,low,1,INFERRED_FROM_STREET_NEIGHBOURS,LOCATION_UNRESOLVED: do not treat a failed visit here as evidence the address is invalid
AD003094,0.955,0.977,41.8,high,0,CONFIRMED_BY_FIELD_VISIT,LOCATION_CONFIRMED_OR_RELIABLE: a failed visit is informative
AD003096,0.028,0.128,1882.8,low,1,LOCALITY_LEVEL_ONLY,LOCATION_UNRESOLVED: do not treat a failed visit here as evidence the address is invalid
AD003098,0.727,0.955,148.0,medium,0,CONFIRMED_BY_FIELD_VISIT,LOCATION_APPROXIMATE: a failed visit is weak evidence; retry with directions
AD003099,0.977,0.977,16.9,high,0,CONFIRMED_BY_FIELD_VISIT,LOCATION_CONFIRMED_OR_RELIABLE: a failed visit is informative
AD003100,0.977,0.977,25.1,high,0,CONFIRMED_BY_FIELD_VISIT,LOCATION_CONFIRMED_OR_RELIABLE: a failed visit is informative
AD003102,0.977,0.977,34.9,high,0,CONFIRMED_BY_FIELD_VISIT,LOCATION_CONFIRMED_OR_RELIABLE: a failed visit is informative
AD003104,0.389,0.794,376.8,low,1,INFERRED_FROM_STREET_NEIGHBOURS,LOCATION_UNRESOLVED: do not treat a failed visit here as evidence the address is invalid
AD003105,0.977,0.977,31.7,high,0,CONFIRMED_BY_FIELD_VISIT,LOCATION_CONFIRMED_OR_RELIABLE: a failed visit is informative
AD003106,0.977,0.977,22.9,high,0,CONFIRMED_BY_FIELD_VISIT,LOCATION_CONFIRMED_OR_RELIABLE: a failed visit is informative
AD003107,0.0,0.031,1958.6,low,1,NO_LOCALITY_IN_TEXT|OLD_GEOCODER_AT_PINCODE_CENTRE,LOCATION_UNRESOLVED: do not treat a failed visit here as evidence the address is invalid
AD003110,0.766,0.95,160.9,medium,0,INFERRED_FROM_STREET_NEIGHBOURS,LOCATION_APPROXIMATE: a failed visit is weak evidence; retry with directions
AD003111,0.271,0.665,499.0,low,1,INFERRED_FROM_LANDMARK,LOCATION_UNRESOLVED: do not treat a failed visit here as evidence the address is invalid
AD003113,0.361,0.768,401.1,low,1,INFERRED_FROM_STREET_NEIGHBOURS,LOCATION_UNRESOLVED: do not treat a failed visit here as evidence the address is invalid
AD003115,0.225,0.621,555.7,low,1,INFERRED_FROM_LANDMARK,LOCATION_UNRESOLVED: do not treat a failed visit here as evidence the address is invalid
AD003117,0.0,0.031,2007.5,low,1,NO_LOCALITY_IN_TEXT|OLD_GEOCODER_AT_PINCODE_CENTRE,LOCATION_UNRESOLVED: do not treat a failed visit here as evidence the address is invalid
