address_id,town_id,pincode_text,loc_id,loc_score,loc_margin,loc_src,cross,main,gali,block,road,ward,building,lm_type,lm_types,lm_rel,script
AD000001,T1,960102,T1-L03,1.0,0.896,text+pincode,6,5,,,,,,church,church,near,kn
AD000002,T1,960101,T1-L09,1.0,0.714,text+pincode,12,3,,,,,,,,,latin
AD000003,T3,980301,T3-L01,1.0,0.833,text+pincode,,,,e,2,,,,,,latin
AD000004,T2,970202,T2-L10,1.0,0.714,text+pincode,,,10,,,,,ganesha_temple,ganesha_temple,beside,latin
AD000005,T2,970202,T2-L01,1.0,0.714,text+pincode,,,,,,,,ration_shop,ration_shop,behind,latin
AD000007,T2,970204,T2-L12,1.0,0.714,text+pincode,,,3,,,,,ration_shop,ration_shop,beside,hi
AD000008,T1,960104,T1-L01,1.0,0.714,text+pincode,9,1,,,,,,,,,latin
AD000009,T1,960102,T1-L11,1.0,0.714,text+pincode,7,7,,,,,,hanuman_temple,hanuman_temple,near,latin
AD000010,T1,960104,,0.163,0.0,,6,1,,,,,,medical_store,medical_store,near,latin
AD000011,T3,980302,T3-L10,1.0,0.81,text+pincode,,,,a,2,,,milk_dairy,milk_dairy,,latin
AD000012,T2,970201,T2-L09,1.0,0.714,text+pincode,,,5,,,9,,masjid,masjid,near,hi
AD000013,T2,970204,T2-L03,1.0,0.714,text+pincode,,,4,,,3,,water_tank,water_tank,opposite,latin
AD000014,T2,,T2-L03,1.0,0.714,text,,,4,,,,,,,,latin
AD000015,T1,960104,T1-L03,1.0,0.714,text,,,,,,,,church,church,near,latin
AD000016,T2,970203,T2-L08,1.0,0.714,text+pincode,,,2,,,8,,,,,latin
AD000017,T2,970204,T2-L03,1.0,0.714,text+pincode,,,4,,,,,water_tank,water_tank,opposite,latin
AD000018,T1,,T1-L07,1.0,0.5,text,6,7,,,,,,,,,latin
AD000019,T3,980301,T3-L06,1.0,0.833,text+pincode,,,,d,6,,,water_tank,water_tank,near,latin
AD000020,T1,960104,,0.104,0.022,,3,6,,,,,,,,,latin
AD000021,T3,980303,,0.127,0.127,,,,,c,6,,,,,,latin
AD000022,T1,960102,T1-L03,1.0,0.81,text+pincode,4,8,,,,,,govt_school,govt_school,near,latin
AD000023,T3,980301,T3-L06,1.0,0.833,text+pincode,,,,d,6,,,,,,latin
AD000024,T3,980304,T3-L07,1.0,0.857,text+pincode,,,,f,5,,,ganesha_temple,ganesha_temple,near,latin
AD000025,T3,980304,T3-L02,1.0,0.912,text+pincode,,,,a,6,,,,,,latin
AD000026,T1,960104,T1-L01,1.0,0.714,text+pincode,9,7,,,,,,,,,latin
AD000027,T2,970203,T2-L08,1.0,0.714,text+pincode,,,,,,,,,,,latin
AD000028,T3,980302,T3-L04,1.0,0.714,text,,,,f,4,,,,,,latin
AD000029,T2,970204,T2-L03,1.0,0.714,text+pincode,,,2,,,3,,water_tank,water_tank,near,latin
AD000030,T1,960102,T1-L11,1.0,0.714,text+pincode,11,3,,,,,,ganesha_temple,ganesha_temple,beside,latin
AD000031,T3,980302,T3-L10,1.0,0.81,text+pincode,,,,,,,,milk_dairy,milk_dairy,opposite,latin
AD000032,T2,970202,T2-L11,1.0,0.714,text+pincode,,,9,,,,,ganesha_temple,ganesha_temple,near,latin
AD000033,T1,960103,T1-L08,1.0,1.0,text+pincode,5,3,,,,,,medical_store,medical_store,near,latin
AD000034,T1,960102,T1-L03,1.0,0.878,text+pincode,,,,,,,,ganesha_temple,ganesha_temple,near,latin
AD000035,T3,980302,T3-L10,1.0,0.81,text+pincode,,,,a,2,,,milk_dairy,milk_dairy,behind,latin
AD000036,T3,980303,T3-L05,1.0,0.896,text+pincode,,,,d,5,,,community_hall,community_hall,opposite,latin
AD000037,T1,960102,,0.104,0.0,,4,2,,,,,,,,,latin
AD000039,T2,970204,T2-L03,1.0,0.714,text+pincode,,,2,,,,sai residency,medical_store,medical_store,near,latin
AD000040,T1,,T1-L02,1.0,0.714,text,3,8,,,,,,,,,latin
AD000041,T1,960101,T1-L12,1.0,0.924,text+pincode,9,4,,,,,,church,church,near,latin
AD000042,T3,980303,T3-L05,0.978,0.874,text+pincode,,,,,,,,,,,latin
AD000043,T3,980303,T3-L05,1.0,0.873,text+pincode,,,,f,5,,,,,,latin
AD000045,T3,980301,T3-L06,0.985,0.833,text+pincode,,,,,,,,govt_school,govt_school,near,latin
AD000046,T3,980304,T3-L02,1.0,0.912,text+pincode,,,,a,3,,,ration_shop,ration_shop,opposite,latin
AD000047,T1,960104,T1-L01,1.0,0.714,text+pincode,5,8,,,,,,govt_school,govt_school,near,latin
AD000048,T1,960104,T1-L10,1.0,0.714,text+pincode,5,1,,,,,,community_hall,community_hall,near,kn
AD000049,T2,970203,T2-L08,1.0,0.714,text+pincode,,,1,,,,,ration_shop,ration_shop,near,latin
AD000050,T1,960104,T1-L03,1.0,0.714,text,4,8,,,,,,,,,latin
AD000052,T1,960102,T1-L04,1.0,0.896,text+pincode,10,1,,,,,,hanuman_temple,hanuman_temple,near,latin
AD000053,T1,960102,T1-L06,1.0,0.714,text+pincode,10,2,,,,,,ganesha_temple,ganesha_temple,near,latin
AD000054,T1,960104,T1-L01,1.0,0.714,text+pincode,,,,,,,,ganesha_temple,ganesha_temple,near,latin
AD000055,T3,980302,T3-L08,1.0,0.81,text+pincode,,,,b,1,,,medical_store,medical_store,near,latin
AD000056,T3,980301,T3-L01,1.0,0.833,text+pincode,,,,f,4,,,bus_stop,bus_stop,near,latin
AD000057,T3,980301,T3-L06,0.931,0.764,text+pincode,,,,,,,,govt_school,govt_school,near,latin
AD000058,T3,980303,T3-L03,1.0,0.714,text,,,,a,6,,,govt_school,govt_school,near,latin
AD000059,T1,960104,T1-L05,1.0,0.878,text+pincode,3,6,,,,,,ganesha_temple,ganesha_temple,near,latin
AD000060,T3,980303,T3-L05,1.0,0.886,text+pincode,,,,b,3,,,,,,latin
AD000061,T2,970202,T2-L11,1.0,0.714,text+pincode,,,7,,,,,church,church,near,latin
AD000062,T1,,T1-L04,1.0,0.714,text,6,3,,,,,,bus_stop,bus_stop,opposite,latin
AD000063,T2,970203,T2-L06,1.0,0.714,text+pincode,,,6,,,,,community_hall,community_hall,near,latin
AD000064,T2,970204,,0.286,0.0,,,,7,,,,,ganesha_temple,ganesha_temple,near,latin
AD000065,T3,980302,T3-L08,1.0,0.81,text+pincode,,,,b,3,,,govt_school,govt_school,near,latin
AD000066,T1,960102,T1-L03,1.0,0.786,text+pincode,6,5,,,,,,medical_store,medical_store,,latin
AD000067,T3,980303,T3-L10,1.0,0.667,text,,,,a,2,,,,,,latin
AD000068,T2,,T2-L06,1.0,0.714,text,,,,,,,,medical_store,medical_store,near,latin
AD000069,T2,970202,T2-L01,1.0,0.714,text+pincode,,,3,,,,,post_office,post_office,near,hi
AD000071,T3,980302,T3-L12,1.0,0.896,text+pincode,,,,a,3,,,petrol_bunk,petrol_bunk,,latin
AD000072,T3,980302,,0.19,0.083,,,,,d,4,,annapoorna nilaya,masjid,masjid,,latin
AD000073,T2,970203,T2-L07,1.0,0.714,text+pincode,,,2,,,7,,,,,latin
AD000074,T2,970202,T2-L08,1.0,0.714,text,,,,,,,,,,,latin
AD000075,T1,960102,T1-L11,1.0,0.714,text+pincode,5,5,,,,,,hanuman_temple,hanuman_temple,opposite,latin
AD000076,T2,970203,T2-L07,0.943,0.657,text+pincode,,,9,,,7,,ganesha_temple,ganesha_temple,near,latin
AD000077,T3,980302,,0.19,0.103,,,,,a,2,,,milk_dairy,milk_dairy,behind,latin
AD000078,T3,980301,T3-L06,1.0,0.833,text+pincode,,,,e,3,,,govt_school,govt_school,opposite,latin
AD000079,T3,980302,T3-L08,1.0,0.81,text+pincode,,,,a,3,,,church,church,near,latin
AD000080,T3,980303,T3-L05,1.0,0.896,text+pincode,,,,c,5,,,hanuman_temple,hanuman_temple,opposite,latin
AD000081,T3,,T3-L03,1.0,0.714,text,,,,b,5,,,milk_dairy,milk_dairy,near,latin
AD000082,T3,980303,T3-L05,1.0,0.896,text+pincode,,,,c,6,,,hanuman_temple,hanuman_temple,opposite,latin
AD000083,T3,980301,T3-L03,1.0,0.714,text+pincode,,,,f,4,,,post_office,post_office,near,latin
AD000084,T3,980301,T3-L11,1.0,0.896,text+pincode,,,,b,4,,,masjid,masjid,near,latin
AD000085,T1,960102,T1-L04,1.0,0.896,text+pincode,,,,,,,,bus_stop,bus_stop,near,kn
AD000086,T2,,T2-L10,1.0,0.714,text,,,5,,,,,water_tank,water_tank,opposite,latin
AD000087,T2,970201,T2-L07,1.0,0.714,text,,,11,,,7,,,,,latin
AD000088,T2,970204,T2-L03,1.0,0.714,text+pincode,,,10,,,,,hanuman_temple,hanuman_temple,near,latin
AD000089,T2,970204,T2-L03,1.0,0.714,text+pincode,,,9,,,3,,hanuman_temple,hanuman_temple,near,hi
AD000090,T2,970201,T2-L05,1.0,0.714,text+pincode,,,,,,,,hanuman_temple,hanuman_temple,near,latin
AD000091,T2,970202,,0.286,0.0,,,,1,,,,,bus_stop,bus_stop,behind,latin
AD000092,T3,980302,T3-L10,1.0,0.81,text+pincode,,,,a,1,,,hanuman_temple,hanuman_temple,near,latin
AD000093,T3,980304,T3-L02,1.0,0.912,text+pincode,,,,e,1,,,community_hall,community_hall,,latin
AD000094,T3,980301,T3-L06,1.0,0.833,text+pincode,,,,,,,,govt_school,govt_school,near,latin
AD000096,T3,980303,T3-L05,1.0,0.824,text+pincode,,,,,,,,ganesha_temple,ganesha_temple,near,latin
AD000097,T3,980301,T3-L01,1.0,0.833,text+pincode,,,,a,6,,,water_tank,water_tank,opposite,latin
AD000098,T3,980304,T3-L07,1.0,0.896,text+pincode,,,,b,5,,,bus_stop,bus_stop,near,latin
AD000099,T3,980304,T3-L03,1.0,0.714,text,,,,f,7,,,medical_store,medical_store,near,latin
AD000100,T1,960102,T1-L11,1.0,0.714,text+pincode,8,4,,,,,,park,park,near,latin
AD000101,T3,980304,T3-L07,1.0,0.886,text+pincode,,,,b,,,,masjid,masjid,near,latin
AD000102,T1,960103,T1-L07,1.0,0.868,text+pincode,6,7,,,,,,ration_shop,ration_shop,beside,kn
AD000103,T3,980302,T3-L10,1.0,0.81,text+pincode,,,,d,5,,,,,,latin
AD000104,T1,,T1-L08,1.0,0.714,text,5,2,,,,,sri krishna nivas,medical_store,medical_store,behind,latin
AD000105,T2,970201,T2-L09,1.0,0.714,text+pincode,,,,,,,,govt_school,govt_school,near,latin
AD000106,T1,960104,T1-L01,1.0,0.714,text+pincode,,,,,,,,ganesha_temple,ganesha_temple,near,latin
AD000107,T3,980303,T3-L05,1.0,0.896,text+pincode,,,,f,1,,,,,,latin
AD000108,T3,980301,T3-L04,1.0,0.714,text+pincode,,,,e,1,,sai complex,ganesha_temple,ganesha_temple,near,kn
AD000109,T1,960102,T1-L06,1.0,0.714,text+pincode,5,8,,,,,,community_hall,community_hall,near,latin
AD000111,T1,960103,T1-L08,1.0,1.0,text+pincode,,,,,,,,masjid,masjid,near,latin
AD000112,T1,960103,T1-L04,1.0,0.714,text,5,5,,,,,,ganesha_temple,ganesha_temple,behind,latin
AD000113,T3,980304,T3-L02,1.0,0.878,text+pincode,,,,d,5,,,park,park,opposite,latin
AD000114,T1,,T1-L11,1.0,0.714,text,,2,,,,,annapoorna nilaya,,,,latin
AD000115,T3,980303,T3-L02,1.0,0.667,text,,,,d,5,,,,,,latin
AD000116,T3,980301,,0.104,0.037,,,,,d,5,,,water_tank,water_tank,behind,latin
AD000117,T3,980302,T3-L10,1.0,0.81,text+pincode,,,,,,,,bus_stop,bus_stop,near,latin
AD000119,T1,960101,,0.163,0.0,,2,5,,,,,,bus_stop,bus_stop,near,latin
AD000120,T3,980302,T3-L10,1.0,0.81,text+pincode,,,,a,7,,,,,,latin
AD000121,T3,980301,,0.104,0.0,,,,,d,1,,,petrol_bunk,petrol_bunk,beside,latin
AD000122,T3,980302,T3-L08,1.0,0.848,text+pincode,,,,c,6,,,medical_store,medical_store,opposite,latin
AD000123,T2,970203,T2-L08,1.0,0.714,text+pincode,,,2,,,,,ration_shop,ration_shop,near,latin
AD000124,T3,980302,T3-L10,1.0,0.81,text+pincode,,,,d,5,,,hanuman_temple,hanuman_temple,near,latin
AD000125,T3,980303,T3-L05,1.0,0.873,text+pincode,,,,b,6,,,bus_stop,bus_stop,near,latin
AD000126,T1,,T1-L04,1.0,0.714,text,,,,,,,,,,,latin
AD000127,T3,980302,T3-L08,1.0,0.81,text+pincode,,,,b,6,,,govt_school,govt_school,near,latin
AD000128,T1,960102,T1-L11,1.0,0.714,text+pincode,10,2,,,,,,ganesha_temple,ganesha_temple,,latin
AD000129,T1,960102,T1-L11,1.0,0.714,text+pincode,11,7,,,,,,community_hall,community_hall,near,latin
AD000130,T1,960102,T1-L06,1.0,0.714,text+pincode,,,,,,,,medical_store,medical_store,near,latin
AD000132,T3,980302,T3-L08,1.0,0.81,text+pincode,,,,f,3,,sri krishna nivas,masjid,masjid,near,latin
AD000133,T3,980301,T3-L01,1.0,0.833,text+pincode,,,,b,2,,,hanuman_temple,hanuman_temple,near,latin
AD000134,T2,970203,T2-L08,1.0,0.714,text+pincode,,,4,,,8,,,,,latin
AD000135,T1,960102,T1-L04,1.0,0.929,text+pincode,12,5,,,,,,,,,latin
AD000136,T1,960102,T1-L03,1.0,0.837,text+pincode,,,,,,,,church,church,near,latin
AD000137,T3,980301,T3-L06,1.0,0.833,text+pincode,,,,c,4,,,post_office,post_office,near,latin
AD000138,T1,960104,T1-L04,1.0,0.714,text,6,3,,,,,sai complex,,,,latin
AD000139,T2,970202,T2-L01,1.0,0.714,text+pincode,,,10,,,1,,medical_store,medical_store,near,latin
AD000140,T2,970204,T2-L12,1.0,0.714,text+pincode,,,8,,,,,petrol_bunk,petrol_bunk,near,latin
AD000141,T2,970202,,0.286,0.0,,,,4,,,1,,,,,latin
AD000142,T3,980303,T3-L05,1.0,0.873,text+pincode,,,,f,6,,,,,,latin
AD000144,T3,980304,T3-L02,1.0,0.912,text+pincode,,,,d,5,,shanti kunj,bus_stop,bus_stop,opposite,latin
AD000145,T3,980301,T3-L03,1.0,0.714,text+pincode,,,,b,3,,,ration_shop,ration_shop,,latin
AD000146,T1,,T1-L07,0.938,0.438,text,,,,,,,,,,,latin
AD000147,T2,970203,T2-L07,1.0,0.714,text+pincode,,,9,,,,,,,,hi
AD000148,T1,960101,T1-L02,1.0,0.714,text+pincode,6,8,,,,,,church,church,near,latin
AD000149,T2,,T2-L07,0.945,0.659,text,,,2,,,,,,,,latin
AD000150,T2,,T2-L10,1.0,0.714,text,,,7,,,,shanti kunj,,,,latin
AD000151,T2,970204,T2-L03,1.0,0.714,text+pincode,,,10,,,,,,,,latin
AD000152,T2,970202,T2-L10,1.0,0.714,text+pincode,,,9,,,,,,,,latin
AD000153,T3,980301,T3-L06,1.0,0.833,text+pincode,,,,f,3,,,govt_school,govt_school,near,latin
AD000154,T3,980302,T3-L10,1.0,0.81,text+pincode,,,,c,2,,,park,park,beside,latin
AD000155,T3,980302,T3-L08,1.0,0.81,text+pincode,,,,f,2,,,water_tank,water_tank,near,latin
AD000156,T1,960102,,0.19,0.087,,1,4,,,,,,hanuman_temple,hanuman_temple,near,latin
AD000157,T3,980302,T3-L10,1.0,0.81,text+pincode,,,,f,1,,,water_tank,water_tank,near,latin
AD000159,T3,,T3-L06,1.0,0.81,text,,,,d,4,,,milk_dairy,milk_dairy,behind,latin
AD000160,T3,980304,T3-L05,1.0,0.821,text,,,,d,6,,,community_hall,community_hall,opposite,latin
AD000161,T1,960104,T1-L01,1.0,0.714,text+pincode,5,6,,,,,,,,,latin
AD000162,T2,970202,T2-L01,1.0,0.714,text+pincode,,,1,,,,,church,church,near,latin
AD000163,T2,970204,T2-L03,1.0,0.714,text+pincode,,,,,,,annapoorna nilaya,,,,latin
AD000164,T2,970203,T2-L06,0.921,0.635,text+pincode,,,6,,,6,,,,,latin
AD000165,T2,970203,T2-L06,1.0,0.714,text+pincode,,,7,,,,,,,,latin
AD000166,T2,,T2-L06,1.0,0.714,text,,,12,,,6,,,,,latin
AD000167,T2,970202,T2-L01,1.0,0.714,text+pincode,,,3,,,1,,community_hall,community_hall,near,latin
AD000168,T1,960104,T1-L10,1.0,0.714,text+pincode,3,3,,,,,,govt_school,govt_school,near,latin
AD000169,T1,960102,T1-L11,1.0,0.714,text+pincode,10,8,,,,,,bus_stop,bus_stop,near,latin
AD000170,T3,980301,T3-L01,1.0,0.833,text+pincode,,,,f,6,,,,,,latin
AD000171,T1,,,0.163,0.0,,9,8,,,,,,masjid,masjid,near,latin
AD000172,T1,960101,T1-L09,1.0,0.714,text+pincode,3,3,,,,,,govt_school,govt_school,near,latin
AD000173,T2,970202,T2-L11,1.0,0.714,text+pincode,,,3,,,11,,masjid,masjid,near,latin
AD000174,T2,970204,T2-L12,1.0,0.714,text+pincode,,,1,,,,sai complex,ration_shop,ration_shop,behind,latin
AD000175,T2,970202,T2-L11,1.0,0.714,text+pincode,,,3,,,,,,,,latin
AD000176,T2,970202,T2-L01,1.0,0.714,text+pincode,,,10,,,1,,medical_store,medical_store,near,latin
AD000177,T3,980304,T3-L02,1.0,0.912,text+pincode,,,,b,4,,,water_tank,water_tank,near,latin
AD000178,T2,970202,T2-L02,0.881,0.595,text+pincode,,,9,,,,,govt_school,govt_school,near,latin
AD000179,T1,960103,T1-L08,0.921,0.921,text+pincode,11,6,,,,,,,,,latin
AD000180,T1,960101,T1-L09,1.0,0.714,text+pincode,3,3,,,,,,post_office,post_office,near,latin
AD000181,T2,970203,T2-L06,1.0,0.714,text+pincode,,,8,,,6,,,,,latin
AD000182,T2,970203,T2-L08,1.0,0.714,text+pincode,,,7,,,,,bus_stop,bus_stop,opposite,latin
AD000184,T3,980304,T3-L07,1.0,0.857,text+pincode,,,,f,5,,,ganesha_temple,ganesha_temple,near,latin
AD000185,T3,980302,T3-L08,1.0,0.81,text+pincode,,,,b,1,,,church,church,near,latin
AD000186,T2,,T2-L04,1.0,0.714,text,,,,,,,,ration_shop,ration_shop,opposite,latin
AD000187,T2,970203,T2-L07,1.0,0.714,text+pincode,,,9,,,,sai residency,govt_school,govt_school,near,latin
AD000188,T3,980302,T3-L08,1.0,0.81,text+pincode,,,,d,5,,,bus_stop,bus_stop,,latin
AD000189,T3,980303,T3-L05,1.0,0.873,text+pincode,,,,a,4,,,bus_stop,bus_stop,near,latin
AD000190,T3,980302,T3-L03,1.0,0.714,text,,,,a,4,,,,,,latin
AD000191,T3,980301,T3-L01,1.0,0.833,text+pincode,,,,f,2,,,ganesha_temple,ganesha_temple,near,latin
AD000192,T2,970202,T2-L11,1.0,0.714,text+pincode,,,9,,,,,hanuman_temple,hanuman_temple,near,latin
AD000193,T1,960102,,0.076,0.005,,1,1,,,,,,,,,latin
AD000194,T2,970201,,0.286,0.0,,,,,,,,sai residency,medical_store,medical_store,near,latin
AD000195,T1,960103,T1-L08,1.0,1.0,text+pincode,,,,,,,,bus_stop,bus_stop,opposite,latin
AD000196,T2,970203,T2-L08,1.0,0.714,text+pincode,,,4,,,,,,,,latin
AD000197,T3,980301,T3-L06,1.0,0.833,text+pincode,,,,e,3,,ganga apartments,,,,latin
AD000198,T2,,T2-L03,1.0,0.714,text,,,,,,,,ration_shop,ration_shop,near,hi
AD000199,T1,960102,,0.132,0.044,,,,,,,,ganga apartments,hanuman_temple,hanuman_temple,near,latin
AD000200,T1,960102,,0.127,0.039,,,,,,,,,park,park,near,latin
AD000201,T1,960102,T1-L03,1.0,0.896,text+pincode,4,3,,,,,,,,,latin
AD000202,T3,980302,T3-L10,1.0,0.81,text+pincode,,,,,,,shanti kunj,,,,latin
AD000203,T1,960102,T1-L11,1.0,0.714,text+pincode,2,4,,,,,,,,,latin
AD000204,T2,970203,T2-L08,1.0,0.714,text+pincode,,,5,,,,,ration_shop,ration_shop,opposite,hi
AD000205,T3,980301,T3-L01,1.0,0.833,text+pincode,,,,,,,sai complex,church,church,,latin
AD000206,T1,960104,T1-L10,1.0,0.714,text+pincode,8,5,,,,,sai complex,,,,latin
AD000207,T1,960104,T1-L10,1.0,0.714,text+pincode,2,8,,,,,sai complex,,,,latin
AD000208,T3,,T3-L02,1.0,0.714,text,,,,a,6,,,church,church,opposite,latin
AD000209,T1,960103,T1-L08,1.0,1.0,text+pincode,3,8,,,,,,ration_shop,ration_shop,behind,latin
AD000210,T3,980301,T3-L03,1.0,0.714,text+pincode,,,,d,1,,,,,,latin
AD000211,T3,980302,T3-L12,1.0,0.896,text+pincode,,,,e,1,,,water_tank,water_tank,behind,latin
AD000212,T1,960102,T1-L04,1.0,0.896,text+pincode,6,4,,,,,sai residency,,,,latin
AD000213,T1,960102,T1-L04,1.0,0.929,text+pincode,6,2,,,,,,,,,latin
AD000214,T1,960102,T1-L04,1.0,0.878,text+pincode,9,1,,,,,,park,park,opposite,latin
AD000216,T3,980301,T3-L01,1.0,0.833,text+pincode,,,,a,4,,,milk_dairy,milk_dairy,opposite,latin
AD000217,T2,970203,T2-L08,1.0,0.714,text+pincode,,,9,,,,,bus_stop,bus_stop,near,latin
AD000219,T3,980301,T3-L06,1.0,0.833,text+pincode,,,,a,3,,,bus_stop,bus_stop,near,latin
AD000220,T2,970202,T2-L02,1.0,0.714,text+pincode,,,1,,,,,bus_stop,bus_stop,near,latin
AD000221,T3,980302,T3-L08,1.0,0.81,text+pincode,,,,d,6,,,bus_stop,bus_stop,behind,latin
AD000222,T2,970204,T2-L03,1.0,0.714,text+pincode,,,11,,,3,sri krishna nivas,milk_dairy,milk_dairy,near,latin
AD000223,T2,970202,T2-L11,1.0,0.714,text+pincode,,,4,,,11,green view apartments,,,,hi
AD000224,T2,970202,T2-L02,1.0,0.714,text+pincode,,,11,,,,,church,church,near,latin
AD000225,T1,960103,T1-L08,1.0,1.0,text+pincode,9,4,,,,,,hanuman_temple,hanuman_temple,near,latin
AD000226,T1,960104,T1-L05,1.0,0.878,text+pincode,,,,,,,,ganesha_temple,ganesha_temple,near,latin
AD000227,T3,980302,T3-L08,1.0,0.81,text+pincode,,,,b,1,,,,,,latin
AD000228,T3,980301,T3-L05,0.958,0.768,text,,,,b,5,,,bus_stop,bus_stop,near,latin
AD000229,T1,,T1-L12,1.0,0.5,text,8,8,,,,,,govt_school,govt_school,behind,latin
AD000230,T3,,T3-L05,1.0,0.81,text,,,,,,,,community_hall,community_hall,near,latin
AD000231,T1,960103,T1-L07,1.0,0.868,text+pincode,11,3,,,,,,,,,latin
AD000232,T1,960104,T1-L05,1.0,0.896,text+pincode,6,8,,,,,,ganesha_temple,ganesha_temple,near,latin
AD000233,T3,980302,T3-L08,1.0,0.81,text+pincode,,,,e,2,,,bus_stop,bus_stop,near,latin
AD000234,T3,,T3-L09,0.981,0.79,text,,,,,,,sai residency,milk_dairy,milk_dairy,beside,latin
AD000235,T3,980301,T3-L01,1.0,0.833,text+pincode,,,,e,4,,,govt_school,govt_school,near,latin
AD000236,T1,960102,T1-L11,1.0,0.714,text+pincode,8,2,,,,,,,,,latin
AD000237,T1,960104,,0.082,0.0,,7,1,,,,,,medical_store,medical_store,behind,latin
AD000238,T1,960104,T1-L01,1.0,0.714,text+pincode,5,4,,,,,,bus_stop,bus_stop,near,latin
AD000239,T3,980302,T3-L08,1.0,0.81,text+pincode,,,,f,2,,,masjid,masjid,near,latin
AD000240,T2,970202,T2-L11,1.0,0.714,text+pincode,,,12,,,,,community_hall,community_hall,near,latin
AD000241,T2,970203,T2-L07,1.0,0.714,text+pincode,,,2,,,7,,masjid,masjid,near,latin
AD000242,T2,970203,,0.286,0.159,,,,1,,,,,park,park,opposite,latin
AD000243,T3,980302,T3-L08,1.0,0.81,text+pincode,,,,f,4,,,,,,latin
AD000244,T3,980301,T3-L01,1.0,0.833,text+pincode,,,,d,6,,,community_hall,community_hall,,latin
AD000245,T1,960102,,0.076,0.005,,2,4,,,,,,,,,latin
AD000246,T1,,T1-L10,1.0,0.714,text,6,1,,,,,sri krishna nivas,milk_dairy,milk_dairy,near,latin
AD000247,T1,960102,,0.114,0.01,,2,1,,,,,,hanuman_temple,hanuman_temple,,latin
AD000248,T3,980302,T3-L12,1.0,0.896,text+pincode,,,,f,3,,,medical_store,medical_store,near,latin
AD000249,T3,980302,T3-L08,1.0,0.81,text+pincode,,,,c,5,,ganga apartments,milk_dairy,milk_dairy,near,latin
AD000250,T2,970203,T2-L08,1.0,0.714,text+pincode,,,10,,,,,,,,latin
AD000251,T1,960104,T1-L05,1.0,0.896,text+pincode,9,5,,,,,,,,,latin
AD000252,T3,980302,T3-L05,1.0,0.81,text,,,,,,,,bus_stop,bus_stop,near,latin
AD000253,T1,960102,T1-L04,1.0,0.912,text+pincode,,,,,,,,bus_stop,bus_stop,near,latin
AD000254,T1,960101,T1-L12,1.0,0.844,text+pincode,5,4,,,,,annapoorna nilaya,church,church,opposite,latin
AD000255,T1,960103,T1-L08,1.0,1.0,text+pincode,5,3,,,,,,post_office,post_office,near,latin
AD000256,T1,960101,T1-L12,1.0,0.905,text+pincode,6,7,,,,,,church,church,near,latin
AD000257,T1,960103,T1-L11,1.0,0.714,text,7,7,,,,,,ration_shop,ration_shop,near,kn
AD000258,T3,980301,,0.104,0.037,,,,,d,2,,,hanuman_temple,hanuman_temple,opposite,latin
AD000259,T1,960101,T1-L11,1.0,0.5,text,5,5,,,,,,hanuman_temple,hanuman_temple,opposite,latin
AD000260,T1,960102,T1-L03,1.0,0.896,text+pincode,3,3,,,,,,hanuman_temple,hanuman_temple,behind,latin
AD000261,T2,970202,T2-L02,1.0,0.714,text+pincode,,,7,,,2,,ration_shop,ration_shop,beside,latin
AD000263,T2,970203,T2-L08,1.0,0.714,text+pincode,,,,,,,,ration_shop,ration_shop,near,hi
AD000264,T2,970203,T2-L06,1.0,0.714,text+pincode,,,3,,,,,milk_dairy,milk_dairy,near,hi
AD000265,T1,960103,T1-L08,1.0,1.0,text+pincode,4,7,,,,,,,,,latin
AD000266,T2,970203,T2-L04,1.0,0.873,text+pincode,,,4,,,4,,,,,latin
AD000267,T2,,T2-L10,1.0,0.714,text,,,,,,,,,,,latin
AD000268,T2,970203,T2-L08,1.0,0.714,text+pincode,,,11,,,,,,,,latin
AD000269,T1,960101,T1-L09,1.0,0.714,text+pincode,9,6,,,,,,bus_stop,bus_stop,behind,latin
AD000270,T3,980302,T3-L08,1.0,0.81,text+pincode,,,,,,,,,,,latin
AD000272,T3,980301,T3-L06,1.0,0.833,text+pincode,,,,c,4,,,masjid,masjid,near,latin
AD000273,T3,980301,,0.104,0.037,,,,,c,3,,,,,,latin
AD000274,T1,960104,T1-L02,1.0,0.714,text,6,1,,,,,,masjid,masjid,near,latin
AD000275,T2,970201,,0.286,0.0,,,,,,,,,church,church,near,latin
AD000276,T1,960103,T1-L07,1.0,0.868,text+pincode,8,7,,,,,,ration_shop,ration_shop,beside,latin
AD000277,T1,960104,T1-L02,1.0,0.714,text,,,,,,,,hanuman_temple,hanuman_temple,near,latin
AD000278,T2,970201,T2-L05,1.0,0.714,text+pincode,,,10,,,5,,water_tank,water_tank,behind,hi
AD000279,T3,980301,T3-L01,1.0,0.833,text+pincode,,,,d,1,,,petrol_bunk,petrol_bunk,near,latin
AD000280,T3,980302,T3-L08,1.0,0.81,text+pincode,,,,,,,,medical_store,medical_store,near,latin
AD000281,T1,960102,T1-L04,1.0,0.896,text+pincode,10,7,,,,,,ration_shop,ration_shop,near,latin
AD000282,T3,980302,T3-L12,1.0,0.896,text+pincode,,,,a,2,,,,,,latin
AD000284,T2,970204,T2-L03,1.0,0.714,text+pincode,,,9,,,,sai complex,,,,latin
AD000285,T1,960103,T1-L07,1.0,0.868,text+pincode,12,5,,,,,,church,church,opposite,latin
AD000286,T1,960102,T1-L04,1.0,0.844,text+pincode,3,,,,3,,,church,church,near,latin
AD000287,T1,,T1-L11,1.0,0.714,text,,,,,,,,hanuman_temple,hanuman_temple,near,latin
AD000288,T3,980301,T3-L06,1.0,0.833,text+pincode,,,,a,3,,,medical_store,medical_store,near,latin
AD000290,T2,970203,T2-L06,1.0,0.714,text+pincode,,,2,,,6,lakshmi nilaya,community_hall,community_hall,near,latin
AD000291,T3,980303,T3-L05,1.0,0.873,text+pincode,,,,d,4,,,community_hall,community_hall,opposite,latin
AD000292,T1,960103,T1-L07,1.0,0.837,text+pincode,6,5,,,,,,ganesha_temple,ganesha_temple,near,latin
AD000293,T1,960103,T1-L08,1.0,1.0,text+pincode,1,5,,,,,,govt_school,govt_school,near,kn
AD000294,T2,,,0.286,0.0,,,,1,,,,,,,,latin
AD000295,T2,970202,T2-L11,1.0,0.714,text+pincode,,,4,,,11,,masjid,masjid,near,hi
AD000296,T2,970203,T2-L06,1.0,0.714,text+pincode,,,8,,,,,bus_stop,bus_stop,behind,latin
AD000297,T1,960102,T1-L11,1.0,0.714,text+pincode,5,6,,,,,,,,,latin
AD000298,T1,960103,T1-L07,1.0,0.868,text+pincode,12,4,,,,,,,,,latin
AD000299,T1,960102,,0.076,0.005,,10,6,,,,,,,,,latin
AD000300,T3,980304,T3-L07,1.0,0.857,text+pincode,,,,b,4,,,milk_dairy,milk_dairy,near,latin
AD000301,T2,970201,T2-L09,1.0,0.714,text+pincode,,,9,,,,,water_tank,water_tank,near,hi
AD000302,T1,960102,T1-L03,1.0,0.896,text+pincode,3,8,,,,,,,,,latin
AD000303,T3,980303,T3-L05,1.0,0.868,text+pincode,,,,e,6,,,ration_shop,ration_shop,behind,latin
AD000304,T2,970203,T2-L08,1.0,0.714,text+pincode,,,3,,,,,community_hall,community_hall,beside,hi
AD000305,T3,980304,T3-L07,1.0,0.896,text+pincode,,,,,,,,,,,latin
AD000306,T3,980303,T3-L05,1.0,0.873,text+pincode,,,,e,1,,,bus_stop,bus_stop,opposite,latin
AD000307,T1,960104,T1-L01,1.0,0.714,text+pincode,4,4,,,,,,post_office,post_office,near,latin
AD000308,T3,980303,T3-L05,1.0,0.832,text+pincode,,,,b,5,,ganga apartments,bus_stop,bus_stop,near,latin
AD000309,T1,960102,T1-L11,1.0,0.714,text+pincode,11,3,,,,,,,,,latin
AD000310,T1,960101,,0.095,0.0,,7,3,,,,,,water_tank,water_tank,behind,latin
AD000311,T2,970203,T2-L08,1.0,0.714,text+pincode,,,,,,,,ganesha_temple,ganesha_temple,near,hi
AD000312,T3,980303,T3-L09,1.0,0.667,text+pincode,,,,a,1,,,bus_stop,bus_stop,near,latin
AD000313,T3,980301,T3-L06,1.0,0.833,text+pincode,,,,c,6,,,post_office,post_office,near,kn
AD000314,T1,960102,T1-L11,1.0,0.714,text+pincode,6,2,,,,,,park,park,near,kn
AD000315,T1,960101,T1-L02,1.0,0.714,text+pincode,4,5,,,,,,,,,latin
AD000316,T1,960102,T1-L11,1.0,0.714,text+pincode,5,1,,,,,,masjid,masjid,near,latin
AD000317,T1,960104,,0.104,0.022,,11,7,,,,,,community_hall,community_hall,near,kn
AD000318,T1,960102,T1-L03,1.0,0.844,text+pincode,6,5,,,,,,medical_store,medical_store,near,latin
AD000319,T1,,T1-L11,1.0,0.714,text,12,8,,,,,,bus_stop,bus_stop,near,kn
AD000320,T1,960102,,0.127,0.005,,6,5,,,,,green view apartments,park,park,opposite,latin
AD000321,T1,960101,T1-L09,1.0,0.714,text+pincode,7,3,,,,,,water_tank,water_tank,near,latin
AD000322,T1,960102,T1-L11,1.0,0.714,text+pincode,10,8,,,,,,bus_stop,bus_stop,near,latin
AD000323,T3,980304,T3-L07,1.0,0.896,text+pincode,,,,e,6,,,petrol_bunk,petrol_bunk,opposite,latin
AD000324,T3,980304,T3-L07,1.0,0.857,text+pincode,,,,d,2,,,petrol_bunk,petrol_bunk,near,latin
AD000325,T3,980301,T3-L01,1.0,0.833,text+pincode,,,,f,4,,,ganesha_temple,ganesha_temple,near,latin
AD000326,T3,980301,,0.104,0.0,,,,,a,3,,,bus_stop,bus_stop,opposite,latin
AD000327,T1,960103,T1-L03,1.0,0.714,text,2,7,,,,,,ration_shop,ration_shop,beside,latin
AD000328,T1,960102,T1-L04,1.0,0.896,text+pincode,9,1,,,,,,,,,latin
AD000330,T2,970202,T2-L10,1.0,0.714,text+pincode,,,,,,,,water_tank,water_tank,near,latin
AD000331,T2,970203,T2-L06,1.0,0.714,text+pincode,,,7,,,,sai residency,,,,latin
AD000332,T2,970204,T2-L03,1.0,0.714,text+pincode,,,10,,,3,,hanuman_temple,hanuman_temple,near,latin
AD000333,T2,970203,T2-L08,1.0,0.714,text+pincode,,,4,,,,sri krishna nivas,bus_stop,bus_stop,near,latin
AD000334,T1,960102,T1-L04,1.0,0.929,text+pincode,1,4,,,,,,community_hall,community_hall,near,kn
AD000335,T3,980302,T3-L10,1.0,0.81,text+pincode,,,,,,,,ganesha_temple,ganesha_temple,opposite,latin
AD000336,T2,970202,T2-L11,1.0,0.714,text+pincode,,,6,,,11,,govt_school,govt_school,beside,hi
AD000337,T2,970202,T2-L11,1.0,0.714,text+pincode,,,7,,,11,lakhsmi nilaya,church,church,opposite,hi
AD000338,T2,970202,T2-L11,1.0,0.714,text+pincode,,,8,,,11,,govt_school,govt_school,beside,latin
AD000339,T2,970202,T2-L11,1.0,0.714,text+pincode,,,12,,,,,hanuman_temple,hanuman_temple,near,hi
AD000340,T1,960101,T1-L12,1.0,0.918,text+pincode,9,3,,,,,,ration_shop,ration_shop,near,kn
AD000341,T1,960103,T1-L07,1.0,0.868,text+pincode,6,5,,,,,,petrol_bunk,petrol_bunk,near,latin
AD000342,T3,980303,T3-L05,1.0,0.873,text+pincode,,,,a,2,,,,,,latin
AD000343,T2,970203,T2-L06,1.0,0.771,text+pincode,,,9,,,,,post_office,post_office,near,latin
AD000344,T1,960101,T1-L02,1.0,0.714,text+pincode,3,2,,,,,,medical_store,medical_store,near,latin
AD000345,T1,960102,T1-L04,1.0,0.929,text+pincode,,,,,,,,,,,latin
AD000346,T1,960104,T1-L05,1.0,0.896,text+pincode,6,2,,,,,,petrol_bunk,petrol_bunk,,latin
AD000347,T3,980302,,0.19,0.087,,,,,c,4,,,medical_store,medical_store,beside,latin
AD000348,T3,980301,T3-L03,1.0,0.714,text+pincode,,,,b,1,,,milk_dairy,milk_dairy,near,latin
AD000349,T2,970203,T2-L08,1.0,0.714,text+pincode,,,4,,,8,,,,,latin
AD000350,T2,,T2-L10,0.878,0.592,text,,,,,,,sri krishna nivas,masjid,masjid,near,latin
AD000351,T3,,T3-L02,1.0,0.714,text,,,,c,1,,,,,,latin
AD000352,T2,970203,T2-L06,1.0,0.714,text+pincode,,,9,,,,,,,,latin
AD000353,T2,970203,T2-L04,1.0,0.857,text+pincode,,,11,,,4,,govt_school,govt_school,,latin
AD000354,T3,980302,T3-L08,1.0,0.81,text+pincode,,,,,,,,church,church,near,latin
AD000355,T2,,T2-L01,1.0,0.714,text,,,3,,,,,bus_stop,bus_stop,near,latin
AD000356,T3,980302,T3-L12,1.0,0.896,text+pincode,,,,e,4,,shanti kunj,water_tank,water_tank,near,latin
AD000357,T3,980303,T3-L09,1.0,1.0,text+pincode,,,,b,3,,,bus_stop,bus_stop,near,latin
AD000358,T2,970202,T2-L02,1.0,0.714,text+pincode,,,4,,,,,,,,hi
AD000359,T1,960103,T1-L09,1.0,0.714,text,5,1,,,,,,,,,latin
AD000360,T1,960102,T1-L11,1.0,0.714,text+pincode,6,7,,,,,,ration_shop,ration_shop,near,latin
AD000361,T1,960101,T1-L02,0.849,0.595,text+pincode,,,,,,,,,,,latin
AD000362,T1,960101,T1-L09,1.0,0.714,text+pincode,8,8,,,,,green view apartments,ganesha_temple,ganesha_temple,near,latin
AD000363,T1,960102,T1-L06,1.0,0.714,text+pincode,1,5,,,,,,milk_dairy,milk_dairy,near,latin
AD000364,T2,970202,T2-L01,1.0,0.714,text+pincode,,,1,,,,,bus_stop,bus_stop,near,hi
AD000365,T2,970203,,0.286,0.159,,,,6,,,,,medical_store,medical_store,near,latin
AD000366,T1,960102,T1-L03,1.0,0.896,text+pincode,12,8,,,,,,govt_school,govt_school,near,latin
AD000367,T3,980301,T3-L06,1.0,0.833,text+pincode,,,,d,1,,,milk_dairy,milk_dairy,opposite,latin
AD000368,T3,980304,T3-L07,1.0,0.857,text+pincode,,,,e,1,,,bus_stop,bus_stop,near,latin
AD000369,T1,960102,T1-L04,1.0,0.844,text+pincode,4,4,,,,,,bus_stop,bus_stop,near,latin
AD000370,T1,960102,T1-L11,1.0,0.714,text+pincode,11,6,,,,,,bus_stop,bus_stop,near,latin
AD000371,T1,960102,T1-L04,1.0,0.896,text+pincode,3,5,,,,,,community_hall,community_hall,near,latin
AD000372,T1,960102,T1-L04,1.0,0.896,text+pincode,3,8,,,,,,,,,latin
AD000374,T3,980301,T3-L08,1.0,0.667,text,,,,b,2,,,,,,latin
AD000375,T3,980301,T3-L04,1.0,0.714,text+pincode,,,,c,5,,,milk_dairy,milk_dairy,near,latin
AD000376,T2,970203,,0.286,0.19,,,,,,,,,,,,latin
AD000377,T1,960101,T1-L02,1.0,0.714,text+pincode,5,5,,,,,sri krishna nivas,water_tank,water_tank,near,latin
AD000378,T1,960101,T1-L12,1.0,0.844,text+pincode,6,1,,,,,annapoorna nilaya,ration_shop,ration_shop,near,latin
AD000379,T2,970201,T2-L05,1.0,0.714,text+pincode,,,,,,,,,,,latin
AD000380,T3,980304,T3-L07,1.0,0.896,text+pincode,,,,d,1,,shanti kunj,milk_dairy,milk_dairy,near,latin
AD000381,T2,970202,T2-L01,1.0,0.714,text+pincode,,,5,,,1,,post_office,post_office,opposite,latin
AD000382,T2,970203,T2-L06,1.0,0.714,text+pincode,,,7,,,6,,milk_dairy,milk_dairy,near,hi
AD000383,T2,970201,T2-L12,1.0,0.714,text,,,2,,,,,,,,latin
AD000384,T1,960101,T1-L09,1.0,0.714,text+pincode,,,,,,,,water_tank,water_tank,near,latin
AD000385,T2,970202,T2-L10,1.0,0.714,text+pincode,,,8,,,10,,water_tank,water_tank,near,latin
AD000386,T2,970202,T2-L02,1.0,0.714,text+pincode,,,9,,,,,hanuman_temple,hanuman_temple,near,latin
AD000387,T2,970204,T2-L12,1.0,0.714,text+pincode,,,11,,,,,govt_school,govt_school,near,latin
AD000388,T3,980302,T3-L08,1.0,0.81,text+pincode,,,,a,6,,,church,church,behind,latin
AD000389,T1,960102,,0.19,0.087,,12,3,,,,,,ganesha_temple,ganesha_temple,near,latin
AD000390,T1,960102,T1-L06,1.0,0.714,text+pincode,4,5,,,,,,hanuman_temple,hanuman_temple,near,latin
AD000391,T1,960102,T1-L04,0.945,0.841,text+pincode,12,5,,,,,,,,,latin
AD000392,T2,970202,,0.286,0.0,,,,9,,,10,,ganesha_temple,ganesha_temple,near,latin
AD000393,T3,980303,,0.333,0.206,,,,,a,2,,,,,,latin
AD000394,T2,970203,T2-L08,1.0,0.714,text+pincode,,,,,,,,community_hall,community_hall,near,latin
AD000395,T3,980303,T3-L05,1.0,0.873,text+pincode,,,,e,3,,,,,,latin
AD000396,T3,,T3-L03,1.0,0.714,text,,,,e,4,,,post_office,post_office,behind,latin
AD000397,T3,980302,T3-L10,1.0,0.81,text+pincode,,,,e,2,,green view apartments,,,,latin
AD000398,T3,980304,T3-L07,1.0,0.896,text+pincode,,,,c,7,,,,,,latin
AD000399,T3,980302,T3-L10,1.0,0.81,text+pincode,,,,b,5,,,water_tank,water_tank,near,latin
AD000400,T2,970201,T2-L05,1.0,0.714,text+pincode,,,9,,,,,,,,latin
AD000401,T3,980304,T3-L07,1.0,0.896,text+pincode,,,,f,6,,,post_office,post_office,opposite,latin
AD000402,T3,980304,T3-L07,1.0,0.896,text+pincode,,,,d,4,,,bus_stop,bus_stop,near,latin
AD000403,T3,980304,T3-L07,1.0,0.896,text+pincode,,,,,,,,milk_dairy,milk_dairy,near,latin
AD000404,T2,970203,T2-L06,1.0,0.714,text+pincode,,,,,,,,ganesha_temple,ganesha_temple,behind,latin
AD000405,T2,970203,T2-L04,1.0,0.873,text+pincode,,,11,,,4,,medical_store,medical_store,near,latin
AD000406,T1,,T1-L08,1.0,0.714,text,1,8,,,,,,ration_shop,ration_shop,opposite,latin
AD000407,T2,970202,T2-L10,1.0,0.714,text+pincode,,,11,,,,,post_office,post_office,near,latin
AD000408,T2,970202,T2-L10,1.0,0.714,text+pincode,,,8,,,,,post_office,post_office,behind,latin
AD000409,T3,980304,T3-L08,1.0,0.667,text,,,,,,,annapoorna nilaya,church,church,near,latin
AD000410,T3,980302,,0.19,0.035,,,,,c,5,,,medical_store,medical_store,near,latin
AD000411,T3,980303,T3-L05,1.0,0.896,text+pincode,,,,,,,,,,,latin
AD000412,T2,970204,T2-L11,1.0,0.714,text,,,6,,,11,,church,church,near,latin
AD000414,T3,980301,T3-L03,1.0,0.714,text+pincode,,,,d,1,,,ration_shop,ration_shop,near,latin
AD000416,T1,960101,T1-L12,1.0,0.918,text+pincode,4,2,,,,,,,,,latin
AD000417,T3,980304,T3-L07,1.0,0.857,text+pincode,,,,b,2,,,masjid,masjid,near,latin
AD000418,T2,970203,T2-L06,1.0,0.714,text+pincode,,,10,,,,shanti kunj,water_tank,water_tank,opposite,latin
AD000419,T2,970202,T2-L11,1.0,0.714,text+pincode,,,2,,,,,,,,latin
AD000420,T2,970202,T2-L10,1.0,0.714,text+pincode,,,10,,,,,ganesha_temple,ganesha_temple,near,latin
AD000421,T3,980301,T3-L01,1.0,0.833,text+pincode,,,,e,3,,,petrol_bunk,petrol_bunk,near,latin
AD000422,T3,,T3-L04,1.0,0.714,text,,,,a,1,,sai complex,church,church,opposite,latin
AD000423,T1,960104,T1-L05,1.0,0.837,text+pincode,4,6,,,,,,ganesha_temple,ganesha_temple,near,latin
AD000424,T2,970203,T2-L06,1.0,0.714,text+pincode,,,4,,,,,community_hall,community_hall,opposite,latin
AD000426,T3,980302,T3-L08,1.0,0.81,text+pincode,,,,a,5,,annapoorna nilaya,ration_shop,ration_shop,near,latin
AD000427,T3,980301,T3-L03,1.0,0.714,text+pincode,,,,,4,,,,,,latin
AD000428,T1,960102,T1-L11,1.0,0.714,text+pincode,1,7,,,,,ganga apartments,hanuman_temple,hanuman_temple,near,latin
AD000429,T1,960102,T1-L04,1.0,0.929,text+pincode,,,,,,,,community_hall,community_hall,near,kn
AD000430,T2,970202,T2-L11,1.0,0.714,text+pincode,,,,,,,,church,church,near,latin
AD000432,T2,970202,T2-L11,1.0,0.714,text+pincode,,,10,,,,,,,,latin
AD000433,T3,980303,,0.127,0.127,,,,,c,1,,,church,church,beside,latin
AD000434,T3,980304,T3-L03,1.0,0.714,text,,,,f,5,,,hanuman_temple,hanuman_temple,opposite,latin
AD000435,T1,960104,T1-L10,1.0,0.714,text+pincode,,,,,,,,petrol_bunk,petrol_bunk,near,kn
AD000436,T3,980303,,0.104,0.104,,,,,f,2,,,,,,latin
AD000437,T2,970204,T2-L03,1.0,0.714,text+pincode,,,11,,,,,milk_dairy,milk_dairy,near,latin
AD000438,T2,970203,T2-L08,1.0,0.714,text+pincode,,,1,,,8,,,,,latin
AD000439,T2,970202,T2-L02,1.0,0.714,text+pincode,,,9,,,,,hanuman_temple,hanuman_temple,near,latin
AD000440,T1,960102,T1-L06,1.0,0.714,text+pincode,12,3,,,,,shanti kunj,ration_shop,ration_shop,near,kn
AD000441,T1,960103,T1-L08,1.0,1.0,text+pincode,5,5,,,,,,masjid,masjid,opposite,latin
AD000442,T1,960101,T1-L12,1.0,0.918,text+pincode,,,,,,,,bus_stop,bus_stop,near,kn
AD000443,T2,970202,T2-L01,1.0,0.714,text+pincode,,,,,,,,hanuman_temple,hanuman_temple,near,latin
AD000444,T2,970202,,0.286,0.0,,,,2,,,,,ration_shop,ration_shop,near,latin
AD000445,T1,960102,T1-L11,1.0,0.714,text+pincode,10,1,,,,,,ganesha_temple,ganesha_temple,near,latin
AD000446,T3,980301,T3-L11,1.0,0.896,text+pincode,,,,a,4,,,masjid,masjid,near,latin
AD000447,T1,960103,T1-L07,1.0,0.868,text+pincode,10,3,,,,,,govt_school,govt_school,opposite,kn
AD000448,T3,980301,T3-L11,0.945,0.857,text+pincode,,,,d,5,,,hanuman_temple,hanuman_temple,behind,latin
AD000449,T3,980301,T3-L02,1.0,0.714,text,,,,c,1,,,,,,latin
AD000450,T2,970202,T2-L10,1.0,0.714,text+pincode,,,8,,,,,,,,latin
AD000451,T3,980302,T3-L08,1.0,0.81,text+pincode,,,,f,6,,,,,,latin
AD000452,T3,980302,T3-L08,1.0,0.81,text+pincode,,,,d,1,,,govt_school,govt_school,near,latin
AD000453,T3,980301,T3-L06,1.0,0.833,text+pincode,,,,d,6,,,water_tank,water_tank,opposite,latin
AD000455,T2,970204,T2-L12,1.0,0.714,text+pincode,,,1,,,,,masjid,masjid,near,latin
AD000456,T2,970201,T2-L09,1.0,0.714,text+pincode,,,9,,,,,milk_dairy,milk_dairy,opposite,latin
AD000457,T3,980304,T3-L07,1.0,0.896,text+pincode,,,,d,4,,,govt_school,govt_school,near,kn
AD000458,T3,980301,T3-L06,1.0,0.417,text+pincode,,,,e,3,,green view apartments,,,,latin
AD000459,T2,970201,T2-L05,1.0,0.714,text+pincode,,,4,,,5,,milk_dairy,milk_dairy,near,latin
AD000460,T2,970202,T2-L10,1.0,0.714,text+pincode,,,6,,,,,water_tank,water_tank,near,latin
AD000461,T2,970203,T2-L06,1.0,0.714,text+pincode,,,3,,,,,community_hall,community_hall,opposite,latin
AD000462,T1,960101,T1-L12,1.0,0.837,text+pincode,,,,,,,,ration_shop,ration_shop,near,latin
AD000464,T3,980302,T3-L08,1.0,0.81,text+pincode,,,,c,3,,,,,,latin
AD000465,T3,,T3-L06,1.0,0.81,text,,,,e,5,,lakshmi nilaya,water_tank,water_tank,near,latin
AD000466,T1,960102,T1-L03,1.0,0.844,text+pincode,9,4,,,,,,medical_store,medical_store,near,latin
AD000467,T1,960101,T1-L02,1.0,0.714,text+pincode,4,6,,,,,,govt_school,govt_school,near,latin
AD000468,T3,980304,T3-L02,1.0,0.844,text+pincode,,,,f,4,,,milk_dairy,milk_dairy,near,latin
AD000469,T1,960102,T1-L04,1.0,0.896,text+pincode,10,5,,,,,,ration_shop,ration_shop,opposite,latin
AD000471,T3,980301,T3-L01,1.0,0.833,text+pincode,,,,b,6,,,water_tank,water_tank,near,latin
AD000472,T2,970201,T2-L09,1.0,0.714,text+pincode,,,12,,,,,hanuman_temple,hanuman_temple,beside,latin
AD000473,T2,,T2-L11,1.0,0.714,text,,,,,,,,community_hall,community_hall,near,latin
AD000475,T1,960102,T1-L11,0.978,0.714,text+pincode,5,3,,,,,,park,park,near,latin
AD000477,T1,960101,T1-L09,1.0,0.714,text+pincode,10,6,,,,,,bus_stop,bus_stop,opposite,latin
AD000478,T1,960102,T1-L04,1.0,0.886,text+pincode,4,8,,,,,green view apartments,,,,latin
AD000479,T2,970201,T2-L05,1.0,0.714,text+pincode,,,9,,,5,,govt_school,govt_school,behind,latin
AD000480,T2,970202,T2-L11,1.0,0.714,text+pincode,,,,,,,,community_hall,community_hall,beside,latin
AD000481,T3,980304,T3-L07,1.0,0.896,text+pincode,,,,,,,,,,,latin
AD000482,T3,980301,T3-L03,1.0,0.714,text+pincode,,,,f,3,,,water_tank,water_tank,near,latin
AD000483,T3,980302,T3-L04,1.0,0.714,text,,,,c,6,,,masjid,masjid,opposite,latin
AD000484,T3,980304,T3-L07,1.0,0.896,text+pincode,,,,f,5,,,post_office,post_office,near,latin
AD000485,T2,970202,T2-L01,1.0,0.714,text+pincode,,,10,,,,,community_hall,community_hall,near,latin
AD000486,T2,,T2-L10,1.0,0.714,text,,,12,,,10,,,,,latin
AD000487,T2,970202,,0.286,0.0,,,,,,,,,post_office,post_office,opposite,latin
AD000488,T1,960102,,0.171,0.068,,,,,,,,,milk_dairy,milk_dairy,,latin
AD000489,T3,980301,T3-L06,1.0,0.833,text+pincode,,,,,,,,,,,latin
AD000491,T2,970202,T2-L01,1.0,0.714,text+pincode,,,7,,,,,church,church,near,latin
AD000492,T2,970202,T2-L08,1.0,0.714,text,,,,,,,,,,,latin
AD000493,T3,980302,T3-L10,1.0,0.81,text+pincode,,,,,,,,,,,latin
AD000495,T2,970202,T2-L10,1.0,0.714,text+pincode,,,9,,,,,ganesha_temple,ganesha_temple,near,latin
AD000497,T1,960104,T1-L01,1.0,0.714,text+pincode,10,6,,,,,,govt_school,govt_school,near,latin
AD000498,T2,970202,,0.286,0.0,,,,2,,,,,,,,latin
AD000499,T3,,,0.19,0.063,,,,,f,3,,,medical_store,medical_store,beside,latin
AD000500,T3,980301,T3-L11,1.0,0.912,text+pincode,,,,d,6,,,masjid,masjid,near,latin
AD000501,T3,980301,T3-L04,1.0,0.714,text+pincode,,,,c,3,,,water_tank,water_tank,near,latin
AD000502,T2,970202,T2-L11,1.0,0.714,text+pincode,,,3,,,,,,,,latin
AD000503,T2,970202,T2-L02,1.0,0.714,text+pincode,,,4,,,,,govt_school,govt_school,near,latin
AD000504,T1,960102,T1-L11,1.0,0.714,text+pincode,9,5,,,,,,,,,latin
AD000505,T3,980301,,0.104,0.037,,,,,,,,,govt_school,govt_school,near,kn
AD000506,T2,970203,T2-L06,1.0,0.714,text+pincode,,,4,,,6,,,,,latin
AD000507,T2,970203,T2-L06,1.0,0.714,text+pincode,,,12,,,,,park,park,behind,latin
AD000508,T3,980304,T3-L07,1.0,0.868,text+pincode,,,,f,5,,,ganesha_temple,ganesha_temple,,latin
AD000509,T2,970203,T2-L08,1.0,0.714,text+pincode,,,6,,,8,,ration_shop,ration_shop,opposite,hi
AD000510,T3,980301,T3-L06,1.0,0.833,text+pincode,,,,a,3,,,bus_stop,bus_stop,near,latin
AD000511,T3,,T3-L02,1.0,0.667,text,,,,f,2,,,water_tank,water_tank,opposite,latin
AD000512,T3,980301,T3-L01,1.0,0.833,text+pincode,,,,d,5,,,,,,latin
AD000513,T1,960104,T1-L01,1.0,0.714,text+pincode,7,6,,,,,,bus_stop,bus_stop,behind,latin
AD000515,T2,970202,T2-L10,1.0,0.714,text+pincode,,,6,,,,,,,,latin
AD000517,T1,960103,T1-L08,1.0,1.0,text+pincode,1,1,,,,,,,,,latin
AD000518,T1,960103,T1-L07,1.0,0.868,text+pincode,10,1,,,,,,govt_school,govt_school,near,latin
AD000519,T3,980302,T3-L02,1.0,0.714,text,,,,c,3,,,,,,latin
AD000521,T3,980301,T3-L11,1.0,0.896,text+pincode,,,,a,1,,,,,,latin
AD000522,T2,,T2-L06,1.0,0.714,text,,,12,,,,geen view apartments,ration_shop,ration_shop,behind,latin
AD000523,T2,970202,T2-L10,1.0,0.714,text+pincode,,,,,,,,bus_stop,bus_stop,near,latin
AD000524,T1,960102,T1-L11,1.0,0.714,text+pincode,12,1,,,,,,ganesha_temple,ganesha_temple,near,latin
AD000525,T3,980301,T3-L03,1.0,0.714,text+pincode,,,,d,3,,,post_office,post_office,near,latin
AD000526,T3,980302,T3-L08,1.0,0.81,text+pincode,,,,f,2,,,medical_store,medical_store,near,latin
AD000527,T2,970203,T2-L08,1.0,0.714,text+pincode,,,,,,,,,,,latin
AD000528,T3,980301,T3-L06,0.987,0.833,text+pincode,,,,b,5,,,,,,latin
AD000529,T1,960102,T1-L11,1.0,0.714,text+pincode,8,4,,,,,,medical_store,medical_store,beside,latin
AD000530,T1,960101,T1-L02,1.0,0.714,text+pincode,7,3,,,,,,,,,latin
AD000531,T2,970202,,0.286,0.0,,,,2,,,,,milk_dairy,milk_dairy,near,latin
AD000532,T3,980302,T3-L08,1.0,0.81,text+pincode,,,,c,6,,,medical_store,medical_store,,latin
AD000533,T3,980301,T3-L06,1.0,0.833,text+pincode,,,,e,3,,,,,,latin
AD000534,T3,980303,,0.104,0.104,,,,,f,5,,,medical_store,medical_store,near,latin
AD000535,T3,980303,T3-L05,1.0,0.857,text+pincode,,,,b,4,,sai residency,ration_shop,ration_shop,near,latin
AD000536,T1,960104,T1-L01,1.0,0.714,text+pincode,8,2,,,,,,ration_shop,ration_shop,opposite,latin
AD000537,T1,960102,,0.104,0.0,,1,1,,,,,,park,park,near,kn
AD000538,T2,970202,T2-L11,1.0,0.714,text+pincode,,,13,,,,sai complex,community_hall,community_hall,beside,hi
AD000539,T2,970202,,0.286,0.0,,,,9,,,10,,post_office,post_office,near,latin
AD000540,T2,970203,T2-L07,1.0,0.714,text+pincode,,,5,,,,,medical_store,medical_store,near,hi
AD000541,T1,960102,T1-L11,1.0,0.714,text+pincode,,,,,,,,hanuman_temple,hanuman_temple,near,latin
AD000542,T3,980304,,0.156,0.013,,,,,d,2,,,community_hall,community_hall,near,latin
AD000543,T1,960102,T1-L04,1.0,0.896,text+pincode,8,4,,,,,,bus_stop,bus_stop,opposite,latin
AD000544,T1,960101,T1-L12,1.0,0.918,text+pincode,9,6,,,,,,milk_dairy,milk_dairy,near,kn
AD000545,T3,980301,T3-L01,1.0,0.833,text+pincode,,,,,,,,petrol_bunk,petrol_bunk,behind,latin
AD000547,T1,960101,T1-L02,1.0,0.714,text+pincode,7,4,,,,,,medical_store,medical_store,near,latin
AD000548,T2,970203,T2-L08,1.0,0.714,text+pincode,,,8,,,,,medical_store,medical_store,near,latin
AD000549,T2,970204,T2-L09,1.0,0.714,text,,,3,,,,green view apartments,masjid,masjid,,latin
AD000550,T2,970202,T2-L01,1.0,0.714,text+pincode,,,5,,,,,church,church,near,latin
AD000551,T1,960102,T1-L04,1.0,0.896,text+pincode,10,4,,,,,,ration_shop,ration_shop,opposite,latin
AD000552,T2,970203,T2-L07,1.0,0.714,text+pincode,,,4,,,,,petrol_bunk,petrol_bunk,opposite,hi
AD000553,T2,970202,T2-L11,1.0,0.714,text+pincode,,,12,,,11,,,,,latin
AD000554,T3,980302,T3-L08,1.0,0.81,text+pincode,,,,e,3,,,ganesha_temple,ganesha_temple,near,latin
AD000555,T3,980304,T3-L02,1.0,0.844,text+pincode,,,,f,2,,,masjid,masjid,near,latin
AD000556,T3,980303,T3-L05,0.97,0.843,text+pincode,,,,b,5,,,bus_stop,bus_stop,near,latin
AD000557,T1,960102,T1-L04,1.0,0.929,text+pincode,6,3,,,,,,ganesha_temple,ganesha_temple,near,latin
AD000558,T2,970202,T2-L10,1.0,0.714,text+pincode,,,4,,,,,water_tank,water_tank,near,latin
AD000560,T2,970202,T2-L11,1.0,0.714,text+pincode,,,,,,,,masjid,masjid,opposite,latin
AD000561,T1,960102,,0.156,0.0,,7,8,,,,,,water_tank,water_tank,near,latin
AD000562,T1,960101,T1-L02,1.0,0.714,text+pincode,,,,,,,annapoorna nilaya,church,church,near,latin
AD000563,T1,960102,T1-L11,1.0,0.714,text+pincode,4,7,,,,,,milk_dairy,milk_dairy,behind,latin
AD000565,T2,970202,T2-L02,0.881,0.595,text+pincode,,,10,,,,,hanuman_temple,hanuman_temple,near,latin
AD000566,T2,970202,T2-L10,1.0,0.714,text+pincode,,,10,,,,,post_office,post_office,near,latin
AD000567,T3,,T3-L07,0.952,0.714,text,,,,a,3,,,milk_dairy,milk_dairy,near,latin
AD000568,T1,,T1-L03,1.0,0.5,text,1,4,,,,,,hanuman_temple,hanuman_temple,near,latin
AD000569,T1,960102,T1-L11,1.0,0.714,text+pincode,,,,,,,,community_hall,community_hall,opposite,latin
AD000570,T3,980302,T3-L08,1.0,0.81,text+pincode,,,,,,,,masjid,masjid,near,latin
AD000572,T3,980301,T3-L04,1.0,0.714,text+pincode,,,,f,6,,,,,,latin
AD000573,T2,,T2-L11,1.0,0.714,text,,,11,,,11,,community_hall,community_hall,near,latin
AD000574,T3,980301,T3-L11,1.0,0.912,text+pincode,,,,c,4,,,ganesha_temple,ganesha_temple,,latin
AD000575,T3,980302,T3-L12,1.0,0.896,text+pincode,,,,,,,,,,,latin
AD000576,T3,980301,T3-L11,1.0,0.896,text+pincode,,,,b,6,,,masjid,masjid,near,kn
AD000577,T3,980301,T3-L05,1.0,0.81,text,,,,d,5,,,community_hall,community_hall,opposite,latin
AD000578,T1,,T1-L03,1.0,0.714,text,5,7,,,,,,,,,latin
AD000579,T2,,,0.286,0.0,,,,5,,,9,,church,church,near,latin
AD000580,T3,980301,,0.104,0.0,,,,,d,4,,,water_tank,water_tank,opposite,latin
AD000581,T2,970202,T2-L01,1.0,0.714,text+pincode,,,,,,,,,,,latin
AD000583,T3,980302,T3-L10,1.0,0.81,text+pincode,,,,a,2,,,milk_dairy,milk_dairy,behind,latin
AD000584,T3,980304,T3-L02,1.0,0.912,text+pincode,,,,,,,,hanuman_temple,hanuman_temple,near,latin
AD000585,T2,970202,T2-L11,1.0,0.714,text+pincode,,,7,,,,,,,,latin
AD000586,T1,960103,T1-L07,1.0,0.868,text+pincode,11,5,,,,,,church,church,opposite,latin
AD000587,T3,980302,T3-L08,1.0,0.81,text+pincode,,,,f,3,,,ganesha_temple,ganesha_temple,near,latin
AD000588,T2,970202,T2-L02,1.0,0.714,text+pincode,,,6,,,,,,,,hi
AD000589,T1,960101,T1-L11,1.0,0.714,text,10,2,,,,,,ganesha_temple,ganesha_temple,,latin
AD000590,T3,980301,T3-L11,1.0,0.912,text+pincode,,,,c,1,,,,,,latin
AD000591,T3,980301,T3-L03,1.0,0.714,text+pincode,,,,e,4,,,post_office,post_office,near,latin
AD000592,T3,980301,T3-L01,1.0,0.833,text+pincode,,,,b,5,,,petrol_bunk,petrol_bunk,near,latin
AD000593,T1,960104,T1-L05,1.0,0.837,text+pincode,1,4,,,,,,ganesha_temple,ganesha_temple,near,latin
AD000594,T1,960104,,0.082,0.0,,3,1,,,,,,medical_store,medical_store,behind,latin
AD000595,T3,980304,T3-L07,1.0,0.896,text+pincode,,,,c,3,,,community_hall,community_hall,near,latin
AD000596,T3,980302,T3-L08,1.0,0.81,text+pincode,,,,d,6,,,govt_school,govt_school,near,latin
AD000597,T3,980302,T3-L10,1.0,0.81,text+pincode,,,,b,6,,,bus_stop,bus_stop,near,latin
AD000598,T2,970202,T2-L11,1.0,0.714,text+pincode,,,,,,,,medical_store,medical_store,near,latin
AD000599,T1,960101,,0.156,0.0,,2,3,,,,,lakshmi nilaya,,,,latin
AD000600,T2,970203,T2-L11,1.0,0.714,text,,,,,,,,medical_store,medical_store,behind,latin
AD000601,T2,970201,,0.286,0.0,,,,12,,,,,ration_shop,ration_shop,near,latin
AD000602,T1,960102,T1-L11,1.0,0.714,text+pincode,11,5,,,,,,,,,latin
AD000603,T2,970201,T2-L06,1.0,0.714,text,,,13,,,,,post_office,post_office,,latin
AD000604,T1,960102,T1-L04,1.0,0.929,text+pincode,1,8,,,,,,,,,latin
AD000605,T3,980301,T3-L06,1.0,0.833,text+pincode,,,,b,5,,,church,church,behind,latin
AD000606,T3,980304,T3-L02,1.0,0.848,text+pincode,,,,e,3,,,community_hall,community_hall,behind,latin
AD000607,T3,980301,T3-L11,1.0,0.896,text+pincode,,,,a,1,,,ration_shop,ration_shop,behind,latin
AD000608,T1,960102,T1-L04,1.0,0.848,text+pincode,2,6,,,,,,community_hall,community_hall,near,latin
AD000609,T2,970201,T2-L05,1.0,0.714,text+pincode,,,4,,,,,milk_dairy,milk_dairy,opposite,latin
AD000610,T2,970203,T2-L04,1.0,0.844,text+pincode,,,11,,,,,govt_school,govt_school,near,latin
AD000611,T2,970202,T2-L10,1.0,0.714,text+pincode,,,10,,,,,ganesha_temple,ganesha_temple,opposite,latin
AD000612,T2,970203,T2-L07,1.0,0.714,text+pincode,,,2,,,7,,masjid,masjid,near,latin
AD000613,T2,970203,T2-L06,1.0,0.714,text+pincode,,,5,,,6,,bus_stop,bus_stop,near,latin
AD000614,T3,980304,T3-L07,1.0,0.896,text+pincode,,,,,,,,masjid,masjid,behind,latin
AD000615,T3,980301,T3-L02,1.0,0.714,text,,,,b,6,,,water_tank,water_tank,near,latin
AD000616,T3,980301,,0.132,0.06,,,,,f,1,,,ganesha_temple,ganesha_temple,near,latin
AD000617,T3,980301,T3-L06,1.0,0.833,text+pincode,,,,d,6,,,water_tank,water_tank,behind,latin
AD000619,T1,960104,T1-L05,1.0,0.896,text+pincode,,,,,,,,,,,latin
AD000620,T2,,T2-L07,1.0,0.714,text,,,4,,,,shanti kunj,petrol_bunk,petrol_bunk,near,latin
AD000621,T2,970203,T2-L07,1.0,0.714,text+pincode,,,5,,,7,,post_office,post_office,near,latin
AD000622,T1,960102,T1-L11,1.0,0.714,text+pincode,1,3,,,,,sai complex,masjid,masjid,near,latin
AD000623,T1,,T1-L08,1.0,0.714,text,,,,,,,,masjid,masjid,near,latin
AD000624,T2,970201,,0.286,0.0,,,,11,,,,,bus_stop,bus_stop,behind,latin
AD000625,T2,970203,,0.286,0.13,,,,4,,,7,,masjid,masjid,opposite,latin
AD000626,T2,970201,T2-L05,1.0,0.714,text+pincode,,,9,,,,,,,,latin
AD000627,T3,,T3-L11,1.0,0.714,text,,,,a,3,,,,,,latin
AD000628,T3,980304,T3-L02,1.0,0.844,text+pincode,,,,d,2,,,bus_stop,bus_stop,near,latin
AD000629,T3,980304,T3-L07,1.0,0.896,text+pincode,,,,,,,,milk_dairy,milk_dairy,near,latin
AD000630,T1,960102,T1-L11,1.0,0.714,text+pincode,12,4,,,,,lakshmi nilaya,,,,latin
AD000631,T3,980301,T3-L06,1.0,0.833,text+pincode,,,,d,3,,,milk_dairy,milk_dairy,behind,latin
AD000632,T3,,T3-L11,0.959,0.714,text,,,,a,1,,,,,,latin
AD000633,T2,,T2-L10,1.0,0.714,text,,,1,,,,,,,,latin
AD000634,T2,970204,T2-L11,1.0,0.714,text,,,14,,,,,ganesha_temple,ganesha_temple,near,latin
AD000635,T1,,T1-L03,1.0,0.714,text,1,5,,,,,,hanuman_temple,hanuman_temple,near,latin
AD000636,T1,960101,,0.095,0.0,,6,3,,,,,,water_tank,water_tank,near,latin
AD000637,T1,960102,,0.082,0.01,,9,3,,,,,,bus_stop,bus_stop,opposite,latin
AD000638,T1,960102,T1-L06,1.0,0.714,text+pincode,2,8,,,,,,hanuman_temple,hanuman_temple,near,latin
AD000639,T3,980302,T3-L08,1.0,0.81,text+pincode,,,,b,6,,,medical_store,medical_store,near,latin
AD000641,T1,960102,T1-L11,1.0,0.714,text+pincode,9,7,,,,,,community_hall,community_hall,near,latin
AD000642,T2,970202,T2-L02,1.0,0.714,text+pincode,,,,,,,,,,,latin
AD000644,T3,980301,T3-L06,0.931,0.764,text+pincode,,,,d,2,,annapoorna nilaya,water_tank,water_tank,near,latin
AD000645,T3,980303,T3-L05,1.0,0.896,text+pincode,,,,a,1,,,,,,latin
AD000646,T1,960102,T1-L11,0.857,0.571,text+pincode,,,,,,,,medical_store,medical_store,near,latin
AD000647,T3,980301,T3-L11,0.945,0.793,text+pincode,,,,f,5,,,community_hall,community_hall,opposite,latin
AD000648,T3,980301,,0.104,0.037,,,,,b,5,,ganga apartments,hanuman_temple,hanuman_temple,opposite,latin
AD000649,T1,960102,T1-L01,1.0,0.714,text,3,6,,,,,,govt_school,govt_school,near,latin
AD000650,T3,980303,T3-L05,1.0,0.873,text+pincode,,,,c,5,,,,,,latin
AD000651,T3,980303,T3-L05,1.0,0.857,text+pincode,,,,d,6,,,community_hall,community_hall,near,latin
AD000652,T1,960102,T1-L11,1.0,0.714,text+pincode,,,,,,,,hanuman_temple,hanuman_temple,opposite,latin
AD000653,T1,960101,T1-L06,1.0,0.714,text,12,4,,,,,,govt_school,govt_school,opposite,kn
AD000654,T3,980304,,0.156,0.013,,,,,,,,sai complex,milk_dairy,milk_dairy,near,latin
AD000655,T1,960101,T1-L12,1.0,0.924,text+pincode,6,1,,,,,,community_hall,community_hall,opposite,latin
AD000656,T1,960103,T1-L08,1.0,1.0,text+pincode,8,4,,,,,,,,,latin
AD000657,T1,960101,T1-L09,1.0,0.714,text+pincode,12,6,,,,,,,,,latin
AD000658,T1,960102,T1-L11,1.0,0.714,text+pincode,4,2,,,,,,,,,latin
AD000660,T2,970201,T2-L05,1.0,0.714,text+pincode,,,9,,,,,,,,latin
AD000662,T3,980304,T3-L02,1.0,0.896,text+pincode,,,,,,,,milk_dairy,milk_dairy,near,latin
AD000663,T1,960103,T1-L08,1.0,1.0,text+pincode,6,1,,,,,,hanuman_temple,hanuman_temple,near,latin
AD000664,T1,960101,T1-L05,1.0,0.714,text,6,7,,,,,,milk_dairy,milk_dairy,near,latin
AD000665,T1,960101,T1-L02,1.0,0.714,text+pincode,4,6,,,,,,milk_dairy,milk_dairy,near,latin
AD000666,T3,980301,T3-L06,0.931,0.764,text+pincode,,,,b,5,,,,,,latin
AD000667,T1,960102,T1-L11,1.0,0.714,text+pincode,2,1,,,,,,,,,latin
AD000668,T1,960103,T1-L08,1.0,1.0,text+pincode,,,,,,,,post_office,post_office,near,latin
AD000669,T1,960103,T1-L08,1.0,1.0,text+pincode,1,2,,,,,,,,,latin
AD000671,T3,980302,T3-L08,1.0,0.81,text+pincode,,,,c,6,,,,,,latin
AD000672,T2,970203,T2-L08,1.0,0.714,text+pincode,,,6,,,,,medical_store,medical_store,near,latin
AD000673,T2,970202,,0.286,0.0,,,,,,,,,ration_shop,ration_shop,near,latin
AD000674,T2,970202,,0.286,0.0,,,,7,,,,,community_hall,community_hall,near,hi
AD000675,T2,,T2-L10,1.0,0.714,text,,,7,,,,,water_tank,water_tank,near,hi
AD000676,T2,970202,,0.286,0.0,,,,4,,,,,community_hall,community_hall,opposite,latin
AD000677,T2,970203,T2-L04,1.0,0.873,text+pincode,,,12,,,4,,medical_store,medical_store,near,latin
AD000678,T3,980302,T3-L08,1.0,0.81,text+pincode,,,,e,2,,sai residency,,,,latin
AD000679,T3,980302,T3-L08,1.0,0.81,text+pincode,,,,c,5,,,,,,latin
AD000680,T2,,T2-L03,1.0,0.714,text,,,5,,,,,,,,latin
AD000681,T3,980303,T3-L09,1.0,1.0,text+pincode,,,,d,1,,,,,,latin
AD000682,T3,,T3-L08,1.0,0.667,text,,,,f,2,,,,,,latin
AD000683,T1,960103,T1-L07,1.0,0.868,text+pincode,10,4,,,,,,,,,latin
AD000684,T1,960102,T1-L11,1.0,0.714,text+pincode,5,7,,,,,,milk_dairy,milk_dairy,near,latin
AD000685,T2,970203,T2-L01,1.0,0.714,text,,,5,,,1,,,,,latin
AD000686,T2,970203,T2-L06,1.0,0.714,text+pincode,,,11,,,,,water_tank,water_tank,near,latin
AD000687,T1,960103,T1-L08,1.0,1.0,text+pincode,5,7,,,,,,ration_shop,ration_shop,near,latin
AD000688,T1,960102,T1-L04,1.0,0.896,text+pincode,5,7,,,,,,ganesha_temple,ganesha_temple,near,latin
AD000689,T1,960102,T1-L11,1.0,0.714,text+pincode,,,,,,,,medical_store,medical_store,near,latin
AD000690,T1,960104,T1-L05,1.0,0.896,text+pincode,10,2,,,,,,church,church,near,latin
AD000692,T3,980301,T3-L04,1.0,0.714,text+pincode,,,,d,5,,,,,,latin
AD000693,T1,960102,T1-L03,1.0,0.896,text+pincode,4,2,,,,,,medical_store,medical_store,near,kn
AD000694,T2,970201,T2-L05,1.0,0.714,text+pincode,,,5,,,,,,,,latin
AD000695,T2,970201,T2-L09,1.0,0.714,text+pincode,,,12,,,,,hanuman_temple,hanuman_temple,near,latin
AD000696,T1,960103,T1-L08,1.0,1.0,text+pincode,7,3,,,,,,,,,latin
AD000697,T2,970204,T2-L03,1.0,0.714,text+pincode,,,5,,,,,medical_store,medical_store,near,latin
AD000698,T2,970203,T2-L07,1.0,0.714,text+pincode,,,,,,,,post_office,post_office,opposite,latin
AD000699,T1,960102,,0.076,0.005,,,,,,,,,,,,latin
AD000700,T1,960103,T1-L07,1.0,0.868,text+pincode,8,2,,,,,,community_hall,community_hall,near,latin
AD000701,T2,970202,T2-L02,1.0,0.714,text+pincode,,,,,,,,ration_shop,ration_shop,,latin
AD000702,T1,960102,T1-L11,1.0,0.714,text+pincode,1,5,,,,,,milk_dairy,milk_dairy,near,latin
AD000703,T2,970202,T2-L02,1.0,0.714,text+pincode,,,,,,,,church,church,near,latin
AD000704,T2,970202,T2-L10,1.0,0.714,text+pincode,,,1,,,,,,,,latin
AD000705,T3,,T3-L10,1.0,0.517,text,,,,b,5,,,park,park,near,latin
AD000706,T3,980304,T3-L02,1.0,0.896,text+pincode,,,,f,,,,water_tank,water_tank,near,latin
AD000707,T2,,T2-L09,1.0,0.714,text,,,,,,,,,,,latin
AD000708,T2,970203,T2-L06,1.0,0.714,text+pincode,,,2,,,,,,,,latin
AD000709,T2,970201,T2-L01,1.0,0.714,text,,,2,,,,,post_office,post_office,near,latin
AD000710,T2,970204,T2-L07,1.0,0.714,text,,,3,,,,,govt_school,govt_school,near,hi
AD000711,T2,970203,T2-L08,1.0,0.714,text+pincode,,,,,,,,ration_shop,ration_shop,near,latin
AD000712,T2,970201,T2-L05,1.0,0.714,text+pincode,,,8,,,5,,milk_dairy,milk_dairy,near,hi
AD000713,T2,970203,T2-L08,1.0,0.714,text+pincode,,,2,,,8,,park,park,near,latin
AD000715,T2,970202,T2-L11,1.0,0.714,text+pincode,,,9,,,,,church,church,near,latin
AD000717,T3,,T3-L03,1.0,0.714,text,,,,b,3,,,medical_store,medical_store,near,latin
AD000718,T2,970203,T2-L08,1.0,0.714,text+pincode,,,7,,,8,,church,church,near,latin
AD000719,T1,960102,T1-L11,1.0,0.714,text+pincode,11,3,,,,,,ganesha_temple,ganesha_temple,beside,latin
AD000720,T2,,T2-L02,1.0,0.714,text,,,6,,,,,,,,latin
AD000721,T3,980301,T3-L06,1.0,0.833,text+pincode,,,,,,,,milk_dairy,milk_dairy,behind,latin
AD000722,T3,980303,T3-L05,1.0,0.896,text+pincode,,,,c,6,,,hanuman_temple,hanuman_temple,opposite,latin
AD000723,T1,960104,T1-L01,1.0,0.714,text+pincode,4,5,,,,,,post_office,post_office,near,latin
AD000725,T2,,T2-L03,1.0,0.714,text,,,1,,,,,medical_store,medical_store,near,hi
AD000727,T3,980301,T3-L06,1.0,0.833,text+pincode,,,,b,5,,sai residency,petrol_bunk,petrol_bunk,near,latin
AD000728,T1,960101,T1-L02,1.0,0.714,text+pincode,1,8,,,,,sai residency,,,,latin
AD000730,T2,970202,T2-L02,1.0,0.714,text+pincode,,,5,,,,,medical_store,medical_store,near,latin
AD000731,T1,960102,T1-L11,1.0,0.714,text+pincode,2,8,,,,,,milk_dairy,milk_dairy,near,latin
AD000732,T3,980301,T3-L04,1.0,0.714,text+pincode,,,,a,4,,,,,,latin
AD000733,T1,960102,T1-L11,1.0,0.714,text+pincode,6,5,,,,,,community_hall,community_hall,opposite,latin
AD000734,T3,980303,T3-L05,1.0,0.873,text+pincode,,,,f,2,,,bus_stop,bus_stop,behind,latin
AD000735,T1,960102,T1-L11,1.0,0.714,text+pincode,4,4,,,,,,,,,latin
AD000736,T1,960103,T1-L08,1.0,1.0,text+pincode,4,2,,,,,,medical_store,medical_store,,latin
AD000737,T1,960101,T1-L02,1.0,0.714,text+pincode,,,,,,,,church,church,near,latin
AD000738,T1,960101,T1-L12,1.0,0.924,text+pincode,10,7,,,,,,govt_school,govt_school,opposite,latin
AD000739,T1,960102,T1-L04,1.0,0.896,text+pincode,4,4,,,,,,community_hall,community_hall,near,latin
AD000740,T1,960102,T1-L06,1.0,0.714,text+pincode,7,4,,,,,ganga apartments,park,park,opposite,latin
AD000741,T3,980304,T3-L02,1.0,0.912,text+pincode,,,,a,3,,,,,,latin
AD000742,T1,960103,T1-L07,1.0,0.868,text+pincode,4,6,,,,,,ration_shop,ration_shop,opposite,latin
AD000743,T1,960101,T1-L09,1.0,0.714,text+pincode,10,8,,,,,,church,church,near,latin
AD000744,T3,980302,T3-L08,1.0,0.81,text+pincode,,,,b,1,,,medical_store,medical_store,near,latin
AD000745,T2,970201,T2-L05,1.0,0.714,text+pincode,,,8,,,,,hanuman_temple,hanuman_temple,near,latin
AD000746,T2,970203,T2-L06,1.0,0.714,text+pincode,,,12,,,,,ration_shop,ration_shop,opposite,latin
AD000748,T1,960102,T1-L03,1.0,0.918,text+pincode,6,5,,,,,,church,church,near,kn
AD000749,T3,980301,T3-L11,1.0,0.912,text+pincode,,,,f,3,,,community_hall,community_hall,near,latin
AD000750,T3,980304,T3-L02,1.0,0.912,text+pincode,,,,f,1,,,,,,latin
AD000751,T2,970203,T2-L07,1.0,0.714,text+pincode,,,,,,,,medical_store,medical_store,near,latin
AD000752,T2,970204,T2-L03,1.0,0.714,text+pincode,,,5,,,,lakshmi nilaya,medical_store,medical_store,near,latin
AD000753,T1,,T1-L11,1.0,0.714,text,,,,,,,,milk_dairy,milk_dairy,near,latin
AD000754,T2,970203,,0.286,0.159,,,,9,,,,,ganesha_temple,ganesha_temple,behind,latin
AD000755,T2,970202,T2-L01,1.0,0.714,text+pincode,,,3,,,,,medical_store,medical_store,near,hi
AD000756,T2,970202,T2-L11,1.0,0.714,text+pincode,,,7,,,,,milk_dairy,milk_dairy,opposite,latin
AD000757,T2,970202,T2-L10,1.0,0.714,text+pincode,,,12,,,,,ganesha_temple,ganesha_temple,near,hi
AD000758,T2,970202,T2-L01,1.0,0.714,text+pincode,,,,,,,,,,,latin
AD000759,T2,970203,T2-L06,1.0,0.714,text+pincode,,,6,,,,,,,,latin
AD000760,T1,960102,T1-L11,1.0,0.714,text+pincode,3,5,,,,,,,,,latin
AD000761,T1,960103,T1-L08,1.0,1.0,text+pincode,7,,,,,,,masjid,masjid,near,latin
AD000762,T3,980301,T3-L06,1.0,0.833,text+pincode,,,,b,3,,,post_office,post_office,near,latin
AD000763,T3,980302,T3-L10,1.0,0.81,text+pincode,,,,d,6,,,post_office,post_office,near,latin
AD000764,T1,960102,T1-L04,1.0,0.896,text+pincode,9,3,,,,,,ration_shop,ration_shop,behind,kn
AD000765,T3,980301,T3-L03,1.0,0.714,text+pincode,,,,b,6,,,ration_shop,ration_shop,opposite,latin
AD000766,T3,980302,T3-L10,1.0,0.81,text+pincode,,,,,,,,post_office,post_office,near,latin
AD000767,T1,960102,T1-L04,1.0,0.896,text+pincode,8,5,,,,,,ganesha_temple,ganesha_temple,opposite,kn
AD000768,T2,970202,T2-L10,1.0,0.714,text+pincode,,,3,,,10,,ration_shop,ration_shop,near,latin
AD000769,T2,970204,T2-L12,1.0,0.714,text+pincode,,,11,,,,,petrol_bunk,petrol_bunk,opposite,hi
AD000770,T2,970202,T2-L10,1.0,0.714,text+pincode,,,12,,,,lakshmi nilaya,,,,latin
AD000771,T3,980302,T3-L08,1.0,0.81,text+pincode,,,,e,4,,,bus_stop,bus_stop,near,latin
AD000772,T3,980304,T3-L02,1.0,0.912,text+pincode,,,,c,8,,,water_tank,water_tank,near,latin
AD000773,T2,970202,T2-L11,1.0,0.714,text+pincode,,,1,,,,,masjid,masjid,near,latin
AD000774,T3,980304,T3-L07,1.0,0.896,text+pincode,,,,d,2,,,govt_school,govt_school,near,latin
AD000775,T3,980301,T3-L03,1.0,0.714,text+pincode,,,,e,5,,,,,,latin
AD000776,T3,980303,T3-L05,1.0,0.873,text+pincode,,,,a,6,,,,,,latin
AD000778,T1,960102,T1-L06,1.0,0.714,text+pincode,10,6,,,,,,petrol_bunk,petrol_bunk,opposite,latin
AD000779,T1,960103,T1-L08,1.0,1.0,text+pincode,,,,,,,,govt_school,govt_school,near,latin
AD000780,T1,960102,T1-L04,1.0,0.929,text+pincode,3,5,,,,,,church,church,near,latin
AD000781,T3,980303,T3-L05,1.0,0.873,text+pincode,,,,e,2,,,bus_stop,bus_stop,near,latin
AD000782,T1,960102,T1-L04,1.0,0.929,text+pincode,12,4,,,,,,govt_school,govt_school,opposite,kn
AD000783,T1,960102,T1-L04,1.0,0.929,text+pincode,12,5,,,,,,,,,latin
AD000784,T3,980301,T3-L04,1.0,0.714,text+pincode,,,,a,1,,,,,,latin
AD000785,T1,960102,,0.082,0.01,,,,,,,,,masjid,masjid,near,kn
AD000787,T3,980302,T3-L08,1.0,0.81,text+pincode,,,,b,2,,,church,church,near,latin
AD000788,T1,960102,T1-L03,1.0,0.837,text+pincode,10,3,,,,,,community_hall,community_hall,near,latin
AD000789,T3,980301,T3-L06,1.0,0.833,text+pincode,,,,e,4,,,,,,latin
AD000790,T2,970203,T2-L08,1.0,0.714,text+pincode,,,8,,,8,,bus_stop,bus_stop,near,latin
AD000791,T1,960102,T1-L11,1.0,0.714,text+pincode,7,7,,,,,,hanuman_temple,hanuman_temple,near,latin
AD000792,T2,970203,T2-L07,1.0,0.714,text+pincode,,,4,,,,,,,,latin
AD000793,T2,970204,T2-L12,1.0,0.714,text+pincode,,,2,,,,,masjid,masjid,opposite,latin
AD000794,T2,970204,T2-L04,1.0,0.714,text,,,11,,,4,,govt_school,govt_school,near,latin
AD000795,T3,980301,T3-L06,1.0,0.833,text+pincode,,,,d,5,,,water_tank,water_tank,opposite,latin
AD000797,T2,970202,T2-L10,1.0,0.714,text+pincode,,,7,,,10,,post_office,post_office,opposite,latin
AD000798,T2,970203,T2-L07,1.0,0.714,text+pincode,,,,,,,,,,,latin
AD000799,T2,970202,T2-L02,1.0,0.714,text+pincode,,,4,,,2,,bus_stop,bus_stop,behind,hi
AD000800,T1,,T1-L03,1.0,0.714,text,3,3,,,,,,,,,latin
AD000801,T3,980302,T3-L08,1.0,0.81,text+pincode,,,,f,3,,,masjid,masjid,near,latin
AD000802,T1,960102,T1-L03,1.0,0.868,text+pincode,,,,,,,sai complex,govt_school,govt_school,near,latin
AD000803,T1,960101,T1-L12,1.0,0.918,text+pincode,4,5,,,,,,medical_store,medical_store,near,kn
AD000804,T3,980301,T3-L06,1.0,0.833,text+pincode,,,,f,5,,,,,,latin
AD000805,T3,980301,T3-L01,1.0,0.833,text+pincode,,,,e,5,,,petrol_bunk,petrol_bunk,near,latin
AD000806,T2,970203,T2-L04,1.0,0.873,text+pincode,,,3,,,,,,,,latin
AD000807,T3,980304,T3-L04,1.0,0.714,text,,,,b,4,,,church,church,opposite,latin
AD000808,T3,980304,T3-L02,1.0,0.878,text+pincode,,,,d,5,,,park,park,opposite,latin
AD000809,T1,960102,T1-L03,1.0,0.918,text+pincode,11,1,,,,,,bus_stop,bus_stop,beside,kn
AD000810,T1,960102,T1-L04,1.0,0.896,text+pincode,4,8,,,,,,,,,latin
AD000812,T1,960101,,0.132,0.0,,,2,,,,,,,,,latin
AD000813,T1,960102,T1-L11,1.0,0.714,text+pincode,7,7,,,,,,ration_shop,ration_shop,near,latin
AD000814,T1,960101,,0.076,0.0,,10,1,,,,,,,,,latin
AD000815,T3,980302,T3-L10,1.0,0.81,text+pincode,,,,a,5,,,,,,latin
AD000816,T2,970203,T2-L08,1.0,0.714,text+pincode,,,8,,,,,bus_stop,bus_stop,near,latin
AD000817,T2,970202,T2-L11,1.0,0.714,text+pincode,,,,,,,annapoorna nilaya,milk_dairy,milk_dairy,behind,latin
AD000818,T2,,T2-L02,1.0,0.714,text,,,2,,,,,,,,latin
AD000819,T2,970202,T2-L10,1.0,0.714,text+pincode,,,9,,,10,,ganesha_temple,ganesha_temple,near,latin
AD000820,T1,960102,T1-L11,1.0,0.714,text+pincode,7,1,,,,,,ganesha_temple,ganesha_temple,near,latin
AD000821,T2,,T2-L11,1.0,0.714,text,,,10,,,11,,ration_shop,ration_shop,opposite,latin
AD000822,T1,960102,T1-L04,1.0,0.896,text+pincode,9,2,,,,,,ration_shop,ration_shop,near,latin
AD000823,T1,960104,T1-L01,1.0,0.714,text+pincode,11,3,,,,,,community_hall,community_hall,opposite,latin
AD000824,T3,980302,,0.19,0.119,,,,,a,3,,,,,,latin
AD000825,T3,980304,T3-L07,1.0,0.896,text+pincode,,,,c,2,,,community_hall,community_hall,near,latin
AD000826,T1,960101,T1-L02,1.0,0.714,text+pincode,4,7,,,,,,,,,latin
AD000827,T3,980303,T3-L10,1.0,0.517,text,,,,,,,green view apartments,milk_dairy,milk_dairy,opposite,latin
AD000828,T3,980301,,0.104,0.0,,,,,e,6,,,,,,latin
AD000829,T2,,,0.286,0.0,,,,8,,,,lakshmi nilaya,ganesha_temple,ganesha_temple,near,latin
AD000830,T1,960103,T1-L08,1.0,1.0,text+pincode,2,4,,,,,,masjid,masjid,near,latin
AD000831,T1,960104,T1-L05,1.0,0.81,text+pincode,10,2,,,,,,petrol_bunk,petrol_bunk,near,latin
AD000832,T1,,T1-L11,1.0,0.714,text,10,8,,,,,,bus_stop,bus_stop,near,latin
AD000833,T3,980301,T3-L06,1.0,0.833,text+pincode,,,,b,1,,,bus_stop,bus_stop,near,latin
AD000834,T3,980302,,0.5,0.31,,,,,d,1,,,,,,latin
AD000835,T2,970202,T2-L02,1.0,0.714,text+pincode,,,3,,,,,,,,latin
AD000836,T1,960102,T1-L03,1.0,0.844,text+pincode,,,,,,,green view apartments,hanuman_temple,hanuman_temple,near,latin
AD000837,T1,960101,,0.082,0.0,,1,2,,,,,,bus_stop,bus_stop,opposite,kn
AD000838,T1,960104,T1-L01,1.0,0.714,text+pincode,9,7,,,,,,petrol_bunk,petrol_bunk,near,latin
AD000839,T2,970203,T2-L08,1.0,0.714,text+pincode,,,,,,,,church,church,opposite,latin
AD000840,T1,960102,,0.156,0.0,,5,8,,,,,,milk_dairy,milk_dairy,near,latin
AD000841,T2,,T2-L11,1.0,0.714,text,,,2,,,,,medical_store,medical_store,near,latin
AD000842,T2,,T2-L07,1.0,0.714,text,,,8,,,7,,ganesha_temple,ganesha_temple,beside,latin
AD000843,T1,960102,,0.104,0.0,,1,5,,,,,,,,,latin
AD000844,T1,960102,T1-L06,0.969,0.683,text+pincode,4,2,,,,,,hanuman_temple,hanuman_temple,near,latin
AD000845,T1,960102,,0.076,0.0,,8,5,,,,,sai residency,,,,latin
AD000846,T2,970201,,0.286,0.0,,,,2,,,,,post_office,post_office,near,latin
AD000847,T1,960102,T1-L04,1.0,0.896,text+pincode,8,7,,,,,,ganesha_temple,ganesha_temple,near,kn
AD000848,T3,980301,T3-L11,1.0,0.896,text+pincode,,,,e,4,,,park,park,near,kn
AD000849,T3,980301,T3-L01,1.0,0.833,text+pincode,,,,,,,,community_hall,community_hall,near,latin
AD000850,T3,980302,T3-L05,1.0,0.81,text,,,,b,6,,,,,,latin
AD000851,T2,970203,T2-L06,1.0,0.714,text+pincode,,,1,,,,,community_hall,community_hall,near,latin
AD000852,T3,980302,T3-L01,1.0,0.81,text,,,,e,6,,sai complex,milk_dairy,milk_dairy,near,latin
AD000853,T3,980301,T3-L01,1.0,0.833,text+pincode,,,,a,2,,,milk_dairy,milk_dairy,behind,latin
AD000854,T2,970202,T2-L11,1.0,0.714,text+pincode,,,,,,,,masjid,masjid,near,latin
AD000855,T2,970203,T2-L08,1.0,0.714,text+pincode,,,6,,,8,shanti kunj,govt_school,govt_school,near,hi
AD000856,T3,980301,T3-L03,1.0,0.714,text+pincode,,,,c,4,,,masjid,masjid,near,latin
AD000857,T2,970202,T2-L02,1.0,0.714,text+pincode,,,1,,,,,park,park,behind,latin
AD000858,T3,980301,T3-L04,1.0,0.714,text+pincode,,,,e,1,,,ganesha_temple,ganesha_temple,behind,latin
AD000860,T2,970202,T2-L11,1.0,0.714,text+pincode,,,10,,,,,hanuman_temple,hanuman_temple,near,hi
AD000861,T2,970203,T2-L06,1.0,0.714,text+pincode,,,12,,,6,,medical_store,medical_store,near,hi
AD000862,T1,960104,T1-L10,1.0,0.714,text+pincode,,,,,,,,water_tank,water_tank,opposite,latin
AD000863,T2,970202,T2-L11,1.0,0.714,text+pincode,,,11,,,11,,ganesha_temple,ganesha_temple,behind,latin
AD000864,T2,970201,T2-L05,1.0,0.714,text+pincode,,,4,,,,,medical_store,medical_store,near,hi
AD000865,T3,980304,T3-L07,1.0,0.857,text+pincode,,,,e,6,,,petrol_bunk,petrol_bunk,near,latin
AD000866,T2,970202,T2-L11,1.0,0.714,text+pincode,,,5,,,11,,,,,latin
AD000867,T1,960102,T1-L11,1.0,0.714,text+pincode,3,7,,,,,,milk_dairy,milk_dairy,behind,latin
AD000868,T2,970202,T2-L02,1.0,0.714,text+pincode,,,12,,,2,,,,,latin
AD000869,T3,980304,T3-L07,1.0,0.868,text+pincode,,,,f,2,,,ganesha_temple,ganesha_temple,near,latin
AD000870,T3,980302,T3-L10,1.0,0.81,text+pincode,,,,b,1,,,water_tank,water_tank,near,latin
AD000871,T2,970202,T2-L10,1.0,0.714,text+pincode,,,7,,,,,govt_school,govt_school,near,hi
AD000872,T2,970203,T2-L04,1.0,0.857,text+pincode,,,10,,,,,govt_school,govt_school,opposite,latin
AD000873,T1,960104,T1-L01,1.0,0.714,text+pincode,3,8,,,,,sai complex,,,,latin
AD000874,T3,980301,T3-L01,1.0,0.833,text+pincode,,,,,,,,medical_store,medical_store,near,latin
AD000875,T3,980303,T3-L05,1.0,0.896,text+pincode,,,,c,4,,,,,,latin
AD000876,T3,980301,,0.122,0.019,,,,,f,5,,,medical_store,medical_store,near,latin
AD000877,T3,980302,,0.19,0.119,,,,,f,1,,,masjid,masjid,,latin
AD000878,T1,960104,T1-L10,1.0,0.714,text+pincode,5,5,,,,,,govt_school,govt_school,opposite,latin
AD000879,T3,980302,T3-L11,1.0,0.714,text,,,,e,3,,,govt_school,govt_school,opposite,latin
AD000880,T1,960102,T1-L11,1.0,0.714,text+pincode,5,1,,,,,,masjid,masjid,near,latin
AD000881,T1,960103,T1-L07,1.0,0.868,text+pincode,,,,,,,,medical_store,medical_store,near,kn
AD000882,T1,960103,T1-L07,1.0,0.868,text+pincode,8,5,,,,,,ganesha_temple,ganesha_temple,opposite,latin
AD000883,T2,970203,T2-L06,1.0,0.714,text+pincode,,,7,,,6,,milk_dairy,milk_dairy,near,latin
AD000884,T2,970203,T2-L08,1.0,0.714,text+pincode,,,7,,,,,govt_school,govt_school,near,latin
AD000885,T3,980302,T3-L10,1.0,0.81,text+pincode,,,,a,3,,,milk_dairy,milk_dairy,,latin
AD000886,T2,,T2-L02,1.0,0.714,text,,,8,,,2,,,,,latin
AD000888,T1,960102,T1-L04,1.0,0.896,text+pincode,6,4,,,,,,community_hall,community_hall,opposite,latin
AD000889,T1,960102,T1-L11,1.0,0.714,text+pincode,4,7,,,,,,,,,latin
AD000890,T2,970204,T2-L03,1.0,0.714,text+pincode,,,12,,,,,hanuman_temple,hanuman_temple,near,hi
AD000891,T2,970201,,0.286,0.0,,,,6,,,9,,post_office,post_office,near,hi
AD000892,T3,980301,T3-L11,1.0,0.857,text+pincode,,,,e,6,,,govt_school,govt_school,near,latin
AD000894,T3,980302,T3-L08,1.0,0.81,text+pincode,,,,b,3,,,,,,latin
AD000895,T1,960103,T1-L07,1.0,0.868,text+pincode,6,5,,,,,,ration_shop,ration_shop,behind,latin
AD000897,T2,970202,T2-L11,1.0,0.714,text+pincode,,,2,,,,,medical_store,medical_store,behind,latin
AD000898,T1,960102,T1-L04,1.0,0.896,text+pincode,2,8,,,,,,,,,latin
AD000899,T3,980302,,0.19,0.119,,,,,a,6,,,milk_dairy,milk_dairy,near,latin
AD000900,T3,980301,T3-L06,1.0,0.833,text+pincode,,,,f,1,,,govt_school,govt_school,,latin
AD000901,T2,970202,T2-L11,1.0,0.714,text+pincode,,,,,,,,,,,latin
AD000902,T2,970203,T2-L08,1.0,0.714,text+pincode,,,,,,,,petrol_bunk,petrol_bunk,near,latin
AD000903,T1,,T1-L11,1.0,0.714,text,1,8,,,,,,milk_dairy,milk_dairy,opposite,latin
AD000904,T1,960102,T1-L04,1.0,0.896,text+pincode,10,6,,,,,,ganesha_temple,ganesha_temple,near,latin
AD000905,T3,980303,T3-L09,1.0,1.0,text+pincode,,,,d,1,,,ration_shop,ration_shop,near,latin
AD000906,T3,980303,T3-L05,1.0,0.873,text+pincode,,,,e,2,,,,,,latin
AD000907,T3,980302,T3-L10,0.967,0.776,text+pincode,,,,c,4,,,park,park,opposite,latin
AD000908,T2,970203,T2-L04,1.0,0.905,text+pincode,,,,,,,,,,,latin
AD000910,T1,960102,T1-L11,1.0,0.714,text+pincode,2,4,,,,,,hanuman_temple,hanuman_temple,near,latin
AD000911,T1,960101,T1-L12,1.0,0.81,text+pincode,2,1,,,,,,park,park,near,latin
AD000912,T2,,T2-L11,1.0,0.714,text,,,12,,,,,,,,latin
AD000913,T3,980302,T3-L08,1.0,0.81,text+pincode,,,,d,4,,,bus_stop,bus_stop,near,latin
AD000914,T2,970202,T2-L11,1.0,0.714,text+pincode,,,4,,,,,,,,latin
AD000915,T3,980301,T3-L04,1.0,0.714,text+pincode,,,,,,,,post_office,post_office,near,latin
AD000916,T1,960102,T1-L06,1.0,0.714,text+pincode,11,1,,,,,,ration_shop,ration_shop,behind,latin
AD000917,T2,970203,T2-L08,1.0,0.714,text+pincode,,,2,,,,,,,,latin
AD000918,T2,970203,T2-L04,1.0,0.792,text+pincode,,,5,,,,green view apartments,community_hall,community_hall,behind,latin
AD000919,T1,960101,T1-L11,1.0,0.714,text,,,,,,,,hanuman_temple,hanuman_temple,near,latin
AD000920,T1,960104,,0.082,0.0,,8,4,,,,,,petrol_bunk,petrol_bunk,near,latin
AD000921,T2,970202,T2-L11,1.0,0.714,text+pincode,,,3,,,,,,,,latin
AD000922,T2,970201,T2-L05,1.0,0.714,text+pincode,,,2,,,,,post_office,post_office,near,hi
AD000923,T1,960102,T1-L04,1.0,0.896,text+pincode,2,2,,,,,ganga apartments,church,church,near,latin
AD000924,T2,970202,T2-L01,0.945,0.659,text+pincode,,,,,,,,medical_store,medical_store,near,latin
AD000925,T2,970202,T2-L11,1.0,0.714,text+pincode,,,12,,,,,community_hall,community_hall,opposite,latin
AD000926,T3,980302,T3-L08,1.0,0.81,text+pincode,,,,f,3,,,ganesha_temple,ganesha_temple,near,latin
AD000927,T2,970202,T2-L10,1.0,0.714,text+pincode,,,,,,,,water_tank,water_tank,near,hi
AD000928,T1,960103,T1-L08,1.0,1.0,text+pincode,2,6,,,,,,ration_shop,ration_shop,opposite,latin
AD000929,T1,960102,,0.104,0.0,,12,1,,,,,,,,,latin
AD000930,T1,960104,T1-L01,1.0,0.714,text+pincode,10,8,,,,,,petrol_bunk,petrol_bunk,near,latin
AD000932,T3,980303,T3-L01,0.954,0.763,text,,,,,,,,petrol_bunk,petrol_bunk,behind,latin
AD000933,T2,,T2-L11,1.0,0.714,text,,,7,,,11,,church,church,near,latin
AD000934,T2,970203,T2-L08,1.0,0.714,text+pincode,,,1,,,,,community_hall,community_hall,near,latin
AD000935,T3,980301,T3-L11,1.0,0.896,text+pincode,,,,f,6,,,,,,latin
AD000936,T1,960102,T1-L04,1.0,0.844,text+pincode,,,,,,,,ganesha_temple,ganesha_temple,near,latin
AD000937,T2,970204,T2-L03,1.0,0.714,text+pincode,,,,,,,,,,,latin
AD000938,T1,960102,T1-L06,1.0,0.714,text+pincode,1,4,,,,,,hanuman_temple,hanuman_temple,near,latin
AD000939,T1,960103,T1-L08,1.0,1.0,text+pincode,12,6,,,,,,,,,latin
AD000940,T1,960102,T1-L04,0.945,0.857,text+pincode,,,,,,,,bus_stop,bus_stop,near,latin
AD000942,T2,970203,T2-L08,1.0,0.714,text+pincode,,,12,,,,,,,,hi
AD000943,T3,980301,T3-L06,1.0,0.833,text+pincode,,,,b,5,,,church,church,opposite,latin
AD000944,T3,980304,T3-L07,1.0,0.896,text+pincode,,,,,,,,masjid,masjid,behind,latin
AD000945,T1,960103,T1-L08,1.0,1.0,text+pincode,2,7,,,,,,ration_shop,ration_shop,opposite,latin
AD000946,T1,960104,T1-L01,1.0,0.714,text+pincode,8,5,,,,,,petrol_bunk,petrol_bunk,near,latin
AD000947,T2,970203,T2-L08,1.0,0.714,text+pincode,,,10,,,,,govt_school,govt_school,near,latin
AD000948,T3,980302,T3-L08,1.0,0.81,text+pincode,,,,e,2,,lakshmi nilaya,,,,latin
AD000949,T3,980301,T3-L03,1.0,0.714,text+pincode,,,,e,3,,annapoorna nilaya,post_office,post_office,opposite,latin
AD000950,T3,980301,T3-L06,1.0,0.833,text+pincode,,,,d,1,,,,,,latin
AD000951,T2,970202,T2-L02,1.0,0.714,text+pincode,,,7,,,,,medical_store,medical_store,near,hi
AD000952,T2,970204,T2-L03,1.0,0.714,text+pincode,,,12,,,,,church,church,near,latin
AD000953,T2,970202,T2-L01,1.0,0.714,text+pincode,,,6,,,,,ration_shop,ration_shop,near,latin
AD000954,T3,980303,T3-L07,1.0,0.667,text,,,,b,1,,,masjid,masjid,near,latin
AD000955,T1,960102,T1-L11,1.0,0.714,text+pincode,12,6,,,,,,ganesha_temple,ganesha_temple,near,latin
AD000957,T2,970203,T2-L06,1.0,0.714,text+pincode,,,2,,,,,,,,latin
AD000958,T2,970202,T2-L10,1.0,0.714,text+pincode,,,8,,,,,,,,latin
AD000959,T1,960102,T1-L11,1.0,0.714,text+pincode,1,8,,,,,,milk_dairy,milk_dairy,near,kn
AD000961,T2,970203,T2-L06,1.0,0.714,text+pincode,,,7,,,,,water_tank,water_tank,near,hi
AD000962,T2,970203,T2-L04,1.0,0.905,text+pincode,,,4,,,,,,,,hi
AD000963,T1,960102,,0.122,0.019,,12,3,,,,,,ganesha_temple,ganesha_temple,behind,latin
AD000964,T2,970202,T2-L11,1.0,0.714,text+pincode,,,8,,,,,ration_shop,ration_shop,opposite,latin
AD000965,T1,960101,T1-L09,1.0,0.714,text+pincode,3,5,,,,,,post_office,post_office,near,latin
AD000967,T3,980301,T3-L06,1.0,0.833,text+pincode,,,,,,,,masjid,masjid,near,latin
AD000968,T3,980304,T3-L07,1.0,0.896,text+pincode,,,,b,6,,,,,,latin
AD000969,T1,960103,T1-L08,1.0,1.0,text+pincode,6,1,,,,,,medical_store,medical_store,opposite,latin
AD000970,T1,960103,T1-L08,1.0,1.0,text+pincode,12,6,,,,,,,,,latin
AD000971,T1,960102,T1-L04,1.0,0.896,text+pincode,7,5,,,,,,ganesha_temple,ganesha_temple,near,latin
AD000972,T3,980301,,0.104,0.037,,,,,c,6,,,milk_dairy,milk_dairy,near,kn
AD000973,T3,980303,T3-L05,1.0,0.896,text+pincode,,,,,,,,,,,latin
AD000974,T3,980302,,0.19,0.087,,,,,f,6,,,ganesha_temple,ganesha_temple,behind,latin
AD000975,T2,970201,T2-L09,1.0,0.714,text+pincode,,,6,,,9,,milk_dairy,milk_dairy,near,latin
AD000976,T1,960101,T1-L02,1.0,0.714,text+pincode,,,,,,,,hanuman_temple,hanuman_temple,near,latin
AD000978,T3,980301,T3-L03,1.0,0.714,text+pincode,,,,a,6,,,govt_school,govt_school,near,latin
AD000979,T2,970203,,0.286,0.0,,,,7,,,8,,,,,latin
AD000980,T2,970202,T2-L02,1.0,0.714,text+pincode,,,7,,,2,,bus_stop,bus_stop,near,latin
AD000981,T3,980301,T3-L06,1.0,0.833,text+pincode,,,,e,3,,,govt_school,govt_school,near,latin
AD000982,T3,980302,T3-L05,1.0,0.81,text,,,,f,6,,,medical_store,medical_store,near,latin
AD000984,T1,960101,T1-L09,1.0,0.714,text+pincode,,,,,,,,water_tank,water_tank,near,latin
AD000985,T3,980301,T3-L06,1.0,0.833,text+pincode,,,,f,6,,,govt_school,govt_school,near,latin
AD000986,T2,970203,T2-L08,1.0,0.714,text+pincode,,,6,,,,,medical_store,medical_store,beside,latin
AD000987,T1,960103,T1-L08,1.0,1.0,text+pincode,8,8,,,,,,masjid,masjid,near,latin
AD000988,T1,960104,T1-L01,1.0,0.714,text+pincode,8,5,,,,,,petrol_bunk,petrol_bunk,behind,latin
AD000989,T2,970202,T2-L10,1.0,0.714,text+pincode,,,12,,,10,,,,,latin
AD000990,T2,970202,T2-L02,1.0,0.714,text+pincode,,,8,,,,,ration_shop,ration_shop,near,latin
AD000991,T2,970204,T2-L03,1.0,0.714,text+pincode,,,10,,,,,milk_dairy,milk_dairy,near,hi
AD000992,T2,970202,T2-L10,1.0,0.714,text+pincode,,,6,,,,,water_tank,water_tank,opposite,latin
AD000993,T1,960102,T1-L11,1.0,0.714,text+pincode,,,,,,,,bus_stop,bus_stop,near,latin
AD000994,T2,970204,T2-L03,1.0,0.714,text+pincode,,,5,,,,,,,,latin
AD000995,T2,970203,T2-L01,1.0,0.714,text,,,10,,,,,community_hall,community_hall,near,latin
AD000996,T2,970202,T2-L11,1.0,0.714,text+pincode,,,,,,,green view apartments,ration_shop,ration_shop,near,latin
AD000997,T2,970201,T2-L05,1.0,0.714,text+pincode,,,8,,,,,,,,latin
AD000998,T2,970204,T2-L03,1.0,0.714,text+pincode,,,,,,,annapoorna nilaya,,,,latin
AD000999,T3,980301,T3-L11,1.0,0.912,text+pincode,,,,,,,,community_hall,community_hall,near,latin
AD001000,T1,960102,T1-L06,1.0,0.714,text+pincode,2,,,,,,,park,park,near,latin
AD001001,T3,980303,T3-L05,1.0,0.824,text+pincode,,,,e,5,,sai residency,ganesha_temple,ganesha_temple,near,latin
AD001002,T3,980304,T3-L07,1.0,0.868,text+pincode,,,,f,4,,,ganesha_temple,ganesha_temple,behind,latin
AD001003,T2,970201,T2-L09,1.0,0.714,text+pincode,,,9,,,,,,,,latin
AD001004,T1,960102,T1-L03,1.0,0.844,text+pincode,2,2,,,,,,hanuman_temple,hanuman_temple,near,latin
AD001005,T1,960101,,0.163,0.0,,,,,,,,,milk_dairy,milk_dairy,near,latin
AD001006,T3,980302,T3-L08,1.0,0.81,text+pincode,,,,b,1,,,,,,latin
AD001007,T1,960104,T1-L01,1.0,0.714,text+pincode,3,3,,,,,,govt_school,govt_school,near,latin
AD001008,T1,960104,T1-L10,1.0,0.714,text+pincode,4,2,,,,,,govt_school,govt_school,near,kn
AD001009,T2,970202,,0.286,0.0,,,,3,,,,,medical_store,medical_store,behind,latin
AD001010,T2,970202,T2-L02,1.0,0.714,text+pincode,,,2,,,,,,,,latin
AD001011,T2,970204,T2-L03,1.0,0.714,text+pincode,,,,,,,,milk_dairy,milk_dairy,near,latin
AD001012,T1,960102,T1-L04,1.0,0.912,text+pincode,3,5,,,,,,community_hall,community_hall,near,latin
AD001013,T2,970202,T2-L11,1.0,0.714,text+pincode,,,7,,,,,community_hall,community_hall,near,latin
AD001015,T3,980303,T3-L05,1.0,0.873,text+pincode,,,,d,1,,,ration_shop,ration_shop,near,latin
AD001016,T3,980303,T3-L09,1.0,1.0,text+pincode,,,,e,4,,,water_tank,water_tank,near,latin
AD001017,T3,980301,T3-L03,1.0,0.714,text+pincode,,,,,,,,ration_shop,ration_shop,,latin
AD001018,T3,980303,T3-L03,1.0,0.714,text,,,,a,6,,,govt_school,govt_school,near,latin
AD001019,T2,970203,T2-L06,1.0,0.714,text+pincode,,,10,,,,,post_office,post_office,opposite,latin
AD001020,T1,960102,T1-L11,1.0,0.714,text+pincode,11,1,,,,,,ganesha_temple,ganesha_temple,opposite,kn
AD001021,T1,960101,T1-L12,1.0,0.896,text+pincode,,,,,,,,govt_school,govt_school,opposite,latin
AD001022,T1,960102,T1-L06,1.0,0.714,text+pincode,5,5,,,,,,,,,latin
AD001023,T3,980301,,0.101,0.037,,,,,e,6,,,bus_stop,bus_stop,near,latin
AD001024,T3,980303,T3-L09,1.0,1.0,text+pincode,,,,,,,,,,,latin
AD001025,T2,970201,T2-L09,1.0,0.714,text+pincode,,,4,,,,,church,church,behind,latin
AD001026,T2,970203,T2-L08,1.0,0.714,text+pincode,,,1,,,,,,,,hi
AD001027,T2,970203,T2-L08,1.0,0.714,text+pincode,,,9,,,8,,petrol_bunk,petrol_bunk,near,latin
AD001028,T2,970203,,0.286,0.143,,,,9,,,,,govt_school,govt_school,near,latin
AD001029,T2,970203,T2-L08,1.0,0.714,text+pincode,,,1,,,,,govt_school,govt_school,near,latin
AD001031,T2,970202,T2-L11,1.0,0.714,text+pincode,,,6,,,,,medical_store,medical_store,near,hi
AD001032,T2,970204,T2-L09,1.0,0.714,text,,,11,,,,shanti kunj,,,,latin
AD001033,T1,960102,T1-L02,1.0,0.714,text,1,3,,,,,,govt_school,govt_school,opposite,kn
AD001034,T1,,T1-L11,1.0,0.714,text,11,7,,,,,sri krishna nivas,ration_shop,ration_shop,near,latin
AD001035,T1,960102,T1-L03,0.85,0.718,text+pincode,,,,,,,,hanuman_temple,hanuman_temple,opposite,latin
AD001036,T3,980304,T3-L06,1.0,0.81,text,,,,,,,,petrol_bunk,petrol_bunk,near,latin
AD001037,T3,980304,T3-L07,1.0,0.896,text+pincode,,,,e,1,,,milk_dairy,milk_dairy,near,latin
AD001039,T3,980302,T3-L10,1.0,0.81,text+pincode,,,,a,4,,,hanuman_temple,hanuman_temple,near,latin
AD001040,T3,,T3-L08,1.0,0.714,text,,,,a,6,,,church,church,opposite,latin
AD001041,T1,960103,,0.076,0.076,,6,5,,,,,,masjid,masjid,near,latin
AD001042,T1,960104,T1-L01,1.0,0.714,text+pincode,2,2,,,,,,,,,latin
AD001043,T1,960104,T1-L01,1.0,0.714,text+pincode,4,7,,,,,,,,,latin
AD001044,T1,960102,T1-L11,1.0,0.714,text+pincode,9,3,,,,,,,,,latin
AD001045,T1,960103,T1-L08,1.0,1.0,text+pincode,12,6,,,,,,,,,latin
AD001046,T3,,T3-L06,1.0,0.667,text,,,,d,2,,,milk_dairy,milk_dairy,near,latin
AD001047,T1,960102,T1-L11,1.0,0.714,text+pincode,12,2,,,,,,,,,latin
AD001048,T1,960102,T1-L11,1.0,0.714,text+pincode,4,1,,,,,,masjid,masjid,near,latin
AD001049,T3,980301,T3-L03,1.0,0.714,text+pincode,,,,d,4,,,govt_school,govt_school,near,latin
AD001050,T2,970203,T2-L06,1.0,0.714,text+pincode,,,,,,,,post_office,post_office,near,latin
AD001052,T1,960102,T1-L11,1.0,0.714,text+pincode,1,6,,,,,,milk_dairy,milk_dairy,near,latin
AD001053,T3,980302,T3-L08,1.0,0.81,text+pincode,,,,e,3,,,govt_school,govt_school,near,latin
AD001054,T3,980304,T3-L02,1.0,0.868,text+pincode,,,,c,1,,sai complex,,,,latin
AD001055,T2,970202,T2-L01,1.0,0.714,text+pincode,,,5,,,,,post_office,post_office,near,latin
AD001057,T1,960102,T1-L04,1.0,0.896,text+pincode,8,8,,,,,,ganesha_temple,ganesha_temple,near,kn
AD001058,T1,960102,T1-L11,1.0,0.714,text+pincode,1,8,,,,,,,,,latin
AD001059,T2,970201,T2-L02,1.0,0.714,text,,,,,,,,govt_school,govt_school,near,latin
AD001060,T2,970202,T2-L11,1.0,0.714,text+pincode,,,,,,,,community_hall,community_hall,near,latin
AD001062,T3,980303,T3-L05,1.0,0.81,text+pincode,,,,d,3,,green view apartments,ganesha_temple,ganesha_temple,near,latin
AD001063,T1,960102,T1-L11,1.0,0.714,text+pincode,,,,,,,,community_hall,community_hall,near,latin
AD001064,T3,980301,T3-L01,1.0,0.833,text+pincode,,,,d,5,,,milk_dairy,milk_dairy,opposite,latin
AD001065,T1,960102,,0.19,0.087,,8,3,,,,,,medical_store,medical_store,near,latin
AD001066,T3,,T3-L01,1.0,0.667,text,,,,c,2,,,,,,latin
AD001067,T1,960102,,0.076,0.005,,8,8,,,,,,,,,latin
AD001068,T3,980304,T3-L09,1.0,0.81,text,,,,c,1,,,petrol_bunk,petrol_bunk,near,latin
AD001069,T3,,,0.19,0.059,,,,,a,4,,,ganesha_temple,ganesha_temple,,latin
AD001070,T1,960101,T1-L09,1.0,0.714,text+pincode,9,3,,,,,,bus_stop,bus_stop,near,latin
AD001071,T3,980301,T3-L03,1.0,0.714,text+pincode,,,,,,,,,,,latin
AD001073,T3,980302,T3-L08,1.0,0.81,text+pincode,,,,c,2,,,medical_store,medical_store,near,latin
AD001074,T1,960102,T1-L11,1.0,0.714,text+pincode,9,1,,,,,,ganesha_temple,ganesha_temple,near,latin
AD001075,T1,960104,T1-L01,1.0,0.714,text+pincode,5,2,,,,,,post_office,post_office,near,latin
AD001076,T3,980301,T3-L03,1.0,0.714,text+pincode,,,,,,,,medical_store,medical_store,behind,latin
AD001078,T3,980301,T3-L10,1.0,0.81,text,,,,d,1,,,post_office,post_office,near,latin
AD001079,T3,980301,,0.132,0.0,,,,,f,4,,,govt_school,govt_school,opposite,latin
AD001080,T3,980301,T3-L06,0.962,0.795,text+pincode,,,,f,2,,,,,,latin
AD001081,T2,970202,T2-L02,1.0,0.714,text+pincode,,,5,,,,,medical_store,medical_store,near,latin
AD001082,T2,,T2-L08,1.0,0.714,text,,,2,,,8,,ration_shop,ration_shop,near,latin
AD001083,T1,960102,T1-L04,1.0,0.924,text+pincode,3,5,,,,,sai residency,,,,latin
AD001084,T2,970201,T2-L05,1.0,0.714,text+pincode,,,8,,,,,govt_school,govt_school,near,latin
AD001086,T3,980301,T3-L03,1.0,0.714,text+pincode,,,,f,4,,,,,,latin
AD001087,T1,960102,,0.156,0.0,,11,7,,,,,,ganesha_temple,ganesha_temple,near,latin
AD001088,T1,960102,T1-L03,1.0,0.837,text+pincode,5,6,,,,,,milk_dairy,milk_dairy,near,latin
AD001089,T3,980303,T3-L05,0.958,0.854,text+pincode,,,,,,,,milk_dairy,milk_dairy,near,latin
AD001091,T3,980301,T3-L01,1.0,0.833,text+pincode,,,,e,4,,,petrol_bunk,petrol_bunk,near,latin
AD001092,T3,980301,T3-L03,1.0,0.714,text+pincode,,,,d,3,,,govt_school,govt_school,near,latin
AD001094,T3,980304,T3-L07,1.0,0.896,text+pincode,,,,e,4,,,water_tank,water_tank,near,latin
AD001095,T2,970202,,0.286,0.0,,,,1,,,1,,,,,latin
AD001096,T1,960102,T1-L08,1.0,0.714,text,5,6,,,,,,masjid,masjid,near,latin
AD001097,T1,960102,T1-L06,1.0,0.714,text+pincode,6,4,,,,,,hanuman_temple,hanuman_temple,near,latin
AD001098,T3,980302,,0.19,0.127,,,,,a,4,,,,,,latin
AD001099,T3,980301,T3-L01,1.0,0.833,text+pincode,,,,e,5,,,bus_stop,bus_stop,near,latin
AD001100,T1,960102,T1-L11,1.0,0.714,text+pincode,,,,,,,,milk_dairy,milk_dairy,opposite,kn
AD001101,T1,960102,T1-L04,1.0,0.857,text+pincode,12,7,,,,,,govt_school,govt_school,near,latin
AD001102,T2,970203,T2-L08,1.0,0.714,text+pincode,,,2,,,8,sai residency,bus_stop,bus_stop,near,latin
AD001103,T1,,,0.104,0.0,,11,8,,,,,,bus_stop,bus_stop,near,latin
AD001104,T1,960103,,0.104,0.104,,7,5,,,,,,ganesha_temple,ganesha_temple,behind,latin
AD001105,T1,960102,T1-L11,1.0,0.714,text+pincode,6,5,,,,,sri krishna nivas,hanuman_temple,hanuman_temple,opposite,kn
AD001107,T1,960102,,0.132,0.028,,2,4,,,,,,hanuman_temple,hanuman_temple,near,latin
AD001108,T1,960103,T1-L07,1.0,0.868,text+pincode,9,4,,,,,,govt_school,govt_school,near,latin
AD001109,T3,980301,T3-L06,1.0,0.833,text+pincode,,,,,,,,govt_school,govt_school,opposite,latin
AD001110,T1,960101,T1-L12,1.0,0.924,text+pincode,7,6,,,,,,,,,latin
AD001112,T3,980301,T3-L04,1.0,0.714,text+pincode,,,,f,2,,,ganesha_temple,ganesha_temple,near,kn
AD001113,T3,980302,T3-L08,1.0,0.81,text+pincode,,,,e,4,,,bus_stop,bus_stop,near,latin
AD001114,T2,970202,T2-L10,1.0,0.714,text+pincode,,,9,,,,,water_tank,water_tank,near,latin
AD001115,T2,970204,T2-L03,1.0,0.714,text+pincode,,,12,,,,,hanuman_temple,hanuman_temple,beside,latin
AD001116,T3,980302,T3-L10,1.0,0.81,text+pincode,,,,e,2,,,post_office,post_office,near,latin
AD001117,T2,970202,T2-L10,1.0,0.714,text+pincode,,,12,,,,,ganesha_temple,ganesha_temple,near,hi
AD001118,T3,980304,T3-L07,1.0,0.896,text+pincode,,,,c,1,,,,,,latin
AD001119,T3,980303,T3-L05,1.0,0.873,text+pincode,,,,f,2,,lakshmi nilaya,hanuman_temple,hanuman_temple,near,latin
AD001120,T3,980301,T3-L01,1.0,0.833,text+pincode,,,,b,3,,,hanuman_temple,hanuman_temple,near,latin
AD001121,T3,,T3-L05,1.0,0.81,text,,,,e,5,,,ration_shop,ration_shop,opposite,latin
AD001122,T3,980303,T3-L05,1.0,0.873,text+pincode,,,,d,5,,,community_hall,community_hall,opposite,latin
AD001123,T3,980301,T3-L06,1.0,0.833,text+pincode,,,,d,6,,,,,,latin
AD001124,T2,970202,T2-L11,1.0,0.714,text+pincode,,,12,,,,,church,church,near,hi
AD001125,T2,970201,T2-L07,1.0,0.714,text,,,5,,,,,bus_stop,bus_stop,near,latin
AD001126,T2,970203,T2-L06,1.0,0.714,text+pincode,,,9,,,,,medical_store,medical_store,near,latin
AD001127,T2,970202,T2-L01,1.0,0.714,text+pincode,,,,,,,,,,,latin
AD001128,T3,980302,T3-L08,1.0,0.81,text+pincode,,,,a,1,,lakshmi nilaya,ration_shop,ration_shop,near,latin
AD001129,T2,970204,T2-L03,1.0,0.714,text+pincode,,,10,,,,,govt_school,govt_school,near,latin
AD001130,T1,960101,T1-L02,1.0,0.714,text+pincode,4,7,,,,,,water_tank,water_tank,near,latin
AD001131,T2,970202,T2-L11,1.0,0.714,text+pincode,,,12,,,,,community_hall,community_hall,opposite,latin
AD001132,T2,970202,T2-L10,1.0,0.714,text+pincode,,,1,,,,,ration_shop,ration_shop,beside,latin
AD001133,T2,970202,T2-L10,1.0,0.714,text+pincode,,,,,,,,govt_school,govt_school,near,latin
AD001134,T2,,T2-L01,1.0,0.714,text,,,5,,,5,,post_office,post_office,near,latin
AD001135,T2,970204,T2-L03,1.0,0.714,text+pincode,,,6,,,,,govt_school,govt_school,near,hi
AD001136,T2,970202,T2-L02,1.0,0.122,text+pincode,,,3,,,2,sri krishna nivas,park,park,near,latin
AD001137,T2,970204,,0.286,0.0,,,,5,,,,,milk_dairy,milk_dairy,near,hi
AD001138,T3,980301,T3-L11,1.0,0.517,text+pincode,,,,e,5,,,park,park,near,latin
AD001139,T1,960102,,0.156,0.0,,9,8,,,,,,park,park,near,latin
AD001140,T1,960101,T1-L12,1.0,0.886,text+pincode,10,6,,,,,,milk_dairy,milk_dairy,near,latin
AD001141,T3,,T3-L11,1.0,0.714,text,,,,f,1,,,petrol_bunk,petrol_bunk,near,kn
AD001142,T3,980301,T3-L03,1.0,0.714,text+pincode,,,,d,6,,,,,,latin
AD001143,T3,980302,T3-L10,1.0,0.81,text+pincode,,,,f,6,,,ration_shop,ration_shop,near,latin
AD001144,T1,960101,T1-L12,1.0,0.905,text+pincode,7,4,,,,,,church,church,near,latin
AD001145,T1,960103,T1-L07,1.0,0.868,text+pincode,5,6,,,,,,,,,latin
AD001146,T3,,,0.19,0.087,,,,,,,,,masjid,masjid,near,latin
AD001147,T3,980304,,0.104,0.032,,,,,e,1,,,bus_stop,bus_stop,beside,latin
AD001148,T1,960104,T1-L05,1.0,0.896,text+pincode,,,,,,,,,,,latin
AD001149,T2,970204,T2-L11,1.0,0.714,text,,,12,,,11,,,,,latin
AD001150,T2,970203,,0.286,0.143,,,,2,,,4,,park,park,near,latin
AD001151,T1,960102,T1-L04,1.0,0.929,text+pincode,,,,,,,,bus_stop,bus_stop,behind,latin
AD001152,T2,970202,T2-L02,1.0,0.714,text+pincode,,,12,,,,,hanuman_temple,hanuman_temple,near,latin
AD001153,T2,970204,,0.286,0.0,,,,9,,,,,hanuman_temple,hanuman_temple,near,latin
AD001154,T1,960104,T1-L01,1.0,0.714,text+pincode,12,8,,,,,,petrol_bunk,petrol_bunk,near,latin
AD001155,T2,970203,T2-L07,1.0,0.714,text+pincode,,,4,,,,,masjid,masjid,opposite,latin
AD001156,T2,970202,T2-L02,0.935,0.649,text+pincode,,,2,,,,,park,park,near,hi
AD001157,T2,970201,T2-L05,1.0,0.714,text+pincode,,,6,,,5,,,,,latin
AD001158,T2,,T2-L08,1.0,0.714,text,,,5,,,8,,govt_school,govt_school,beside,latin
AD001160,T1,960104,T1-L01,1.0,0.714,text+pincode,12,6,,,,,,,,,latin
AD001161,T3,980303,T3-L05,1.0,0.873,text+pincode,,,,d,4,,,community_hall,community_hall,beside,latin
AD001162,T3,980301,T3-L11,1.0,0.848,text+pincode,,,,f,1,,,community_hall,community_hall,near,latin
AD001163,T2,970201,T2-L05,1.0,0.714,text+pincode,,,7,,,,,govt_school,govt_school,near,latin
AD001164,T3,980301,T3-L03,1.0,0.714,text+pincode,,,,,,,,post_office,post_office,near,kn
AD001165,T3,980304,T3-L02,0.945,0.857,text+pincode,,,,c,3,,,,,,latin
AD001166,T1,960104,T1-L01,1.0,0.714,text+pincode,9,7,,,,,,,,,latin
AD001167,T1,960102,,0.132,0.044,,,,,,,,,hanuman_temple,hanuman_temple,near,latin
AD001168,T2,970201,T2-L09,1.0,0.714,text+pincode,,,13,,,,,milk_dairy,milk_dairy,near,latin
AD001170,T3,980302,T3-L10,1.0,0.81,text+pincode,,,,f,2,,,,,,latin
AD001171,T3,980301,T3-L06,1.0,0.833,text+pincode,,,,b,2,,,petrol_bunk,petrol_bunk,near,latin
AD001172,T1,960102,T1-L11,1.0,0.714,text+pincode,9,7,,,,,,ration_shop,ration_shop,behind,kn
AD001173,T1,960103,T1-L08,1.0,1.0,text+pincode,2,5,,,,,,,,,latin
AD001174,T1,960102,T1-L11,1.0,0.714,text+pincode,9,2,,,,,,ganesha_temple,ganesha_temple,near,latin
AD001175,T3,980302,T3-L08,1.0,0.81,text+pincode,,,,e,2,,,,,,latin
AD001176,T3,980303,T3-L05,1.0,0.873,text+pincode,,,,a,2,,shanti kunj,,,,latin
AD001177,T2,970203,T2-L08,1.0,0.714,text+pincode,,,6,,,8,,,,,hi
AD001178,T2,970202,T2-L11,1.0,0.714,text+pincode,,,6,,,,,,,,latin
AD001180,T3,,T3-L12,1.0,0.857,text,,,,e,5,,,,,,latin
AD001181,T3,980301,T3-L11,1.0,0.912,text+pincode,,,,a,1,,,,,,latin
AD001182,T2,970203,T2-L07,1.0,0.714,text+pincode,,,2,,,7,,hanuman_temple,hanuman_temple,near,latin
AD001183,T3,,T3-L05,1.0,0.81,text,,,,e,5,,,masjid,masjid,near,latin
AD001184,T3,980302,T3-L08,1.0,0.81,text+pincode,,,,a,5,,,church,church,near,latin
AD001186,T1,,T1-L11,1.0,0.714,text,9,4,,,,,,,,,latin
AD001187,T1,960104,T1-L03,1.0,0.714,text,4,6,,,,,,church,church,near,latin
AD001188,T3,980303,T3-L05,1.0,0.896,text+pincode,,,,,,,lakshmi nilaya,,,,latin
AD001189,T2,970204,T2-L03,0.952,0.667,text+pincode,,,,,,,,,,,latin
AD001190,T2,970202,T2-L02,1.0,0.714,text+pincode,,,11,,,,,church,church,opposite,latin
AD001191,T1,960103,T1-L07,1.0,0.868,text+pincode,12,5,,,,,,church,church,behind,kn
AD001192,T1,960101,T1-L02,1.0,0.714,text+pincode,10,1,,,,,,masjid,masjid,behind,kn
AD001193,T2,970204,T2-L03,1.0,0.714,text+pincode,,,12,,,,,ration_shop,ration_shop,near,latin
AD001194,T2,970202,T2-L10,1.0,0.714,text+pincode,,,6,,,,,hanuman_temple,hanuman_temple,behind,latin
AD001195,T2,970202,T2-L10,1.0,0.714,text+pincode,,,10,,,,,post_office,post_office,near,hi
AD001196,T1,960102,,0.163,0.011,,9,2,,,,,,community_hall,community_hall,near,latin
AD001197,T3,980302,T3-L08,1.0,0.81,text+pincode,,,,a,4,,,ration_shop,ration_shop,near,latin
AD001198,T1,960102,,0.104,0.0,,10,4,,,,,,ration_shop,ration_shop,beside,latin
AD001199,T1,960102,T1-L03,1.0,0.837,text+pincode,4,5,,,,,,medical_store,medical_store,near,latin
AD001200,T1,,T1-L01,1.0,0.714,text,2,4,,,,,,bus_stop,bus_stop,near,latin
AD001201,T1,960102,T1-L04,1.0,0.896,text+pincode,12,4,,,,,,,,,latin
AD001202,T2,970201,T2-L05,1.0,0.714,text+pincode,,,,,,,,hanuman_temple,hanuman_temple,near,latin
AD001203,T3,980301,T3-L11,0.959,0.871,text+pincode,,,,b,5,,,,,,latin
AD001204,T2,970202,T2-L11,1.0,0.714,text+pincode,,,,,,,,masjid,masjid,beside,latin
AD001206,T3,980301,T3-L06,1.0,0.833,text+pincode,,,,f,4,,,govt_school,govt_school,near,latin
AD001207,T1,960103,T1-L08,1.0,1.0,text+pincode,5,4,,,,,,masjid,masjid,near,latin
AD001208,T1,960104,T1-L06,1.0,0.714,text,,,,,,,,medical_store,medical_store,near,kn
AD001209,T2,,T2-L03,1.0,0.714,text,,,8,,,,,govt_school,govt_school,near,latin
AD001210,T2,970203,T2-L08,1.0,0.714,text+pincode,,,9,,,,,petrol_bunk,petrol_bunk,near,latin
AD001211,T2,970202,T2-L02,1.0,0.714,text+pincode,,,12,,,,,masjid,masjid,near,latin
AD001212,T3,980304,,0.156,0.013,,,,,,,,,milk_dairy,milk_dairy,near,latin
AD001213,T3,980304,T3-L09,1.0,0.81,text,,,,c,5,,sai complex,,,,latin
AD001214,T2,970202,T2-L10,1.0,0.714,text+pincode,,,5,,,,,ration_shop,ration_shop,near,hi
AD001215,T2,970203,T2-L04,1.0,0.905,text+pincode,,,,,,,,,,,latin
AD001216,T3,980302,T3-L08,1.0,0.81,text+pincode,,,,e,2,,,govt_school,govt_school,near,latin
AD001217,T3,980302,T3-L08,1.0,0.81,text+pincode,,,,c,3,,,medical_store,medical_store,opposite,latin
AD001218,T1,960104,T1-L05,1.0,0.896,text+pincode,3,8,,,,,,,,,latin
AD001219,T3,980301,T3-L12,1.0,0.857,text,,,,b,5,,,masjid,masjid,near,latin
AD001220,T3,980304,T3-L07,1.0,0.896,text+pincode,,,,f,5,,,,,,latin
AD001222,T3,980303,T3-L05,1.0,0.896,text+pincode,,,,,,,,,,,latin
AD001223,T1,960102,T1-L04,1.0,0.929,text+pincode,7,4,,,,,,,,,latin
AD001224,T1,960102,T1-L11,1.0,0.714,text+pincode,3,8,,,,,,,,,latin
AD001225,T2,970202,T2-L01,1.0,0.714,text+pincode,,,6,,,,,ganesha_temple,ganesha_temple,behind,latin
AD001226,T2,970203,,0.286,0.159,,,,1,,,6,,,,,latin
AD001227,T3,980302,T3-L10,1.0,0.81,text+pincode,,,,e,6,,,,,,latin
AD001228,T1,,T1-L02,1.0,0.714,text,3,6,,,,,,,,,latin
AD001230,T2,970203,T2-L07,1.0,0.714,text+pincode,,,10,,,7,,medical_store,medical_store,near,hi
AD001231,T1,960102,T1-L11,1.0,0.714,text+pincode,9,6,,,,,,,,,latin
AD001232,T2,970202,T2-L01,1.0,0.714,text+pincode,,,,,,,,,,,latin
AD001233,T1,960103,T1-L11,1.0,0.714,text,,,,,,,,masjid,masjid,near,latin
AD001234,T3,980301,,0.156,0.0,,,,,d,1,,,church,church,near,latin
AD001236,T1,960102,T1-L11,1.0,0.714,text+pincode,,,,,,,,milk_dairy,milk_dairy,opposite,kn
AD001237,T2,970203,T2-L06,1.0,0.714,text+pincode,,,11,,,,,post_office,post_office,near,latin
AD001238,T2,970202,T2-L11,1.0,0.714,text+pincode,,,,,,,,church,church,near,latin
AD001239,T1,960101,T1-L02,1.0,0.714,text+pincode,7,7,,,,,,church,church,near,latin
AD001240,T1,960102,T1-L03,1.0,0.896,text+pincode,5,6,,,,,,,,,latin
AD001242,T2,970202,T2-L11,1.0,0.714,text+pincode,,,9,,,,,hanuman_temple,hanuman_temple,near,latin
AD001243,T1,960102,T1-L11,1.0,0.714,text+pincode,4,6,,,,,,hanuman_temple,hanuman_temple,near,latin
AD001245,T2,970202,T2-L11,1.0,0.714,text+pincode,,,7,,,11,,church,church,beside,latin
AD001246,T1,960102,T1-L11,1.0,0.714,text+pincode,,,,,,,,,,,latin
AD001247,T3,980301,T3-L03,1.0,0.714,text+pincode,,,,e,3,,,post_office,post_office,near,latin
AD001248,T3,980302,T3-L08,1.0,0.81,text+pincode,,,,c,6,,,medical_store,medical_store,near,kn
AD001249,T3,980302,T3-L08,1.0,0.81,text+pincode,,,,a,1,,,govt_school,govt_school,near,latin
AD001250,T1,960102,T1-L11,1.0,0.714,text+pincode,9,7,,,,,lakshmi nilaya,ration_shop,ration_shop,near,latin
AD001251,T1,960104,T1-L05,1.0,0.886,text+pincode,,,,,,,,,,,latin
AD001252,T2,970201,T2-L01,1.0,0.714,text,,,4,,,,,medical_store,medical_store,near,latin
AD001253,T1,,T1-L02,1.0,0.714,text,4,6,,,,,,church,church,near,latin
AD001254,T2,970203,T2-L06,1.0,0.714,text+pincode,,,4,,,,,bus_stop,bus_stop,near,latin
AD001255,T3,980303,T3-L05,1.0,0.873,text+pincode,,,,e,5,,,,,,latin
AD001256,T1,960102,T1-L11,1.0,0.714,text+pincode,,,,,,,,bus_stop,bus_stop,near,latin
AD001257,T1,960103,T1-L08,1.0,1.0,text+pincode,12,3,,,,,,,,,latin
AD001258,T1,960103,T1-L07,1.0,0.868,text+pincode,1,1,,,,,,,,,latin
AD001259,T3,980304,T3-L06,1.0,0.81,text,,,,,,,,post_office,post_office,near,latin
AD001260,T2,,T2-L10,1.0,0.714,text,,,,,,,,hanuman_temple,hanuman_temple,near,hi
AD001261,T1,960102,T1-L04,1.0,0.929,text+pincode,5,1,,,,,,church,church,behind,kn
AD001262,T3,980301,T3-L03,1.0,0.714,text+pincode,,,,d,1,,,ganesha_temple,ganesha_temple,near,latin
AD001263,T1,960101,T1-L09,1.0,0.714,text+pincode,12,2,,,,,lakshmi nilaya,water_tank,water_tank,near,latin
AD001264,T3,980301,T3-L04,1.0,0.517,text+pincode,,,,e,6,,,park,park,near,latin
AD001265,T3,980301,T3-L04,1.0,0.714,text+pincode,,,,d,6,,,,,,latin
AD001266,T1,960102,T1-L11,1.0,0.714,text+pincode,1,2,,,,,,masjid,masjid,near,latin
AD001267,T1,960101,T1-L09,1.0,0.714,text+pincode,,4,,,,,,water_tank,water_tank,near,latin
AD001268,T3,980301,T3-L03,1.0,0.714,text+pincode,,,,c,6,,,,,,latin
AD001269,T3,980301,T3-L06,1.0,0.833,text+pincode,,,,,,,,,,,latin
AD001270,T1,960101,T1-L12,1.0,0.924,text+pincode,7,1,,,,,,,,,latin
AD001271,T1,,T1-L11,1.0,0.714,text,12,4,,,,,,ganesha_temple,ganesha_temple,near,latin
AD001272,T3,980302,T3-L10,1.0,0.81,text+pincode,,,,a,4,,,milk_dairy,milk_dairy,near,latin
AD001273,T1,960102,T1-L11,1.0,0.714,text+pincode,4,,,,,,,masjid,masjid,near,latin
AD001274,T3,980302,T3-L08,1.0,0.81,text+pincode,,,,d,2,,,govt_school,govt_school,opposite,latin
AD001275,T3,980301,T3-L06,1.0,0.833,text+pincode,,,,e,4,,,water_tank,water_tank,near,latin
AD001276,T1,960102,T1-L06,1.0,0.714,text+pincode,,,,,,,,,,,latin
AD001277,T2,,T2-L10,1.0,0.714,text,,,7,,,,,water_tank,water_tank,near,latin
AD001278,T1,960103,T1-L07,1.0,0.868,text+pincode,2,8,,,,,,,,,latin
AD001279,T2,970202,T2-L02,1.0,0.714,text+pincode,,,5,,,,,govt_school,govt_school,near,latin
AD001280,T2,970203,T2-L08,1.0,0.714,text+pincode,,,10,,,8,,,,,latin
AD001281,T2,970202,T2-L11,1.0,0.714,text+pincode,,,3,,,,,milk_dairy,milk_dairy,near,latin
AD001282,T3,980302,T3-L08,1.0,0.81,text+pincode,,,,a,5,,,ration_shop,ration_shop,near,latin
AD001283,T3,980304,T3-L05,1.0,0.81,text,,,,f,4,,,hanuman_temple,hanuman_temple,near,latin
AD001284,T2,970202,T2-L11,1.0,0.714,text+pincode,,,6,,,,,,,,latin
AD001285,T2,970204,T2-L03,1.0,0.714,text+pincode,,,3,,,,,,,,latin
AD001286,T3,980304,T3-L12,1.0,0.857,text,,,,c,3,,,,,,latin
AD001287,T3,980301,T3-L01,1.0,0.833,text+pincode,,,,f,3,,,,,,latin
AD001288,T1,960102,T1-L03,1.0,0.896,text+pincode,4,4,,,,,,church,church,behind,latin
AD001289,T3,,T3-L05,1.0,0.81,text,,,,f,4,,annapoorna nilaya,hanuman_temple,hanuman_temple,near,latin
AD001290,T3,980302,T3-L08,1.0,0.81,text+pincode,,,,b,5,,,,,,latin
AD001291,T3,980302,T3-L08,1.0,0.81,text+pincode,,,,e,2,,,govt_school,govt_school,near,latin
AD001293,T3,980301,T3-L03,1.0,0.517,text+pincode,,,,d,6,,green view apartments,,,,latin
AD001294,T1,960102,,0.156,0.0,,3,5,,,,,,hanuman_temple,hanuman_temple,near,latin
AD001295,T1,960102,T1-L04,1.0,0.929,text+pincode,,,,,,,,,,,latin
AD001296,T2,970203,T2-L06,1.0,0.714,text+pincode,,,7,,,,,medical_store,medical_store,near,latin
AD001297,T2,970203,T2-L04,1.0,0.844,text+pincode,,,5,,,,,ration_shop,ration_shop,near,latin
AD001298,T1,960101,T1-L02,1.0,0.714,text+pincode,8,6,,,,,,church,church,beside,latin
AD001299,T1,,T1-L12,1.0,0.5,text,6,4,,,,,,church,church,behind,latin
AD001300,T2,970202,T2-L11,1.0,0.714,text+pincode,,,4,,,,,medical_store,medical_store,behind,latin
AD001301,T2,970201,T2-L05,1.0,0.714,text+pincode,,,4,,,,,post_office,post_office,behind,latin
AD001302,T3,980301,T3-L01,1.0,0.833,text+pincode,,,,a,5,,,medical_store,medical_store,behind,latin
AD001303,T2,970202,T2-L10,1.0,0.714,text+pincode,,,7,,,,ganga apartments,,,,latin
AD001304,T1,960101,T1-L09,1.0,0.714,text+pincode,2,5,,,,,,ration_shop,ration_shop,opposite,latin
AD001305,T3,980301,T3-L06,1.0,0.833,text+pincode,,,,,,,,church,church,behind,latin
AD001306,T1,960102,T1-L11,1.0,0.714,text+pincode,,,,,,,,community_hall,community_hall,near,latin
AD001307,T1,960102,T1-L04,1.0,0.896,text+pincode,6,1,,,,,,water_tank,water_tank,beside,latin
AD001308,T1,960104,T1-L01,1.0,0.714,text+pincode,7,7,,,,,,bus_stop,bus_stop,near,latin
AD001309,T1,960101,T1-L12,1.0,0.924,text+pincode,,,,,,,,bus_stop,bus_stop,near,latin
AD001310,T2,970203,T2-L04,1.0,0.873,text+pincode,,,10,,,,,,,,latin
AD001311,T1,960104,T1-L01,1.0,0.714,text+pincode,3,1,,,,,,ganesha_temple,ganesha_temple,opposite,latin
AD001312,T1,960104,T1-L01,1.0,0.714,text+pincode,5,8,,,,,,govt_school,govt_school,near,latin
AD001314,T1,960104,T1-L01,1.0,0.714,text+pincode,6,8,,,,,,,,,latin
AD001315,T1,960104,T1-L01,1.0,0.714,text+pincode,,,,,,,,ganesha_temple,ganesha_temple,near,latin
AD001316,T1,960101,T1-L02,1.0,0.714,text+pincode,11,6,,,,,,church,church,near,kn
AD001317,T1,,T1-L06,1.0,0.714,text,4,4,,,,,,,,,latin
AD001318,T2,970202,T2-L02,1.0,0.714,text+pincode,,,7,,,,,bus_stop,bus_stop,near,latin
AD001319,T3,980304,T3-L02,1.0,0.878,text+pincode,,,,,,,,park,park,near,latin
AD001320,T1,960101,T1-L12,1.0,0.837,text+pincode,9,4,,,,,,church,church,near,latin
AD001321,T1,960103,T1-L07,1.0,0.844,text+pincode,7,6,,,,,,,,,latin
AD001322,T1,960103,,0.076,0.076,,3,1,,,,,,,,,latin
AD001323,T1,960102,T1-L04,0.943,0.848,text+pincode,10,4,,,,,,ration_shop,ration_shop,beside,latin
AD001324,T1,960102,T1-L11,1.0,0.714,text+pincode,9,2,,,,,,,,,latin
AD001325,T2,970201,T2-L05,1.0,0.714,text+pincode,,,4,,,,,,,,latin
AD001326,T2,970202,T2-L07,1.0,0.714,text,,,1,,,7,,park,park,behind,latin
AD001327,T2,970202,T2-L11,1.0,0.714,text+pincode,,,10,,,11,shanti kunj,,,,latin
AD001328,T2,970204,T2-L08,1.0,0.714,text,,,,,,,,milk_dairy,milk_dairy,near,latin
AD001329,T3,980302,T3-L08,1.0,0.796,text+pincode,,,,e,3,,,masjid,masjid,near,latin
AD001330,T3,980301,T3-L01,1.0,0.833,text+pincode,,,,c,4,,,church,church,near,latin
AD001331,T3,980301,T3-L06,1.0,0.833,text+pincode,,,,d,5,,,,,,latin
AD001332,T3,980301,T3-L04,1.0,0.714,text+pincode,,,,d,6,,,masjid,masjid,near,latin
AD001333,T3,,T3-L06,1.0,0.81,text,,,,,,,,petrol_bunk,petrol_bunk,near,latin
AD001335,T1,960101,T1-L09,1.0,0.714,text+pincode,3,3,,,,,,water_tank,water_tank,near,latin
AD001336,T1,960102,T1-L11,1.0,0.714,text+pincode,11,2,,,,,,ganesha_temple,ganesha_temple,near,latin
AD001337,T2,970202,T2-L11,1.0,0.714,text+pincode,,,,,,,,masjid,masjid,beside,hi
AD001338,T2,970203,T2-L06,1.0,0.714,text+pincode,,,8,,,,,water_tank,water_tank,behind,latin
AD001339,T2,970203,T2-L08,1.0,0.714,text+pincode,,,7,,,,,park,park,near,latin
AD001340,T2,970203,T2-L08,1.0,0.714,text+pincode,,,6,,,,,bus_stop,bus_stop,near,latin
AD001341,T3,980301,T3-L04,1.0,0.714,text+pincode,,,,f,6,,lakshmi nilaya,,,,latin
AD001342,T2,970203,T2-L06,1.0,0.714,text+pincode,,,3,,,,,,,,latin
AD001343,T3,980301,T3-L03,1.0,0.714,text+pincode,,,,d,1,,,govt_school,govt_school,near,latin
AD001344,T3,980301,T3-L04,1.0,0.517,text+pincode,,,,e,5,,,park,park,opposite,latin
AD001346,T2,970201,T2-L09,1.0,0.714,text+pincode,,,2,,,,,masjid,masjid,near,hi
AD001348,T1,960102,T1-L11,1.0,0.714,text+pincode,1,6,,,,,,milk_dairy,milk_dairy,near,latin
AD001349,T1,,T1-L06,1.0,0.5,text,1,4,,,,,,hanuman_temple,hanuman_temple,behind,latin
AD001350,T2,,T2-L05,1.0,0.714,text,,,,,,,,medical_store,medical_store,near,latin
AD001351,T2,970202,T2-L02,1.0,0.714,text+pincode,,,,,,,,hanuman_temple,hanuman_temple,near,latin
AD001352,T3,,T3-L05,1.0,0.81,text,,,,c,6,,,bus_stop,bus_stop,near,latin
AD001353,T3,,T3-L05,0.933,0.743,text,,,,d,3,,,hanuman_temple,hanuman_temple,near,latin
AD001354,T1,960101,T1-L11,1.0,0.714,text,9,5,,,,,,bus_stop,bus_stop,,latin
AD001355,T1,960102,T1-L04,1.0,0.857,text+pincode,12,4,,,,,,govt_school,govt_school,beside,latin
AD001356,T1,960102,T1-L07,1.0,0.5,text,2,4,,,,,,,,,latin
AD001357,T3,980302,T3-L02,1.0,0.714,text,,,,,,,,,,,latin
AD001359,T2,,T2-L03,1.0,0.714,text,,,,,,,,medical_store,medical_store,near,latin
AD001360,T3,980304,T3-L07,1.0,0.868,text+pincode,,,,c,3,,,ganesha_temple,ganesha_temple,near,latin
AD001361,T1,960101,T1-L02,1.0,0.714,text+pincode,11,8,,,,,,church,church,near,latin
AD001362,T1,960104,,0.163,0.0,,,2,,,,,,medical_store,medical_store,near,latin
AD001363,T1,960102,T1-L11,1.0,0.714,text+pincode,,,,,,,green view apartments,bus_stop,bus_stop,near,latin
AD001364,T1,960102,T1-L11,1.0,0.714,text+pincode,4,5,,,,,,hanuman_temple,hanuman_temple,,latin
AD001365,T2,970202,,0.286,0.0,,,,10,,,10,,ganesha_temple,ganesha_temple,behind,hi
AD001366,T1,960102,T1-L06,1.0,0.714,text+pincode,9,1,,,,,,milk_dairy,milk_dairy,beside,kn
AD001367,T1,960103,T1-L07,1.0,0.868,text+pincode,12,8,,,,,,,,,latin
AD001368,T2,970203,T2-L08,1.0,0.714,text+pincode,,,,,,,,,,,latin
AD001369,T3,980302,T3-L03,1.0,0.667,text,,,,f,2,,,water_tank,water_tank,beside,latin
AD001370,T1,960103,,0.163,0.163,,12,5,,,,,,bus_stop,bus_stop,near,latin
AD001371,T3,980301,T3-L06,1.0,0.833,text+pincode,,,,a,1,,,,,,latin
AD001372,T1,960102,T1-L11,1.0,0.714,text+pincode,4,7,,,,,,hanuman_temple,hanuman_temple,near,latin
AD001373,T2,970203,T2-L04,1.0,0.905,text+pincode,,,1,,,4,,park,park,near,hi
AD001374,T1,960102,T1-L06,1.0,0.714,text+pincode,,,,,,,,hanuman_temple,hanuman_temple,behind,latin
AD001375,T1,960104,T1-L01,1.0,0.714,text+pincode,,,,,,,,ganesha_temple,ganesha_temple,behind,latin
AD001376,T3,980301,T3-L03,1.0,0.714,text+pincode,,,,b,1,,,masjid,masjid,near,latin
AD001377,T3,980302,T3-L08,1.0,0.81,text+pincode,,,,a,3,,,govt_school,govt_school,near,latin
AD001378,T1,960102,T1-L06,1.0,0.714,text+pincode,,,,,,,,ganesha_temple,ganesha_temple,near,latin
AD001380,T2,970202,T2-L11,1.0,0.714,text+pincode,,,9,,,11,,church,church,behind,hi
AD001381,T2,970202,T2-L02,1.0,0.714,text+pincode,,,1,,,,,park,park,opposite,latin
AD001382,T3,980301,T3-L11,1.0,0.517,text+pincode,,,,,,,,park,park,near,latin
AD001383,T1,960102,,0.104,0.0,,7,,,,,,,,,,latin
AD001384,T3,980301,T3-L06,1.0,0.833,text+pincode,,,,b,5,,ganga apartments,church,church,near,latin
AD001385,T3,980302,T3-L12,1.0,0.848,text+pincode,,,,f,4,,,community_hall,community_hall,beside,latin
AD001386,T3,980301,T3-L11,1.0,0.844,text+pincode,,,,e,3,,,masjid,masjid,near,latin
AD001387,T1,960102,T1-L11,1.0,0.714,text+pincode,,,,,,,,bus_stop,bus_stop,,latin
AD001388,T1,960102,,0.104,0.0,,2,8,,,,,,,,,latin
AD001389,T1,960103,T1-L07,1.0,0.868,text+pincode,6,6,,,,,,,,,latin
AD001390,T3,980301,T3-L11,1.0,0.912,text+pincode,,,,d,5,,,,,,latin
AD001391,T3,,T3-L06,1.0,0.81,text,,,,e,5,,,govt_school,govt_school,opposite,latin
AD001392,T3,,T3-L01,1.0,0.81,text,,,,f,4,,,ganesha_temple,ganesha_temple,near,latin
AD001393,T1,960104,T1-L05,1.0,0.896,text+pincode,7,3,,,,,,,,,latin
AD001394,T3,980302,T3-L10,1.0,0.81,text+pincode,,,,a,1,,,milk_dairy,milk_dairy,behind,latin
AD001395,T3,980302,T3-L08,1.0,0.81,text+pincode,,,,c,1,,,medical_store,medical_store,near,latin
AD001396,T3,980301,T3-L11,1.0,0.912,text+pincode,,,,d,2,,,,,,latin
AD001397,T2,970202,T2-L11,1.0,0.714,text+pincode,,,11,,,,sai complex,ganesha_temple,ganesha_temple,beside,latin
AD001399,T3,980304,T3-L07,1.0,0.896,text+pincode,,,,f,5,,,,,,latin
AD001401,T1,960101,T1-L02,1.0,0.714,text+pincode,3,3,,,,,,medical_store,medical_store,near,latin
AD001402,T1,960103,T1-L07,1.0,0.857,text+pincode,9,2,,,,,,community_hall,community_hall,opposite,latin
AD001403,T2,970202,T2-L02,1.0,0.714,text+pincode,,,5,,,,,ration_shop,ration_shop,beside,latin
AD001404,T2,970201,T2-L05,1.0,0.714,text+pincode,,,3,,,,,post_office,post_office,near,latin
AD001405,T3,980301,T3-L01,1.0,0.833,text+pincode,,,,f,1,,,,,,latin
AD001406,T3,980301,T3-L01,1.0,0.833,text+pincode,,,,e,6,,,bus_stop,bus_stop,near,latin
AD001407,T3,980304,T3-L02,1.0,0.912,text+pincode,,,,b,6,,,,,,latin
AD001408,T1,960103,T1-L08,1.0,1.0,text+pincode,5,6,,,,,,masjid,masjid,beside,latin
AD001409,T2,970201,T2-L05,1.0,0.714,text+pincode,,,2,,,,ganga apartments,,,,latin
AD001410,T2,970202,T2-L03,1.0,0.714,text,,,3,,,3,green view apartments,,,,latin
AD001411,T1,960102,T1-L11,1.0,0.714,text+pincode,6,6,,,,,,hanuman_temple,hanuman_temple,behind,latin
AD001412,T1,960104,T1-L01,1.0,0.714,text+pincode,4,4,,,,,,,,,latin
AD001413,T1,960104,T1-L01,1.0,0.714,text+pincode,2,3,,,,,,ganesha_temple,ganesha_temple,near,latin
AD001414,T1,960102,T1-L04,1.0,0.857,text+pincode,12,3,,,,,,govt_school,govt_school,,latin
AD001415,T1,960103,T1-L08,1.0,1.0,text+pincode,4,8,,,,,,masjid,masjid,near,latin
AD001416,T1,960102,T1-L11,1.0,0.714,text+pincode,12,1,,,,,,ganesha_temple,ganesha_temple,near,latin
AD001417,T2,,T2-L02,1.0,0.714,text,,,1,,,,,park,park,near,latin
AD001419,T1,960102,,0.104,0.0,,1,7,,,,,,,,,latin
AD001420,T1,960101,T1-L09,1.0,0.714,text+pincode,11,5,,,,,,ganesha_temple,ganesha_temple,near,latin
AD001421,T3,980301,T3-L06,1.0,0.833,text+pincode,,,,b,5,,,,,,latin
AD001422,T3,980303,T3-L05,1.0,0.873,text+pincode,,,,f,4,,,,,,latin
AD001424,T2,970203,T2-L08,1.0,0.714,text+pincode,,,3,,,8,,govt_school,govt_school,near,latin
AD001425,T2,970202,T2-L01,1.0,0.714,text+pincode,,,3,,,1,,hanuman_temple,hanuman_temple,near,hi
AD001426,T1,960104,,0.104,0.028,,9,8,,,,,,,,,latin
AD001427,T3,980302,T3-L08,1.0,0.81,text+pincode,,,,a,6,,,church,church,near,latin
AD001428,T1,960104,T1-L01,1.0,0.714,text+pincode,1,4,,,,,,post_office,post_office,opposite,latin
AD001430,T2,970203,T2-L08,1.0,0.714,text+pincode,,,12,,,8,ganga apartments,bus_stop,bus_stop,near,latin
AD001431,T1,960102,T1-L03,1.0,0.837,text+pincode,2,6,,,,,,hanuman_temple,hanuman_temple,near,latin
AD001432,T3,980301,T3-L11,1.0,0.912,text+pincode,,,,e,3,,,,,,latin
AD001433,T1,960102,T1-L11,1.0,0.714,text+pincode,3,5,,,,,,hanuman_temple,hanuman_temple,near,latin
AD001434,T3,980302,T3-L08,1.0,0.81,text+pincode,,,,d,3,,,,,,latin
AD001435,T3,980303,T3-L02,1.0,0.714,text,,,,c,5,,,petrol_bunk,petrol_bunk,opposite,latin
AD001436,T3,,T3-L07,0.898,0.612,text,,,,c,3,,,masjid,masjid,near,latin
AD001437,T3,980301,T3-L06,1.0,0.833,text+pincode,,,,,,,,masjid,masjid,opposite,latin
AD001438,T3,980304,T3-L07,1.0,0.896,text+pincode,,,,a,2,,,,,,latin
AD001439,T3,980301,T3-L11,1.0,0.912,text+pincode,,,,b,5,,,,,,latin
AD001440,T3,980301,T3-L03,1.0,0.714,text+pincode,,,,d,6,,,,,,latin
AD001441,T3,980303,T3-L05,1.0,0.873,text+pincode,,,,a,4,,,,,,latin
AD001442,T1,960102,,0.104,0.0,,,,,,,,,milk_dairy,milk_dairy,opposite,latin
AD001443,T3,980301,T3-L11,1.0,0.912,text+pincode,,,,,,,,hanuman_temple,hanuman_temple,near,latin
AD001444,T1,960102,T1-L03,1.0,0.918,text+pincode,,,,,,,,,,,latin
AD001445,T2,,T2-L07,1.0,0.714,text,,,,,,,,,,,latin
AD001446,T2,970202,,0.286,0.0,,,,1,,,11,,medical_store,medical_store,near,latin
AD001447,T2,970201,T2-L05,1.0,0.714,text+pincode,,,4,,,5,,milk_dairy,milk_dairy,near,latin
AD001448,T3,980301,T3-L06,1.0,0.833,text+pincode,,,,b,6,,,church,church,opposite,latin
AD001449,T1,960102,,0.095,0.007,,3,4,,,,,,community_hall,community_hall,near,latin
AD001450,T2,,T2-L10,1.0,0.714,text,,,8,,,,ganga apartments,,,,latin
AD001451,T2,970201,T2-L09,1.0,0.714,text+pincode,,,5,,,,,,,,latin
AD001453,T3,,T3-L07,1.0,0.714,text,,,,d,1,,,petrol_bunk,petrol_bunk,near,latin
AD001454,T1,960101,T1-L02,1.0,0.714,text+pincode,12,,,,,,,church,church,near,latin
AD001455,T2,970202,T2-L11,1.0,0.714,text+pincode,,,7,,,,,milk_dairy,milk_dairy,beside,latin
AD001456,T2,970202,T2-L02,1.0,0.714,text+pincode,,,,,,,,govt_school,govt_school,near,hi
AD001457,T2,970203,T2-L08,1.0,0.714,text+pincode,,,6,,,,,govt_school,govt_school,opposite,latin
AD001458,T3,980301,T3-L06,1.0,0.833,text+pincode,,,,a,5,,,medical_store,medical_store,near,latin
AD001460,T3,980302,T3-L10,1.0,0.837,text+pincode,,,,e,3,,,post_office,post_office,near,latin
AD001461,T1,,T1-L01,1.0,0.714,text,3,5,,,,,,post_office,post_office,near,latin
AD001462,T1,960102,T1-L04,1.0,0.848,text+pincode,2,6,,,,,,community_hall,community_hall,near,latin
AD001463,T3,980303,T3-L07,1.0,0.714,text,,,,,,,,community_hall,community_hall,near,latin
AD001465,T2,970201,T2-L09,1.0,0.714,text+pincode,,,1,,,,,masjid,masjid,near,latin
AD001466,T3,,T3-L05,1.0,0.81,text,,,,a,2,,,,,,latin
AD001467,T3,,T3-L10,1.0,0.81,text,,,,d,4,,,post_office,post_office,near,latin
AD001468,T1,960102,T1-L04,1.0,0.896,text+pincode,4,1,,,,,,,,,latin
AD001469,T3,980304,T3-L07,1.0,0.896,text+pincode,,,,b,6,,,,,,latin
AD001470,T3,980303,T3-L09,1.0,1.0,text+pincode,,,,d,4,,green view apartments,ration_shop,ration_shop,opposite,latin
AD001471,T1,960102,T1-L11,1.0,0.714,text+pincode,11,6,,,,,,ration_shop,ration_shop,opposite,latin
AD001472,T3,980301,T3-L12,1.0,0.857,text,,,,b,1,,,,,,latin
AD001473,T3,980303,T3-L09,1.0,1.0,text+pincode,,,,c,5,,,petrol_bunk,petrol_bunk,near,latin
AD001474,T2,970202,T2-L11,1.0,0.714,text+pincode,,,8,,,,sai residency,govt_school,govt_school,opposite,latin
AD001475,T2,970202,T2-L02,1.0,0.714,text+pincode,,,,,,,sai complex,,,,latin
AD001476,T3,980304,T3-L02,1.0,0.878,text+pincode,,,,d,5,,,park,park,opposite,latin
AD001477,T1,960101,T1-L12,1.0,0.918,text+pincode,10,6,,,,,,,,,latin
AD001478,T2,970204,T2-L12,1.0,0.714,text+pincode,,,3,,,,,masjid,masjid,beside,latin
AD001479,T1,960102,T1-L11,1.0,0.714,text+pincode,,,,,,,,milk_dairy,milk_dairy,near,latin
AD001480,T3,980302,T3-L10,1.0,0.81,text+pincode,,,,,,,,masjid,masjid,near,latin
AD001481,T3,980302,T3-L10,1.0,0.81,text+pincode,,,,d,6,,,,,,latin
AD001482,T3,980302,T3-L10,1.0,0.81,text+pincode,,,,,,,,ganesha_temple,ganesha_temple,behind,latin
AD001483,T3,980303,T3-L02,1.0,0.714,text,,,,a,6,,,church,church,,latin
AD001484,T1,960102,T1-L11,1.0,0.714,text+pincode,,,,,,,,ganesha_temple,ganesha_temple,near,latin
AD001485,T1,960102,T1-L04,1.0,0.924,text+pincode,,,,,,,,ganesha_temple,ganesha_temple,opposite,latin
AD001486,T3,,,0.19,0.063,,,,,b,6,,,masjid,masjid,near,latin
AD001487,T2,970202,T2-L11,1.0,0.714,text+pincode,,,12,,,,,hanuman_temple,hanuman_temple,near,hi
AD001488,T2,970201,T2-L05,1.0,0.714,text+pincode,,,5,,,,,,,,latin
AD001489,T2,970202,T2-L11,1.0,0.714,text+pincode,,,11,,,,,church,church,near,hi
AD001490,T1,960104,T1-L05,1.0,0.896,text+pincode,,,,,,,,,,,latin
AD001491,T3,980302,T3-L10,1.0,0.81,text+pincode,,,,c,2,,,park,park,behind,latin
AD001493,T2,970203,T2-L01,1.0,0.714,text,,,8,,,,,,,,latin
AD001494,T2,970202,T2-L01,1.0,0.714,text+pincode,,,6,,,,,church,church,near,latin
AD001495,T2,970202,,0.286,0.0,,,,10,,,,,community_hall,community_hall,opposite,latin
AD001496,T1,960102,T1-L06,1.0,0.714,text+pincode,3,3,,,,,,masjid,masjid,near,kn
AD001497,T2,970202,T2-L11,1.0,0.714,text+pincode,,,7,,,,,ganesha_temple,ganesha_temple,near,latin
AD001498,T1,960102,T1-L11,1.0,0.714,text+pincode,3,7,,,,,,community_hall,community_hall,near,kn
AD001499,T3,980303,T3-L05,1.0,0.886,text+pincode,,,,a,3,,,,,,latin
AD001500,T3,980304,T3-L07,1.0,0.896,text+pincode,,,,a,4,,,milk_dairy,milk_dairy,near,latin
AD001501,T3,980302,,0.19,0.127,,,,,e,4,,,post_office,post_office,behind,kn
AD001502,T3,980301,,0.104,0.037,,,,,b,5,,,ganesha_temple,ganesha_temple,near,latin
AD001503,T2,970202,T2-L10,1.0,0.714,text+pincode,,,6,,,,,ganesha_temple,ganesha_temple,near,latin
AD001504,T2,970203,T2-L08,1.0,0.714,text+pincode,,,11,,,,,church,church,near,latin
AD001505,T2,970203,T2-L08,1.0,0.714,text+pincode,,,7,,,,,bus_stop,bus_stop,behind,hi
AD001506,T2,970204,T2-L03,1.0,0.714,text+pincode,,,10,,,3,,,,,latin
AD001507,T3,980304,T3-L07,1.0,0.896,text+pincode,,,,,,,,,,,latin
AD001508,T1,960101,T1-L09,1.0,0.714,text+pincode,,,,,,,,govt_school,govt_school,near,latin
AD001509,T1,960101,T1-L11,1.0,0.714,text,4,8,,,,,,,,,latin
AD001510,T2,970202,T2-L02,1.0,0.714,text+pincode,,,4,,,2,,,,,latin
AD001511,T2,970203,T2-L07,0.945,0.659,text+pincode,,,9,,,,,post_office,post_office,near,latin
AD001512,T3,980301,T3-L03,1.0,0.714,text+pincode,,,,e,3,,,post_office,post_office,near,latin
AD001513,T3,980303,T3-L09,1.0,1.0,text+pincode,,,,e,5,,,,,,latin
AD001514,T1,960101,,0.114,0.0,,5,5,,,,,,water_tank,water_tank,near,latin
AD001515,T2,970202,T2-L11,1.0,0.714,text+pincode,,,2,,,11,,medical_store,medical_store,behind,latin
AD001516,T1,960102,,0.171,0.029,,12,4,,,,,ganga apartments,govt_school,govt_school,beside,latin
AD001517,T1,960102,T1-L04,1.0,0.896,text+pincode,5,8,,,,,ganga apartments,ganesha_temple,ganesha_temple,near,latin
AD001519,T3,,T3-L12,1.0,0.857,text,,,,c,3,,,govt_school,govt_school,opposite,latin
AD001520,T3,980301,T3-L11,1.0,0.912,text+pincode,,,,a,5,,,,,,latin
AD001521,T3,980304,T3-L02,1.0,0.912,text+pincode,,,,d,3,,,community_hall,community_hall,opposite,latin
AD001523,T2,970203,T2-L06,1.0,0.714,text+pincode,,,3,,,6,,community_hall,community_hall,opposite,latin
AD001524,T3,980303,T3-L05,1.0,0.873,text+pincode,,,,c,1,,,,,,latin
AD001525,T3,980301,T3-L03,1.0,0.714,text+pincode,,,,b,2,,sri krishna nivas,ration_shop,ration_shop,near,latin
AD001526,T2,970202,T2-L01,1.0,0.714,text+pincode,,,8,,,,,community_hall,community_hall,near,hi
AD001528,T2,970202,T2-L11,1.0,0.714,text+pincode,,,1,,,,,masjid,masjid,near,latin
AD001530,T1,960102,T1-L03,1.0,0.924,text+pincode,4,4,,,,,green view apartments,,,,latin
AD001531,T1,960104,,0.19,0.0,,1,4,,,,,,ganesha_temple,ganesha_temple,near,latin
AD001532,T1,960101,,0.082,0.0,,4,1,,,,,,community_hall,community_hall,near,latin
AD001533,T1,960102,T1-L04,1.0,0.929,text+pincode,,,,,,,,ganesha_temple,ganesha_temple,behind,latin
AD001534,T3,980301,,0.104,0.032,,,,,e,2,,,,,,latin
AD001535,T3,980304,T3-L02,1.0,0.896,text+pincode,,,,b,6,,,,,,latin
AD001536,T3,980302,T3-L07,1.0,0.714,text,,,,,,,,,,,latin
AD001537,T2,970201,T2-L05,1.0,0.714,text+pincode,,,9,,,,,hanuman_temple,hanuman_temple,near,latin
AD001538,T2,970203,T2-L07,1.0,0.714,text+pincode,,,12,,,7,,,,,hi
AD001539,T1,960103,T1-L07,1.0,0.868,text+pincode,2,2,,,,,,milk_dairy,milk_dairy,near,latin
AD001540,T3,980304,T3-L07,1.0,0.896,text+pincode,,,,e,6,,,petrol_bunk,petrol_bunk,,latin
AD001541,T1,960104,T1-L10,0.943,0.714,text+pincode,,,,,,,,ganesha_temple,ganesha_temple,near,latin
AD001542,T3,980301,T3-L11,1.0,0.912,text+pincode,,,,d,4,,,,,,latin
AD001543,T2,970202,T2-L10,1.0,0.714,text+pincode,,,7,,,,,water_tank,water_tank,near,latin
AD001544,T3,980304,T3-L02,1.0,0.912,text+pincode,,,,b,3,,,,,,latin
AD001545,T3,980302,T3-L10,1.0,0.81,text+pincode,,,,c,6,,annapoorna nilaya,park,park,near,latin
AD001546,T1,960101,T1-L02,1.0,0.714,text+pincode,1,2,,,,,,,,,latin
AD001548,T1,960102,T1-L06,1.0,0.714,text+pincode,3,2,,,,,,,,,latin
AD001549,T2,970202,T2-L10,1.0,0.714,text+pincode,,,4,,,,,govt_school,govt_school,near,latin
AD001551,T2,970202,T2-L11,1.0,0.714,text+pincode,,,1,,,,lakshmi nilaya,,,,latin
AD001552,T1,960103,T1-L08,1.0,1.0,text+pincode,1,6,,,,,,ration_shop,ration_shop,near,kn
AD001553,T2,970203,T2-L08,1.0,0.714,text+pincode,,,9,,,8,,ganesha_temple,ganesha_temple,near,latin
AD001554,T1,960102,T1-L11,1.0,0.714,text+pincode,6,3,,,,,,,,,latin
AD001555,T3,980304,T3-L07,1.0,0.896,text+pincode,,,,d,4,,,petrol_bunk,petrol_bunk,opposite,latin
AD001556,T2,970203,T2-L08,1.0,0.714,text+pincode,,,,,,,,bus_stop,bus_stop,near,latin
AD001557,T2,970202,T2-L11,1.0,0.714,text+pincode,,,11,,,,,,,,hi
AD001558,T2,970203,,0.286,0.19,,,,9,,,6,,water_tank,water_tank,opposite,hi
AD001559,T2,970202,T2-L10,1.0,0.714,text+pincode,,,1,,,10,,,,,latin
AD001560,T3,980301,T3-L01,1.0,0.833,text+pincode,,,,,4,,,hanuman_temple,hanuman_temple,opposite,latin
AD001561,T1,960104,T1-L03,1.0,0.714,text,8,5,,,,,,medical_store,medical_store,near,latin
AD001563,T3,980301,T3-L03,1.0,0.714,text+pincode,,,,b,6,,,milk_dairy,milk_dairy,near,latin
AD001564,T3,980301,T3-L11,1.0,0.912,text+pincode,,,,d,6,,,hanuman_temple,hanuman_temple,near,latin
AD001565,T3,980304,T3-L02,1.0,0.912,text+pincode,,,,f,6,,,,,,latin
AD001566,T2,970202,T2-L11,1.0,0.714,text+pincode,,,7,,,,,ganesha_temple,ganesha_temple,near,latin
AD001567,T1,960102,T1-L11,1.0,0.714,text+pincode,8,5,,,,,,community_hall,community_hall,beside,latin
AD001568,T1,960102,T1-L11,1.0,0.714,text+pincode,11,5,,,,,,ganesha_temple,ganesha_temple,near,kn
AD001569,T3,980302,,0.19,0.087,,,,,f,6,,,,,,latin
AD001570,T1,960103,T1-L08,1.0,1.0,text+pincode,9,6,,,,,,,,,latin
AD001571,T1,960103,T1-L08,1.0,1.0,text+pincode,8,2,,,,,,medical_store,medical_store,near,kn
AD001572,T3,980301,T3-L04,1.0,0.714,text+pincode,,,,f,4,,,,,,latin
AD001573,T3,980302,T3-L08,1.0,0.81,text+pincode,,,,f,2,,sai complex,masjid,masjid,near,latin
AD001574,T3,980303,T3-L05,1.0,0.896,text+pincode,,,,b,1,,,,,,latin
AD001575,T2,,T2-L01,1.0,0.714,text,,,10,,,1,,community_hall,community_hall,near,latin
AD001576,T1,960102,T1-L04,1.0,0.896,text+pincode,3,6,,,,,,,,,latin
AD001577,T2,,T2-L02,1.0,0.714,text,,,12,,,,,,,,latin
AD001578,T3,980304,T3-L07,1.0,0.868,text+pincode,,,,f,4,,,ganesha_temple,ganesha_temple,near,latin
AD001579,T1,960102,T1-L11,1.0,0.714,text+pincode,4,3,,,,,,,,,latin
AD001581,T1,960102,T1-L11,1.0,0.714,text+pincode,11,2,,,,,,park,park,near,latin
AD001582,T3,980302,T3-L08,1.0,0.81,text+pincode,,,,a,5,,,,,,latin
AD001583,T3,,T3-L03,1.0,0.667,text,,,,e,2,,,milk_dairy,milk_dairy,near,latin
AD001584,T2,970202,T2-L11,1.0,0.714,text+pincode,,,7,,,,,,,,latin
AD001585,T3,980302,T3-L08,1.0,0.81,text+pincode,,,,,,,,masjid,masjid,near,latin
AD001586,T2,970202,T2-L11,1.0,0.714,text+pincode,,,10,,,,,milk_dairy,milk_dairy,near,hi
AD001587,T3,980304,T3-L02,1.0,0.893,text+pincode,,,,,,,annapoorna nilaya,,,,latin
AD001588,T1,,,0.104,0.0,,10,6,,,,,,,,,latin
AD001589,T2,970203,T2-L08,1.0,0.714,text+pincode,,,10,,,8,,petrol_bunk,petrol_bunk,near,latin
AD001590,T3,980301,T3-L11,1.0,0.517,text+pincode,,,,,,,,park,park,near,latin
AD001591,T2,970201,T2-L05,1.0,0.714,text+pincode,,,5,,,,,medical_store,medical_store,near,latin
AD001592,T2,970201,T2-L11,1.0,0.714,text,,,11,,,,,,,,latin
AD001593,T3,980301,T3-L04,1.0,0.714,text+pincode,,,,c,3,,,milk_dairy,milk_dairy,near,latin
AD001594,T2,970203,T2-L08,1.0,0.714,text+pincode,,,8,,,8,,govt_school,govt_school,near,latin
AD001596,T1,,T1-L04,1.0,0.714,text,4,4,,,,,,community_hall,community_hall,behind,latin
AD001597,T2,970202,T2-L01,1.0,0.714,text+pincode,,,8,,,,,ganesha_temple,ganesha_temple,near,hi
AD001598,T3,980302,,0.19,0.143,,,,,,,,,masjid,masjid,behind,latin
AD001600,T2,970202,T2-L11,1.0,0.714,text+pincode,,,,,,,,milk_dairy,milk_dairy,near,latin
AD001601,T2,970202,T2-L12,1.0,0.714,text,,,8,,,,,petrol_bunk,petrol_bunk,opposite,latin
AD001602,T1,960102,,0.104,0.0,,9,1,,,,,,medical_store,medical_store,near,latin
AD001603,T1,960102,T1-L03,1.0,0.886,text+pincode,11,6,,,,,,milk_dairy,milk_dairy,behind,latin
AD001604,T1,,T1-L10,1.0,0.714,text,1,8,,,,,,govt_school,govt_school,near,latin
AD001605,T3,980303,T3-L05,1.0,0.896,text+pincode,,,,e,4,,,ration_shop,ration_shop,opposite,latin
AD001606,T3,980301,T3-L06,1.0,0.833,text+pincode,,,,c,3,,,masjid,masjid,opposite,latin
AD001607,T3,980302,T3-L10,1.0,0.81,text+pincode,,,,,,,,,,,latin
AD001608,T2,970204,T2-L03,1.0,0.714,text+pincode,,,,,,,,park,park,near,latin
AD001609,T2,970203,T2-L04,1.0,0.873,text+pincode,,,9,,,,,ganesha_temple,ganesha_temple,near,latin
AD001610,T1,960101,T1-L02,1.0,0.714,text+pincode,,,,,,,,ration_shop,ration_shop,near,latin
AD001611,T2,970202,T2-L01,1.0,0.714,text+pincode,,,10,,,,,,,,hi
AD001612,T2,970202,,0.286,0.0,,,,3,,,2,,park,park,opposite,latin
AD001613,T2,970202,T2-L02,1.0,0.714,text+pincode,,,8,,,,sai residency,,,,latin
AD001614,T2,970202,T2-L10,1.0,0.714,text+pincode,,,9,,,10,,ganesha_temple,ganesha_temple,opposite,latin
AD001615,T1,960104,T1-L10,1.0,0.714,text+pincode,1,2,,,,,,govt_school,govt_school,near,latin
AD001616,T1,960103,T1-L08,1.0,1.0,text+pincode,11,5,,,,,,bus_stop,bus_stop,near,latin
AD001617,T1,960103,T1-L07,1.0,0.868,text+pincode,,,,,,,,,,,latin
AD001618,T3,,T3-L08,1.0,0.667,text,,,,f,6,,,masjid,masjid,opposite,latin
AD001619,T2,970202,T2-L10,1.0,0.714,text+pincode,,,9,,,,,post_office,post_office,near,latin
AD001620,T3,980301,T3-L11,1.0,0.844,text+pincode,,,,f,3,,,govt_school,govt_school,near,latin
AD001621,T3,980304,T3-L02,0.981,0.877,text+pincode,,,,f,2,,,,,,latin
AD001622,T3,980302,T3-L08,1.0,0.81,text+pincode,,,,b,6,,lakshmi nilaya,medical_store,medical_store,near,latin
AD001623,T1,960102,T1-L11,1.0,0.714,text+pincode,4,8,,,,,sai complex,milk_dairy,milk_dairy,near,latin
AD001624,T1,960104,T1-L01,1.0,0.714,text+pincode,3,3,,,,,,post_office,post_office,near,latin
AD001625,T1,960104,T1-L01,1.0,0.714,text+pincode,,,,,,,,govt_school,govt_school,near,latin
AD001626,T1,960101,T1-L02,1.0,0.714,text+pincode,8,7,,,,,,,,,latin
AD001627,T2,970202,,0.286,0.0,,,,,,,,,milk_dairy,milk_dairy,beside,latin
AD001628,T2,970203,T2-L08,1.0,0.714,text+pincode,,,8,,,,,,,,latin
AD001629,T1,,T1-L04,1.0,0.714,text,7,3,,,,,,water_tank,water_tank,near,latin
AD001630,T1,960103,T1-L07,1.0,0.868,text+pincode,12,7,,,,,,,,,latin
AD001631,T2,970203,,0.286,0.159,,,,7,,,6,,,,,latin
AD001633,T1,960102,T1-L06,1.0,0.714,text+pincode,12,1,,,,,,ration_shop,ration_shop,near,latin
AD001634,T1,960102,T1-L04,1.0,0.929,text+pincode,9,3,,,,,,bus_stop,bus_stop,behind,latin
AD001635,T3,980304,T3-L07,1.0,0.896,text+pincode,,,,e,1,,,,,,latin
AD001637,T2,970202,T2-L01,1.0,0.714,text+pincode,,,1,,,,,medical_store,medical_store,near,latin
AD001638,T1,960102,T1-L04,1.0,0.929,text+pincode,,,,,,,,,,,latin
AD001639,T1,960104,T1-L07,1.0,0.5,text,6,8,,,,,,ration_shop,ration_shop,near,latin
AD001640,T3,980302,T3-L12,1.0,0.896,text+pincode,,,,,,,,,,,latin
AD001641,T3,980303,T3-L05,1.0,0.896,text+pincode,,,,d,2,,shanti kunj,community_hall,community_hall,near,latin
AD001642,T1,960102,,0.156,0.0,,9,3,,,,,,ration_shop,ration_shop,near,latin
AD001643,T2,970202,T2-L11,1.0,0.714,text+pincode,,,4,,,11,,,,,hi
AD001644,T2,970203,T2-L08,1.0,0.714,text+pincode,,,,,,,,park,park,near,latin
AD001645,T1,960102,T1-L11,1.0,0.714,text+pincode,7,1,,,,,,,,,latin
AD001646,T1,960102,T1-L03,1.0,0.81,text+pincode,11,6,,,,,,milk_dairy,milk_dairy,near,latin
AD001647,T2,970201,T2-L05,1.0,0.714,text+pincode,,,5,,,,,milk_dairy,milk_dairy,near,latin
AD001649,T1,960102,T1-L11,1.0,0.714,text+pincode,1,1,,,,,,,,,latin
AD001651,T1,960101,T1-L02,1.0,0.714,text+pincode,10,6,,,,,,,,,latin
AD001652,T2,970202,T2-L11,1.0,0.714,text+pincode,,,2,,,,,masjid,masjid,opposite,latin
AD001653,T1,960102,T1-L03,1.0,0.918,text+pincode,12,4,,,,,,ration_shop,ration_shop,near,kn
AD001654,T2,970202,T2-L08,1.0,0.714,text,,,,,,,,ration_shop,ration_shop,near,latin
AD001655,T1,960101,T1-L09,0.945,0.659,text+pincode,9,3,,,,,,water_tank,water_tank,near,latin
AD001656,T2,970202,T2-L02,1.0,0.714,text+pincode,,,6,,,,,ration_shop,ration_shop,near,latin
AD001657,T2,970203,,0.286,0.143,,,,,,,,,park,park,behind,latin
AD001658,T3,,T3-L02,1.0,0.714,text,,,,f,5,,,hanuman_temple,hanuman_temple,near,latin
AD001659,T3,980304,T3-L07,1.0,0.896,text+pincode,,,,d,6,,,govt_school,govt_school,near,kn
AD001660,T2,970203,T2-L08,1.0,0.714,text+pincode,,,4,,,,,,,,latin
AD001662,T2,970204,T2-L03,1.0,0.714,text+pincode,,,12,,,,,,,,hi
AD001663,T2,970201,T2-L09,1.0,0.714,text+pincode,,,1,,,,,masjid,masjid,near,latin
AD001664,T2,970202,T2-L11,1.0,0.122,text+pincode,,,,,,,sri krishna nivas,milk_dairy,milk_dairy,near,latin
AD001665,T3,980304,T3-L02,1.0,0.912,text+pincode,,,,,,,,milk_dairy,milk_dairy,beside,latin
AD001666,T3,980302,T3-L10,1.0,0.81,text+pincode,,,,,,,,milk_dairy,milk_dairy,near,latin
AD001667,T3,980303,T3-L09,1.0,1.0,text+pincode,,,,d,3,,,ration_shop,ration_shop,near,latin
AD001669,T1,960102,T1-L11,1.0,0.714,text+pincode,,,,,,,,,,,latin
AD001671,T1,960103,T1-L08,1.0,1.0,text+pincode,3,7,,,,,,,,,latin
AD001673,T2,,T2-L11,1.0,0.714,text,,,12,,,,,,,,latin
AD001674,T3,980302,T3-L10,1.0,0.81,text+pincode,,,,a,1,,shanti kunj,,,,latin
AD001676,T1,960102,,0.132,0.0,,,,,,,,sai complex,,,,latin
AD001677,T1,960101,T1-L02,1.0,0.714,text+pincode,12,6,,,,,,church,church,near,latin
AD001678,T2,970202,T2-L02,1.0,0.714,text+pincode,,,3,,,2,,medical_store,medical_store,near,hi
AD001679,T2,970201,T2-L05,1.0,0.714,text+pincode,,,5,,,,,milk_dairy,milk_dairy,opposite,latin
AD001680,T2,970202,T2-L11,1.0,0.714,text+pincode,,,2,,,,,masjid,masjid,near,latin
AD001681,T3,980304,,0.156,0.013,,,,,c,5,,,water_tank,water_tank,near,latin
AD001682,T2,970201,T2-L09,1.0,0.714,text+pincode,,,,,,,,,,,latin
AD001683,T2,970202,T2-L10,1.0,0.714,text+pincode,,,6,,,,,water_tank,water_tank,near,hi
AD001684,T2,970203,T2-L08,0.921,0.635,text+pincode,,,11,,,8,,,,,latin
AD001685,T3,980303,T3-L09,1.0,1.0,text+pincode,,,,e,4,,,bus_stop,bus_stop,near,latin
AD001686,T3,980303,T3-L09,1.0,1.0,text+pincode,,,,,,,ganga apartments,,,,latin
AD001687,T3,980304,T3-L07,1.0,0.896,text+pincode,,,,a,2,,,,,,latin
AD001689,T2,,T2-L09,1.0,0.714,text,,,4,,,,,church,church,behind,hi
AD001690,T2,970202,T2-L01,1.0,0.714,text+pincode,,,,,,,,,,,latin
AD001691,T3,980302,T3-L12,1.0,0.896,text+pincode,,,,a,2,,,ration_shop,ration_shop,opposite,latin
AD001692,T3,980304,T3-L07,1.0,0.896,text+pincode,,,,a,4,,sai complex,,,,latin
AD001693,T2,970204,T2-L03,1.0,0.714,text+pincode,,,12,,,,,hanuman_temple,hanuman_temple,opposite,latin
AD001694,T2,970202,T2-L11,1.0,0.714,text+pincode,,,5,,,11,,medical_store,medical_store,opposite,latin
AD001695,T1,,T1-L11,1.0,0.714,text,,,,,,,,,,,latin
AD001696,T3,980301,T3-L07,1.0,0.714,text,,,,f,5,,,,,,latin
AD001697,T2,970203,T2-L08,1.0,0.714,text+pincode,,,12,,,,,petrol_bunk,petrol_bunk,opposite,latin
AD001698,T1,960102,T1-L03,1.0,0.868,text+pincode,2,6,,,,,sai complex,hanuman_temple,hanuman_temple,near,latin
AD001699,T1,960104,T1-L05,1.0,0.896,text+pincode,12,4,,,,,,,,,latin
AD001700,T2,970203,T2-L06,1.0,0.714,text+pincode,,,5,,,,,community_hall,community_hall,near,latin
AD001701,T3,980303,T3-L09,1.0,1.0,text+pincode,,,,b,5,,,bus_stop,bus_stop,near,kn
AD001702,T1,960102,T1-L11,1.0,0.714,text+pincode,4,2,,,,,,masjid,masjid,near,latin
AD001703,T2,970204,T2-L05,1.0,0.714,text,,,5,,,,,post_office,post_office,near,latin
AD001704,T2,970201,T2-L09,1.0,0.714,text+pincode,,,,,,,,,,,latin
AD001705,T3,980301,T3-L04,1.0,0.714,text+pincode,,,,f,2,,,water_tank,water_tank,near,latin
AD001706,T3,,T3-L10,1.0,0.81,text,,,,b,3,,,water_tank,water_tank,near,latin
AD001707,T2,970204,T2-L03,1.0,0.714,text+pincode,,,3,,,,,ganesha_temple,ganesha_temple,near,latin
AD001709,T1,960102,T1-L02,1.0,0.714,text,,,,,,,,church,church,behind,latin
AD001710,T2,970204,T2-L12,1.0,0.714,text+pincode,,,3,,,,,masjid,masjid,near,latin
AD001711,T1,960102,T1-L04,1.0,0.896,text+pincode,2,1,,,,,,,,,latin
AD001712,T2,970203,T2-L06,1.0,0.74,text+pincode,,,9,,,,,medical_store,medical_store,behind,latin
AD001713,T2,970202,T2-L11,1.0,0.714,text+pincode,,,6,,,,,medical_store,medical_store,near,latin
AD001714,T2,970203,T2-L04,1.0,0.873,text+pincode,,,10,,,,green view apartments,,,,latin
AD001715,T3,980301,,0.104,0.032,,,,,e,3,,,,,,latin
AD001716,T2,970202,T2-L11,1.0,0.714,text+pincode,,,8,,,,,post_office,post_office,near,latin
AD001717,T2,970203,T2-L04,1.0,0.873,text+pincode,,,12,,,,,medical_store,medical_store,near,latin
AD001718,T3,980304,T3-L02,1.0,0.912,text+pincode,,,,e,5,,,milk_dairy,milk_dairy,near,latin
AD001719,T3,980304,T3-L02,1.0,0.912,text+pincode,,,,c,4,,,,,,latin
AD001720,T2,970202,T2-L02,0.881,0.595,text+pincode,,,11,,,2,,post_office,post_office,near,latin
AD001721,T1,960102,T1-L04,1.0,0.929,text+pincode,3,2,,,,,,church,church,behind,kn
AD001722,T3,980304,,0.104,0.04,,,,,c,5,,,,,,latin
AD001723,T3,980302,T3-L08,1.0,0.81,text+pincode,,,,a,4,,,church,church,near,latin
AD001724,T1,960102,T1-L06,1.0,0.714,text+pincode,,,,,,,,,,,latin
AD001725,T1,960102,,0.104,0.0,,8,6,,,,,,ration_shop,ration_shop,behind,latin
AD001726,T2,970203,T2-L06,1.0,0.714,text+pincode,,,11,,,,,,,,latin
AD001727,T1,960103,,0.114,0.114,,,,,,,,sri krishna nivas,,,,latin
AD001729,T3,980301,T3-L04,1.0,0.714,text+pincode,,,,d,3,,,masjid,masjid,near,latin
AD001730,T1,960104,T1-L01,1.0,0.714,text+pincode,3,7,,,,,,,,,latin
AD001731,T2,970202,T2-L11,1.0,0.714,text+pincode,,,9,,,,,community_hall,community_hall,near,latin
AD001732,T1,960101,T1-L09,1.0,0.714,text+pincode,1,4,,,,,lakshmi nilaya,ration_shop,ration_shop,near,latin
AD001733,T2,970201,T2-L05,1.0,0.714,text+pincode,,,8,,,,,hanuman_temple,hanuman_temple,behind,latin
AD001734,T3,,T3-L07,1.0,0.714,text,,,,a,4,,,milk_dairy,milk_dairy,near,latin
AD001735,T1,960104,T1-L01,1.0,0.714,text+pincode,,,,,,,,govt_school,govt_school,opposite,latin
AD001736,T1,960101,T1-L12,1.0,0.837,text+pincode,7,7,,,,,,govt_school,govt_school,near,latin
AD001738,T1,960101,T1-L12,1.0,0.924,text+pincode,6,1,,,,,,church,church,near,kn
AD001739,T1,,,0.104,0.0,,2,2,,,,,,,,,latin
AD001740,T1,960103,T1-L07,1.0,0.81,text+pincode,7,8,,,,,,masjid,masjid,near,latin
AD001741,T2,,T2-L11,1.0,0.714,text,,,9,,,,,hanuman_temple,hanuman_temple,near,latin
AD001742,T1,960101,T1-L02,1.0,0.714,text+pincode,7,1,,,,,,masjid,masjid,near,latin
AD001743,T2,,T2-L08,1.0,0.714,text,,,10,,,,,ganesha_temple,ganesha_temple,near,latin
AD001744,T3,,T3-L07,1.0,0.714,text,,,,e,1,,,petrol_bunk,petrol_bunk,near,kn
AD001745,T3,980301,T3-L11,1.0,0.912,text+pincode,,,,e,4,,,,,,latin
AD001746,T1,960102,T1-L11,1.0,0.714,text+pincode,10,6,,,,,,ration_shop,ration_shop,beside,latin
AD001747,T3,980301,T3-L04,1.0,0.517,text+pincode,,,,f,6,,,park,park,opposite,latin
AD001748,T3,980303,T3-L05,1.0,0.886,text+pincode,,,,b,3,,,hanuman_temple,hanuman_temple,near,latin
AD001749,T3,980303,,0.127,0.127,,,,,f,5,,,medical_store,medical_store,near,latin
AD001750,T2,970203,T2-L07,1.0,0.714,text+pincode,,,,,,,,ganesha_temple,ganesha_temple,near,latin
AD001751,T3,980301,T3-L03,1.0,0.714,text+pincode,,,,c,3,,,masjid,masjid,near,latin
AD001752,T2,970202,T2-L11,1.0,0.714,text+pincode,,,4,,,11,,masjid,masjid,near,latin
AD001753,T1,960102,T1-L04,1.0,0.848,text+pincode,8,6,,,,,,community_hall,community_hall,near,latin
AD001754,T3,980301,T3-L06,1.0,0.833,text+pincode,,,,f,4,,shanti kunj,,,,latin
AD001755,T3,980302,,0.19,0.119,,,,,d,4,,,bus_stop,bus_stop,near,latin
AD001756,T3,980302,T3-L04,1.0,0.714,text,,,,a,6,,,church,church,near,latin
AD001757,T1,960101,T1-L09,1.0,0.714,text+pincode,7,1,,,,,,,,,latin
AD001758,T1,960101,T1-L12,1.0,0.873,text+pincode,1,5,,,,,,medical_store,medical_store,near,latin
AD001759,T1,960104,T1-L01,1.0,0.714,text+pincode,10,2,,,,,,community_hall,community_hall,behind,latin
AD001760,T1,960102,T1-L11,1.0,0.714,text+pincode,4,8,,,,,,ration_shop,ration_shop,near,latin
AD001761,T2,970201,T2-L05,1.0,0.714,text+pincode,,,9,,,,,,,,latin
AD001763,T3,980301,T3-L06,1.0,0.833,text+pincode,,,,c,3,,,post_office,post_office,near,latin
AD001764,T1,960104,T1-L01,1.0,0.714,text+pincode,10,6,,,,,,petrol_bunk,petrol_bunk,behind,latin
AD001765,T2,970202,T2-L10,1.0,0.714,text+pincode,,,6,,,,,,,,latin
AD001766,T3,980302,T3-L10,1.0,0.81,text+pincode,,,,d,3,,,hanuman_temple,hanuman_temple,near,latin
AD001767,T2,970203,T2-L08,1.0,0.714,text+pincode,,,4,,,8,,govt_school,govt_school,near,latin
AD001768,T2,970203,T2-L08,1.0,0.714,text+pincode,,,1,,,,,govt_school,govt_school,near,latin
AD001769,T2,970202,T2-L02,1.0,0.714,text+pincode,,,9,,,2,,ration_shop,ration_shop,near,hi
AD001770,T1,960102,T1-L11,1.0,0.714,text+pincode,,,,,,,,masjid,masjid,near,latin
AD001771,T2,970202,T2-L02,1.0,0.714,text+pincode,,,10,,,,,post_office,post_office,opposite,latin
AD001772,T1,960102,T1-L11,1.0,0.714,text+pincode,,,,,,,,milk_dairy,milk_dairy,opposite,latin
AD001773,T1,960102,T1-L06,1.0,0.714,text+pincode,2,4,,,,,sai complex,hanuman_temple,hanuman_temple,opposite,latin
AD001774,T3,980304,T3-L07,1.0,0.896,text+pincode,,,,c,,,green view apartments,community_hall,community_hall,near,latin
AD001775,T1,960102,T1-L11,1.0,0.714,text+pincode,5,6,,,,,,hanuman_temple,hanuman_temple,near,latin
AD001776,T3,980301,T3-L01,1.0,0.833,text+pincode,,,,e,5,,,petrol_bunk,petrol_bunk,,latin
AD001777,T2,970201,T2-L05,1.0,0.714,text+pincode,,,11,,,,,,,,latin
AD001778,T3,980301,T3-L11,1.0,0.912,text+pincode,,,,c,5,,,,,,latin
AD001779,T3,980302,T3-L10,1.0,0.81,text+pincode,,,,e,5,,,,,,latin
AD001780,T3,980301,T3-L01,1.0,0.833,text+pincode,,,,f,1,,,ganesha_temple,ganesha_temple,beside,latin
AD001781,T3,980301,T3-L11,1.0,0.912,text+pincode,,,,c,3,,sai residency,ganesha_temple,ganesha_temple,near,latin
AD001782,T1,960102,T1-L04,1.0,0.844,text+pincode,12,7,,,,,,govt_school,govt_school,near,latin
AD001783,T1,960104,T1-L12,1.0,0.5,text,1,6,,,,,,,,,latin
AD001784,T2,,T2-L04,1.0,0.714,text,,,9,,,,,hanuman_temple,hanuman_temple,near,latin
AD001785,T3,980302,T3-L08,1.0,0.81,text+pincode,,,,f,4,,,masjid,masjid,near,latin
AD001786,T3,,T3-L01,1.0,0.81,text,,,,a,3,,sai residency,milk_dairy,milk_dairy,beside,latin
AD001787,T3,,T3-L02,1.0,0.714,text,,,,,,,,ration_shop,ration_shop,near,latin
AD001788,T1,960104,T1-L05,1.0,0.886,text+pincode,11,5,,,,,,water_tank,water_tank,near,latin
AD001789,T1,960101,T1-L02,1.0,0.714,text+pincode,6,7,,,,,,milk_dairy,milk_dairy,near,latin
AD001790,T1,960104,T1-L01,1.0,0.0,text+pincode,14,3,,,,,,community_hall,community_hall,near,latin
AD001791,T1,960104,T1-L01,1.0,0.714,text+pincode,5,5,,,,,sai residency,bus_stop,bus_stop,near,latin
AD001792,T3,980301,T3-L06,0.968,0.801,text+pincode,,,,a,5,,,medical_store,medical_store,near,latin
AD001794,T2,970202,T2-L01,1.0,0.714,text+pincode,,,7,,,,,milk_dairy,milk_dairy,near,latin
AD001795,T2,970203,,0.286,0.078,,,,,,,,,community_hall,community_hall,near,latin
AD001797,T1,960102,T1-L11,1.0,0.714,text+pincode,4,1,,,,,,masjid,masjid,near,latin
AD001798,T3,980301,T3-L01,1.0,0.833,text+pincode,,,,b,4,,,,,,latin
AD001799,T1,960102,T1-L11,1.0,0.714,text+pincode,11,8,,,,,,ration_shop,ration_shop,near,latin
AD001800,T1,960102,T1-L11,1.0,0.714,text+pincode,5,2,,,,,,park,park,near,latin
AD001801,T3,980303,T3-L05,1.0,0.873,text+pincode,,,,a,2,,,,,,latin
AD001802,T3,980302,T3-L10,1.0,0.81,text+pincode,,,,e,6,,,ration_shop,ration_shop,beside,latin
AD001803,T1,,T1-L01,1.0,0.714,text,4,6,,,,,,,,,latin
AD001804,T1,960103,T1-L07,1.0,0.868,text+pincode,1,7,,,,,,,,,latin
AD001805,T2,970202,T2-L10,1.0,0.714,text+pincode,,,11,,,,,,,,latin
AD001806,T2,970202,T2-L02,1.0,0.714,text+pincode,,,,,,,,post_office,post_office,opposite,hi
AD001807,T2,970203,,0.286,0.0,,,,12,,,8,,,,,latin
AD001808,T1,960102,T1-L04,1.0,0.929,text+pincode,,,,,,,,,,,latin
AD001809,T2,970202,T2-L02,1.0,0.714,text+pincode,,,11,,,,,hanuman_temple,hanuman_temple,beside,latin
AD001810,T2,970203,T2-L08,1.0,0.714,text+pincode,,,,,,,,bus_stop,bus_stop,near,hi
AD001811,T2,970203,T2-L08,1.0,0.714,text+pincode,,,11,,,,,petrol_bunk,petrol_bunk,beside,latin
AD001812,T3,980303,T3-L05,1.0,0.896,text+pincode,,,,,,,,bus_stop,bus_stop,near,latin
AD001813,T3,980302,T3-L10,1.0,0.81,text+pincode,,,,c,4,,,,,,latin
AD001815,T1,960104,T1-L01,1.0,0.714,text+pincode,,,,,,,,bus_stop,bus_stop,near,latin
AD001816,T1,960104,T1-L10,0.857,0.714,text+pincode,7,4,,,,,,community_hall,community_hall,behind,latin
AD001817,T1,960104,T1-L10,1.0,0.714,text+pincode,7,1,,,,,,community_hall,community_hall,opposite,latin
AD001818,T1,,,0.19,0.0,,4,1,,,,,,masjid,masjid,near,latin
AD001820,T1,960104,T1-L10,1.0,0.714,text+pincode,,,,,,,,petrol_bunk,petrol_bunk,near,kn
AD001821,T1,960102,T1-L11,1.0,0.714,text+pincode,2,3,,,,,sai residency,masjid,masjid,near,latin
AD001822,T3,980301,T3-L06,1.0,0.833,text+pincode,,,,b,4,,,petrol_bunk,petrol_bunk,near,latin
AD001823,T3,980302,,0.19,0.087,,,,,b,1,,,,,,latin
AD001824,T3,980301,T3-L06,1.0,0.833,text+pincode,,,,c,5,,,masjid,masjid,near,latin
AD001825,T2,970203,T2-L06,1.0,0.714,text+pincode,,,9,,,,,water_tank,water_tank,opposite,hi
AD001827,T3,980302,T3-L12,1.0,0.844,text+pincode,,,,f,1,,,water_tank,water_tank,near,latin
AD001829,T2,,T2-L04,1.0,0.122,text,,,12,,,4,sri krishna nivas,govt_school,govt_school,near,hi
AD001830,T2,970203,T2-L08,1.0,0.714,text+pincode,,,10,,,,,,,,latin
AD001831,T1,960104,T1-L10,1.0,0.714,text+pincode,6,7,,,,,,masjid,masjid,near,latin
AD001832,T3,980303,T3-L05,1.0,0.873,text+pincode,,,,c,2,,,church,church,behind,latin
AD001833,T2,970202,T2-L11,1.0,0.714,text+pincode,,,2,,,,,masjid,masjid,near,hi
AD001834,T1,960102,T1-L04,1.0,0.896,text+pincode,4,7,,,,,,ganesha_temple,ganesha_temple,near,latin
AD001835,T2,,T2-L08,1.0,0.714,text,,,2,,,,,park,park,near,latin
AD001836,T1,960104,T1-L01,1.0,0.714,text+pincode,9,7,,,,,,petrol_bunk,petrol_bunk,behind,latin
AD001837,T1,960104,T1-L10,1.0,0.714,text+pincode,6,,,,,,,,,,latin
AD001838,T3,980301,T3-L11,1.0,0.896,text+pincode,,,,b,6,,,,,,latin
AD001839,T2,970201,T2-L09,1.0,0.714,text+pincode,,,4,,,,,,,,latin
AD001840,T3,980302,T3-L08,1.0,0.81,text+pincode,,,,d,4,,sai residency,govt_school,govt_school,near,latin
AD001841,T3,980303,T3-L05,1.0,0.873,text+pincode,,,,f,4,,,,,,latin
AD001842,T3,980301,T3-L01,1.0,0.833,text+pincode,,,,e,4,,sai residency,bus_stop,bus_stop,near,latin
AD001844,T2,970201,T2-L09,1.0,0.714,text+pincode,,,12,,,,,hanuman_temple,hanuman_temple,near,latin
AD001845,T3,980303,T3-L05,1.0,0.873,text+pincode,,,,a,3,,,,,,latin
AD001846,T3,980301,T3-L01,1.0,0.833,text+pincode,,,,,,,,,,,latin
AD001847,T3,980303,T3-L07,1.0,0.714,text,,,,c,1,,,masjid,masjid,near,latin
AD001848,T3,980301,T3-L01,1.0,0.833,text+pincode,,,,f,6,,,bus_stop,bus_stop,near,latin
AD001849,T1,960103,T1-L07,1.0,0.868,text+pincode,11,6,,,,,,govt_school,govt_school,near,latin
AD001850,T1,960101,T1-L02,1.0,0.714,text+pincode,3,4,,,,,,water_tank,water_tank,near,latin
AD001851,T2,970202,,0.286,0.0,,,,8,,,,,community_hall,community_hall,near,latin
AD001852,T2,970202,T2-L01,1.0,0.714,text+pincode,,,3,,,,,ration_shop,ration_shop,near,hi
AD001853,T2,970201,T2-L09,1.0,0.714,text+pincode,,,,,,,,,,,latin
AD001854,T3,980302,T3-L08,1.0,0.81,text+pincode,,,,e,2,,,govt_school,govt_school,near,latin
AD001855,T2,,T2-L10,1.0,0.714,text,,,6,,,,,govt_school,govt_school,opposite,latin
AD001856,T3,980301,T3-L03,1.0,0.714,text+pincode,,,,d,4,,,govt_school,govt_school,near,latin
AD001857,T2,970202,T2-L11,1.0,0.714,text+pincode,,,4,,,,,medical_store,medical_store,behind,latin
AD001858,T2,970202,,0.286,0.0,,,,6,,,,,water_tank,water_tank,beside,latin
AD001859,T3,980304,T3-L02,1.0,0.912,text+pincode,,,,c,2,,,,,,latin
AD001860,T3,980301,T3-L06,1.0,0.833,text+pincode,,,,b,5,,,post_office,post_office,near,latin
AD001861,T3,980302,T3-L10,1.0,0.81,text+pincode,,,,d,4,,,,,,latin
AD001862,T1,960104,,0.095,0.0,,9,1,,,,,,masjid,masjid,near,latin
AD001863,T2,970201,,0.286,0.0,,,,7,,,9,,milk_dairy,milk_dairy,near,latin
AD001864,T3,980301,T3-L11,1.0,0.905,text+pincode,,,,c,2,,lakshmi nilaya,petrol_bunk,petrol_bunk,near,latin
AD001865,T3,980303,T3-L09,1.0,1.0,text+pincode,,,,,,,,bus_stop,bus_stop,near,kn
AD001866,T2,970202,T2-L01,1.0,0.714,text+pincode,,,1,,,,,,,,hi
AD001867,T1,960103,T1-L08,1.0,1.0,text+pincode,8,7,,,,,,,,,latin
AD001868,T3,980301,T3-L06,1.0,0.833,text+pincode,,,,f,2,,,post_office,post_office,near,latin
AD001870,T1,960103,,0.082,0.082,,8,2,,,,,,medical_store,medical_store,opposite,latin
AD001871,T1,960102,,0.19,0.087,,5,3,,,,,,medical_store,medical_store,near,latin
AD001872,T3,980304,T3-L06,1.0,0.81,text,,,,,3,,,ganesha_temple,ganesha_temple,near,latin
AD001873,T3,980301,T3-L04,1.0,0.714,text+pincode,,,,c,4,,,,,,latin
AD001874,T2,970201,T2-L09,1.0,0.714,text+pincode,,,6,,,,,post_office,post_office,beside,latin
AD001875,T2,970202,T2-L10,1.0,0.714,text+pincode,,,5,,,,,,,,latin
AD001876,T2,970203,T2-L12,1.0,0.714,text,,,9,,,,,hanuman_temple,hanuman_temple,near,latin
AD001877,T2,970202,T2-L10,1.0,0.714,text+pincode,,,12,,,,,,,,latin
AD001878,T1,960104,T1-L01,1.0,0.714,text+pincode,1,,,,,,,post_office,post_office,opposite,latin
AD001879,T1,960102,T1-L04,1.0,0.868,text+pincode,9,3,,,,,sai complex,,,,latin
AD001880,T3,980303,T3-L05,1.0,0.868,text+pincode,,,,a,6,,,ration_shop,ration_shop,near,latin
AD001881,T1,960101,T1-L03,1.0,0.714,text,,,,,,,,ration_shop,ration_shop,near,latin
AD001882,T1,960102,T1-L04,1.0,0.896,text+pincode,7,4,,,,,,,,,latin
AD001883,T1,,T1-L11,1.0,0.714,text,2,5,,,,,,,,,latin
AD001884,T3,980302,T3-L12,1.0,0.896,text+pincode,,,,d,1,,,,,,latin
AD001885,T3,,,0.19,0.048,,,,,f,5,,sai residency,medical_store,medical_store,near,latin
AD001886,T3,980302,T3-L10,1.0,0.81,text+pincode,,,,c,5,,,,,,latin
AD001888,T1,960101,T1-L12,0.967,0.89,text+pincode,,,,,,,,bus_stop,bus_stop,behind,kn
AD001889,T1,960101,T1-L09,1.0,0.714,text+pincode,6,5,,,,,,,,,latin
AD001890,T3,980302,T3-L08,1.0,0.81,text+pincode,,,,f,5,,,,,,latin
AD001891,T3,980301,T3-L06,1.0,0.833,text+pincode,,,,d,6,,,petrol_bunk,petrol_bunk,near,latin
AD001892,T3,980301,T3-L03,1.0,0.714,text+pincode,,,,e,6,,annapoorna nilaya,medical_store,medical_store,near,kn
AD001894,T2,970203,T2-L06,1.0,0.714,text+pincode,,,5,,,,,post_office,post_office,near,latin
AD001895,T3,980302,T3-L12,1.0,0.896,text+pincode,,,,a,6,,,ration_shop,ration_shop,,latin
AD001896,T3,980301,T3-L06,1.0,0.833,text+pincode,,,,f,4,,,,,,latin
AD001897,T3,980301,T3-L11,1.0,0.912,text+pincode,,,,c,6,,,ganesha_temple,ganesha_temple,opposite,latin
AD001898,T2,970203,,0.286,0.19,,,,,,,,,,,,latin
AD001899,T1,960102,T1-L11,1.0,0.714,text+pincode,,,,,,,,milk_dairy,milk_dairy,near,latin
AD001900,T1,,T1-L02,1.0,0.714,text,11,4,,,,,,govt_school,govt_school,opposite,latin
AD001901,T3,980301,T3-L01,1.0,0.833,text+pincode,,,,e,3,,,community_hall,community_hall,near,latin
AD001902,T3,980302,T3-L03,1.0,0.714,text,,,,a,5,,,ganesha_temple,ganesha_temple,opposite,latin
AD001903,T1,960103,,0.082,0.082,,8,3,,,,,,ration_shop,ration_shop,behind,latin
AD001904,T1,960101,T1-L02,1.0,0.714,text+pincode,2,2,,,,,,,,,latin
AD001905,T2,970201,T2-L02,1.0,0.714,text,,,2,,,,,,,,latin
AD001906,T3,980301,,0.104,0.032,,,,,b,6,,,bus_stop,bus_stop,near,latin
AD001907,T2,970202,T2-L10,1.0,0.714,text+pincode,,,3,,,10,,ration_shop,ration_shop,near,latin
AD001908,T3,980301,T3-L06,1.0,0.833,text+pincode,,,,f,5,,,govt_school,govt_school,near,kn
AD001909,T1,960104,,0.082,0.0,,6,8,,,,,,,,,latin
AD001910,T1,960101,T1-L12,1.0,0.918,text+pincode,10,4,,,,,,bus_stop,bus_stop,opposite,latin
AD001911,T2,970202,,0.286,0.0,,,,2,,,2,,park,park,near,latin
AD001912,T2,970203,T2-L06,1.0,0.714,text+pincode,,,,,,,,,,,latin
AD001913,T2,970201,T2-L05,1.0,0.714,text+pincode,,,7,,,,,hanuman_temple,hanuman_temple,opposite,latin
AD001914,T2,970203,T2-L12,1.0,0.714,text,,,,,,,sai complex,masjid,masjid,opposite,latin
AD001916,T2,970201,T2-L09,1.0,0.714,text+pincode,,,,,,,,hanuman_temple,hanuman_temple,opposite,latin
AD001917,T2,970202,T2-L02,1.0,0.714,text+pincode,,,6,,,,,bus_stop,bus_stop,near,hi
AD001918,T2,970204,T2-L03,1.0,0.714,text+pincode,,,11,,,3,,ration_shop,ration_shop,behind,hi
AD001919,T3,980301,T3-L11,1.0,0.896,text+pincode,,,,f,7,,,govt_school,govt_school,near,latin
AD001920,T3,980303,T3-L05,1.0,0.873,text+pincode,,,,e,6,,,ration_shop,ration_shop,near,latin
AD001921,T3,980302,T3-L08,1.0,0.81,text+pincode,,,,f,6,,,masjid,masjid,near,latin
AD001922,T3,980304,T3-L11,0.881,0.595,text,,,,a,4,,,ration_shop,ration_shop,opposite,latin
AD001923,T2,970203,T2-L08,1.0,0.714,text+pincode,,,10,,,,,ganesha_temple,ganesha_temple,behind,latin
AD001924,T2,970203,T2-L07,1.0,0.714,text+pincode,,,,,,,,bus_stop,bus_stop,opposite,hi
AD001925,T3,980301,T3-L11,1.0,0.905,text+pincode,,,,a,5,,,ration_shop,ration_shop,opposite,latin
AD001926,T3,980303,T3-L09,1.0,1.0,text+pincode,,,,c,1,,,petrol_bunk,petrol_bunk,near,latin
AD001927,T2,970203,,0.286,0.143,,,,4,,,,green view apartments,bus_stop,bus_stop,near,latin
AD001928,T2,970203,T2-L08,1.0,0.714,text+pincode,,,7,,,8,,govt_school,govt_school,opposite,hi
AD001929,T2,970203,T2-L06,1.0,0.714,text+pincode,,,2,,,6,,,,,latin
AD001930,T1,960101,T1-L11,1.0,0.714,text,2,6,,,,,,milk_dairy,milk_dairy,near,latin
AD001931,T2,970201,,0.286,0.0,,,,1,,,9,,,,,hi
AD001932,T3,980301,T3-L11,1.0,0.517,text+pincode,,,,e,3,,,park,park,behind,latin
AD001933,T3,980302,T3-L10,1.0,0.81,text+pincode,,,,c,5,,,park,park,opposite,latin
AD001934,T3,980301,T3-L06,1.0,0.833,text+pincode,,,,a,1,,,,,,latin
AD001935,T1,960104,T1-L01,1.0,0.714,text+pincode,,,,,,,,ganesha_temple,ganesha_temple,near,latin
AD001937,T2,970203,T2-L08,1.0,0.714,text+pincode,,,10,,,8,,petrol_bunk,petrol_bunk,near,latin
AD001938,T2,970201,T2-L09,1.0,0.714,text+pincode,,,3,,,,,church,church,beside,latin
AD001939,T3,980301,T3-L01,1.0,0.833,text+pincode,,,,,,,,milk_dairy,milk_dairy,near,latin
AD001940,T1,960103,T1-L08,1.0,1.0,text+pincode,1,8,,,,,,,,,latin
AD001941,T1,960103,T1-L07,1.0,0.868,text+pincode,6,1,,,,,,milk_dairy,milk_dairy,near,latin
AD001942,T2,970201,T2-L09,1.0,0.714,text+pincode,,,,,,,,milk_dairy,milk_dairy,near,latin
AD001943,T3,980303,T3-L10,1.0,0.81,text,,,,e,1,,,,,,latin
AD001944,T2,970202,T2-L10,1.0,0.714,text+pincode,,,12,,,,,,,,latin
AD001945,T1,960104,T1-L01,1.0,0.714,text+pincode,1,2,,,,,,ganesha_temple,ganesha_temple,near,latin
AD001946,T3,980301,T3-L03,1.0,0.714,text+pincode,,,,c,2,,,milk_dairy,milk_dairy,near,latin
AD001947,T3,980301,T3-L11,1.0,0.905,text+pincode,,,,e,4,,,petrol_bunk,petrol_bunk,near,latin
AD001948,T2,,T2-L09,1.0,0.714,text,,,2,,,9,,,,,latin
AD001949,T1,960102,T1-L11,1.0,0.714,text+pincode,1,6,,,,,,milk_dairy,milk_dairy,near,latin
AD001950,T2,970202,T2-L11,1.0,0.714,text+pincode,,,,,,,,govt_school,govt_school,opposite,latin
AD001951,T2,970204,T2-L12,1.0,0.714,text+pincode,,,2,,,12,sri krishna nivas,,,,latin
AD001952,T2,970203,T2-L08,0.981,0.695,text+pincode,,,6,,,8,,,,,latin
AD001953,T2,,T2-L09,1.0,0.714,text,,,12,,,,,medical_store,medical_store,near,latin
AD001954,T2,970203,T2-L11,1.0,0.714,text,,,11,,,,,ration_shop,ration_shop,near,hi
AD001955,T2,970203,T2-L06,1.0,0.714,text+pincode,,,7,,,6,,medical_store,medical_store,near,latin
AD001956,T3,980302,T3-L12,1.0,0.896,text+pincode,,,,a,2,,,,,,latin
AD001957,T3,980302,T3-L08,1.0,0.81,text+pincode,,,,b,7,,,water_tank,water_tank,near,kn
AD001958,T3,980303,T3-L05,1.0,0.873,text+pincode,,,,e,3,,,ration_shop,ration_shop,near,latin
AD001959,T1,960102,T1-L06,1.0,0.714,text+pincode,3,5,,,,,,hanuman_temple,hanuman_temple,opposite,latin
AD001960,T1,960102,T1-L11,1.0,0.714,text+pincode,7,2,,,,,sai complex,park,park,near,latin
AD001961,T1,960104,T1-L01,1.0,0.714,text+pincode,10,8,,,,,,petrol_bunk,petrol_bunk,near,latin
AD001962,T2,,T2-L11,1.0,0.714,text,,,8,,,11,,church,church,near,latin
AD001963,T2,970201,T2-L09,1.0,0.714,text+pincode,,,2,,,9,,church,church,near,latin
AD001964,T3,980302,T3-L10,1.0,0.81,text+pincode,,,,e,1,,,post_office,post_office,near,latin
AD001965,T2,970203,T2-L07,1.0,0.714,text+pincode,,,12,,,,ganga apartments,medical_store,medical_store,near,hi
AD001966,T2,970204,T2-L10,1.0,0.714,text,,,2,,,10,annapoorna nilaya,bus_stop,bus_stop,near,latin
AD001967,T1,960104,T1-L10,1.0,0.714,text+pincode,4,2,,,,,,,,,latin
AD001968,T2,,T2-L06,1.0,0.714,text,,,10,,,6,,water_tank,water_tank,opposite,latin
AD001969,T2,970201,T2-L05,1.0,0.714,text+pincode,,,1,,,,,bus_stop,bus_stop,behind,latin
AD001970,T1,,T1-L01,1.0,0.714,text,,,,,,,,ganesha_temple,ganesha_temple,,latin
AD001971,T2,970202,T2-L10,1.0,0.714,text+pincode,,,8,,,,,,,,latin
AD001972,T1,960101,T1-L04,1.0,0.714,text,9,4,,,,,,ganesha_temple,ganesha_temple,near,latin
AD001973,T1,960102,,0.19,0.048,,4,,,,,,annapoorna nilaya,church,church,near,latin
AD001974,T2,,T2-L07,1.0,0.714,text,,,9,,,,,govt_school,govt_school,,latin
AD001976,T3,980302,T3-L10,1.0,0.81,text+pincode,,,,f,,,,masjid,masjid,near,latin
AD001977,T3,,T3-L05,1.0,0.81,text,,,,e,2,,,,,,latin
AD001978,T1,960102,T1-L11,1.0,0.714,text+pincode,4,8,,,,,,milk_dairy,milk_dairy,behind,latin
AD001980,T2,970202,T2-L01,1.0,0.714,text+pincode,,,11,,,,,medical_store,medical_store,near,latin
AD001982,T3,980301,T3-L06,1.0,0.833,text+pincode,,,,b,5,,,masjid,masjid,behind,latin
AD001983,T3,980302,T3-L05,1.0,0.81,text,,,,,,,,,,,latin
AD001984,T3,980301,T3-L04,1.0,0.714,text+pincode,,,,f,2,,,water_tank,water_tank,near,latin
AD001985,T3,980301,T3-L11,1.0,0.912,text+pincode,,,,f,3,,,medical_store,medical_store,near,latin
AD001986,T3,980302,,0.19,0.087,,,,,a,2,,,milk_dairy,milk_dairy,opposite,latin
AD001987,T2,970202,,0.286,0.0,,,,1,,,,,masjid,masjid,near,hi
AD001988,T3,980304,T3-L07,1.0,0.896,text+pincode,,,,f,5,,,post_office,post_office,near,latin
AD001989,T3,980302,T3-L10,1.0,0.81,text+pincode,,,,a,6,,,,,,latin
AD001990,T3,,T3-L07,1.0,0.714,text,,,,a,5,,,,,,latin
AD001991,T1,960102,T1-L04,1.0,0.929,text+pincode,4,1,,,,,,,,,latin
AD001992,T1,960102,T1-L11,1.0,0.714,text+pincode,,,,,,,,ration_shop,ration_shop,opposite,latin
AD001993,T1,,T1-L04,1.0,0.714,text,2,8,,,,,,,,,latin
AD001994,T3,980302,T3-L10,1.0,0.81,text+pincode,,,,a,2,,,,,,latin
AD001995,T3,980302,T3-L08,1.0,0.81,text+pincode,,,,e,2,,,masjid,masjid,near,latin
AD001996,T2,970202,,0.286,0.0,,,,10,,,11,,ganesha_temple,ganesha_temple,near,latin
AD001998,T2,970203,T2-L06,1.0,0.714,text+pincode,,,5,,,,,park,park,near,latin
AD001999,T1,960104,,0.114,0.038,,3,3,,,,,,post_office,post_office,near,latin
AD002000,T3,980301,T3-L06,1.0,0.833,text+pincode,,,,,,,,bus_stop,bus_stop,opposite,kn
AD002001,T3,980301,T3-L04,1.0,0.714,text+pincode,,,,f,6,,,community_hall,community_hall,beside,latin
AD002002,T2,970204,T2-L01,1.0,0.714,text,,,4,,,1,,bus_stop,bus_stop,near,latin
AD002003,T2,970201,T2-L05,1.0,0.714,text+pincode,,,9,,,,,masjid,masjid,near,hi
AD002004,T2,970203,T2-L06,1.0,0.714,text+pincode,,,1,,,,,community_hall,community_hall,near,latin
AD002005,T2,970204,T2-L03,1.0,0.714,text+pincode,,,12,,,,,ration_shop,ration_shop,opposite,latin
AD002007,T2,970202,T2-L11,1.0,0.714,text+pincode,,,7,,,,,govt_school,govt_school,opposite,latin
AD002008,T3,980304,T3-L09,1.0,0.81,text,,,,b,1,,,,,,latin
AD002009,T3,980301,T3-L03,1.0,0.714,text+pincode,,,,a,4,,,ganesha_temple,ganesha_temple,behind,latin
AD002011,T1,960101,,0.19,0.0,,9,6,,,,,,church,church,near,latin
AD002013,T1,960104,T1-L08,1.0,0.714,text,4,4,,,,,,,,,latin
AD002014,T1,960101,T1-L09,1.0,0.714,text+pincode,11,1,,,,,,water_tank,water_tank,near,latin
AD002015,T1,,T1-L02,1.0,0.714,text,,1,,,,,,,,,latin
AD002016,T1,960102,T1-L11,1.0,0.714,text+pincode,,,,,,,,hanuman_temple,hanuman_temple,near,kn
AD002018,T2,970203,T2-L07,0.881,0.595,text+pincode,,,6,,,7,,govt_school,govt_school,near,latin
AD002019,T2,970202,T2-L11,1.0,0.714,text+pincode,,,,,,,,govt_school,govt_school,near,latin
AD002021,T1,960102,T1-L11,1.0,0.714,text+pincode,5,8,,,,,,milk_dairy,milk_dairy,near,latin
AD002022,T3,980301,T3-L03,1.0,0.714,text+pincode,,,,c,5,,,ration_shop,ration_shop,near,latin
AD002023,T3,980304,T3-L07,1.0,0.857,text+pincode,,,,,,,,milk_dairy,milk_dairy,near,latin
AD002024,T1,960102,T1-L06,1.0,0.714,text+pincode,10,7,,,,,,,,,latin
AD002025,T3,980304,T3-L07,1.0,0.896,text+pincode,,,,c,1,,,,,,latin
AD002026,T2,970201,T2-L05,1.0,0.714,text+pincode,,,,,,,,,,,latin
AD002027,T2,970201,T2-L09,1.0,0.714,text+pincode,,,5,,,,,,,,hi
AD002028,T2,970204,T2-L12,1.0,0.714,text+pincode,,,9,,,12,,petrol_bunk,petrol_bunk,near,latin
AD002029,T1,960103,T1-L08,1.0,1.0,text+pincode,12,6,,,,,,,,,latin
AD002030,T2,970203,T2-L04,1.0,0.905,text+pincode,,,,,,,,park,park,near,latin
AD002031,T3,980303,T3-L05,1.0,0.868,text+pincode,,,,f,5,,,ration_shop,ration_shop,near,latin
AD002033,T3,980304,T3-L06,1.0,0.81,text,,,,a,1,,,bus_stop,bus_stop,near,latin
AD002034,T2,970202,,0.286,0.0,,,,5,,,,,post_office,post_office,opposite,latin
AD002035,T3,980301,T3-L03,1.0,0.714,text+pincode,,,,a,5,,,ganesha_temple,ganesha_temple,beside,latin
AD002036,T3,980301,T3-L04,1.0,0.714,text+pincode,,,,b,1,,,church,church,beside,kn
AD002037,T3,980302,T3-L12,1.0,0.896,text+pincode,,,,,,,,petrol_bunk,petrol_bunk,opposite,latin
AD002038,T1,,T1-L11,1.0,0.714,text,5,7,,,,,,milk_dairy,milk_dairy,near,latin
AD002039,T1,960102,T1-L11,1.0,0.714,text+pincode,3,5,,,,,,milk_dairy,milk_dairy,near,latin
AD002040,T3,980301,T3-L01,1.0,0.833,text+pincode,,,,d,3,,,,,,latin
AD002042,T3,980301,T3-L06,1.0,0.833,text+pincode,,,,c,2,,,,,,latin
AD002043,T2,970203,T2-L06,1.0,0.714,text+pincode,,,1,,,,,,,,latin
AD002044,T3,980302,T3-L10,1.0,0.81,text+pincode,,,,,,,,milk_dairy,milk_dairy,near,latin
AD002045,T2,970201,T2-L09,1.0,0.714,text+pincode,,,2,,,9,,masjid,masjid,near,latin
AD002046,T1,960101,T1-L02,1.0,0.714,text+pincode,1,5,,,,,,milk_dairy,milk_dairy,near,latin
AD002047,T3,980301,T3-L06,1.0,0.833,text+pincode,,,,,,,,water_tank,water_tank,near,latin
AD002048,T3,980302,T3-L08,1.0,0.81,text+pincode,,,,c,6,,,,,,latin
AD002049,T3,980303,T3-L05,1.0,0.896,text+pincode,,,,c,1,,,church,church,opposite,latin
AD002050,T2,970204,T2-L03,1.0,0.714,text+pincode,,,5,,,,,milk_dairy,milk_dairy,near,hi
AD002051,T3,980303,T3-L11,1.0,0.714,text,,,,c,4,,,govt_school,govt_school,near,latin
AD002052,T2,970204,T2-L12,1.0,0.714,text+pincode,,,7,,,,,petrol_bunk,petrol_bunk,near,latin
AD002053,T2,970204,T2-L12,1.0,0.714,text+pincode,,,10,,,12,,hanuman_temple,hanuman_temple,near,latin
AD002054,T2,970202,T2-L02,1.0,0.714,text+pincode,,,6,,,2,,medical_store,medical_store,behind,latin
AD002055,T2,970203,T2-L06,1.0,0.714,text+pincode,,,4,,,6,,bus_stop,bus_stop,near,latin
AD002056,T2,970203,T2-L06,1.0,0.714,text+pincode,,,7,,,,,,,,latin
AD002057,T2,,,0.286,0.0,,,,11,,,,,ganesha_temple,ganesha_temple,near,latin
AD002059,T2,970202,T2-L11,1.0,0.714,text+pincode,,,8,,,,,govt_school,govt_school,opposite,hi
AD002060,T1,960102,T1-L03,1.0,0.873,text+pincode,5,1,,,,,,hanuman_temple,hanuman_temple,near,latin
AD002061,T1,960102,T1-L04,1.0,0.896,text+pincode,7,5,,,,,,,,,latin
AD002062,T1,960102,T1-L06,1.0,0.714,text+pincode,8,3,,,,,,ganesha_temple,ganesha_temple,opposite,latin
AD002063,T2,970202,T2-L02,1.0,0.714,text+pincode,,,1,,,,,park,park,near,latin
AD002064,T2,,T2-L01,1.0,0.714,text,,,5,,,,,ganesha_temple,ganesha_temple,near,latin
AD002065,T2,970203,T2-L06,1.0,0.714,text+pincode,,,12,,,,,ration_shop,ration_shop,near,latin
AD002066,T2,,T2-L11,1.0,0.714,text,,,4,,,,,medical_store,medical_store,near,latin
AD002067,T1,960102,T1-L03,1.0,0.918,text+pincode,4,3,,,,,,,,,latin
AD002068,T3,980304,T3-L07,1.0,0.896,text+pincode,,,,,,,,masjid,masjid,near,latin
AD002069,T3,980303,T3-L05,1.0,0.896,text+pincode,,,,f,2,,,bus_stop,bus_stop,opposite,latin
AD002070,T3,980301,T3-L11,1.0,0.896,text+pincode,,,,c,3,,,,,,latin
AD002071,T3,980302,T3-L10,1.0,0.81,text+pincode,,,,c,1,,sai complex,,,,latin
AD002072,T3,,T3-L11,1.0,0.714,text,,,,d,5,,annapoorna nilaya,hanuman_temple,hanuman_temple,near,latin
AD002073,T1,960101,T1-L09,1.0,0.714,text+pincode,9,3,,,,,,ganesha_temple,ganesha_temple,near,latin
AD002074,T2,970202,T2-L11,1.0,0.714,text+pincode,,,11,,,,,ganesha_temple,ganesha_temple,opposite,latin
AD002075,T2,970202,T2-L11,1.0,0.714,text+pincode,,,3,,,11,,,,,latin
AD002077,T3,980302,,0.19,0.127,,,,,b,2,,,church,church,near,latin
AD002078,T3,980303,T3-L08,1.0,0.714,text,,,,b,3,,,ration_shop,ration_shop,near,latin
AD002079,T1,960101,T1-L09,1.0,0.714,text+pincode,10,6,,,,,,masjid,masjid,near,kn
AD002080,T1,960102,T1-L04,1.0,0.896,text+pincode,8,3,,,,,,,,,latin
AD002081,T3,980302,T3-L08,1.0,0.81,text+pincode,,,,a,3,,,ration_shop,ration_shop,near,latin
AD002082,T3,980302,T3-L10,1.0,0.81,text+pincode,,,,a,2,,,,,,latin
AD002083,T3,980301,T3-L11,1.0,0.896,text+pincode,,,,b,1,,,,,,latin
AD002085,T3,980303,T3-L05,1.0,0.896,text+pincode,,,,d,6,,,,,,latin
AD002086,T3,980302,,0.19,0.119,,,,,f,4,,,ration_shop,ration_shop,near,latin
AD002087,T3,980301,T3-L11,1.0,0.912,text+pincode,,,,,,,,park,park,opposite,latin
AD002088,T1,960102,T1-L11,1.0,0.714,text+pincode,,,,,,,,ration_shop,ration_shop,behind,latin
AD002089,T2,970202,T2-L02,1.0,0.714,text+pincode,,,10,,,,,church,church,behind,hi
AD002090,T1,960102,T1-L04,1.0,0.896,text+pincode,5,7,,,,,,ganesha_temple,ganesha_temple,near,kn
AD002091,T2,970202,T2-L11,1.0,0.714,text+pincode,,,4,,,11,,,,,latin
AD002092,T3,980302,T3-L05,0.978,0.787,text,,,,,,,,,,,latin
AD002094,T3,980304,T3-L07,1.0,0.857,text+pincode,,,,f,3,,,ganesha_temple,ganesha_temple,near,latin
AD002095,T3,980301,T3-L01,1.0,0.833,text+pincode,,,,d,3,,,community_hall,community_hall,opposite,latin
AD002096,T3,980303,T3-L05,1.0,0.896,text+pincode,,,,e,6,,,ration_shop,ration_shop,near,latin
AD002097,T1,960102,T1-L03,1.0,0.837,text+pincode,2,7,,,,,,hanuman_temple,hanuman_temple,near,latin
AD002098,T3,980301,T3-L01,1.0,0.833,text+pincode,,,,b,3,,,hanuman_temple,hanuman_temple,opposite,latin
AD002099,T3,980301,T3-L04,0.898,0.612,text+pincode,,,,d,3,,,,,,latin
AD002100,T3,980301,,0.104,0.037,,,,,,,,,bus_stop,bus_stop,,latin
AD002101,T3,,T3-L02,1.0,0.714,text,,,,e,2,,,,,,latin
AD002102,T3,980302,T3-L10,1.0,0.81,text+pincode,,,,d,6,,,post_office,post_office,near,latin
AD002103,T1,960102,T1-L04,1.0,0.878,text+pincode,,,,,,,,park,park,opposite,latin
AD002104,T1,960103,T1-L08,1.0,1.0,text+pincode,3,6,,,,,,ration_shop,ration_shop,opposite,latin
AD002105,T2,970203,T2-L06,1.0,0.714,text+pincode,,,12,,,6,,ration_shop,ration_shop,near,latin
AD002106,T2,970202,T2-L10,1.0,0.714,text+pincode,,,,,,,,govt_school,govt_school,near,latin
AD002107,T1,960101,T1-L12,1.0,0.924,text+pincode,10,,,,,,,ration_shop,ration_shop,near,latin
AD002108,T1,960102,T1-L11,1.0,0.714,text+pincode,,,,,,,,masjid,masjid,opposite,kn
AD002110,T1,960102,T1-L06,0.935,0.649,text+pincode,1,4,,,,,,,,,latin
AD002111,T2,970202,,0.286,0.0,,,,10,,,,,ganesha_temple,ganesha_temple,near,latin
AD002112,T2,970204,T2-L03,1.0,0.714,text+pincode,,,12,,,,,hanuman_temple,hanuman_temple,near,latin
AD002113,T1,960102,T1-L04,1.0,0.844,text+pincode,,,,,,,,community_hall,community_hall,near,latin
AD002114,T3,980301,T3-L03,1.0,0.714,text+pincode,,,,,4,,,govt_school,govt_school,near,latin
AD002115,T3,980301,T3-L11,1.0,0.844,text+pincode,,,,c,5,,,masjid,masjid,near,latin
AD002116,T1,960102,T1-L04,1.0,0.896,text+pincode,5,5,,,,,,ganesha_temple,ganesha_temple,behind,latin
AD002117,T2,970203,T2-L04,1.0,0.844,text+pincode,,,1,,,,annapoorna nilaya,masjid,masjid,near,latin
AD002118,T2,970202,T2-L11,1.0,0.714,text+pincode,,,3,,,,,medical_store,medical_store,near,latin
AD002119,T2,970201,,0.286,0.0,,,,3,,,,,masjid,masjid,behind,latin
AD002120,T2,970203,T2-L08,1.0,0.714,text+pincode,,,6,,,8,,park,park,behind,latin
AD002121,T1,960102,T1-L11,1.0,0.714,text+pincode,4,5,,,,,,,,,latin
AD002122,T3,980302,T3-L08,1.0,0.81,text+pincode,,,,e,4,,,,,,latin
AD002123,T2,970202,T2-L02,1.0,0.714,text+pincode,,,11,,,,,,,,latin
AD002124,T1,,T1-L11,1.0,0.226,text,3,1,,,,,shanti kunj,,,,latin
AD002125,T1,960102,T1-L03,0.952,0.848,text+pincode,5,5,,,,,,,,,latin
AD002126,T2,970202,T2-L10,1.0,0.714,text+pincode,,,1,,,,,community_hall,community_hall,near,hi
AD002127,T2,970203,T2-L04,1.0,0.905,text+pincode,,,,,,,,medical_store,medical_store,near,hi
AD002128,T1,960104,T1-L01,1.0,0.714,text+pincode,7,6,,,,,,bus_stop,bus_stop,behind,latin
AD002129,T1,960102,T1-L03,0.945,0.863,text+pincode,5,3,,,,,,,,,latin
AD002130,T3,980304,T3-L02,1.0,0.912,text+pincode,,,,f,5,,,,,,latin
AD002131,T2,970201,T2-L05,1.0,0.714,text+pincode,,,9,,,,,,,,latin
AD002132,T2,970203,T2-L04,1.0,0.844,text+pincode,,,3,,,4,,ration_shop,ration_shop,opposite,latin
AD002133,T1,960104,T1-L05,1.0,0.896,text+pincode,6,3,,,,,,petrol_bunk,petrol_bunk,opposite,latin
AD002134,T3,980302,T3-L10,1.0,0.81,text+pincode,,,,e,3,,,bus_stop,bus_stop,near,latin
AD002135,T3,980302,T3-L08,1.0,0.81,text+pincode,,,,,,,sai complex,medical_store,medical_store,near,latin
AD002136,T2,970202,T2-L11,1.0,0.714,text+pincode,,,2,,,,,,,,hi
AD002138,T3,980303,T3-L05,1.0,0.873,text+pincode,,,,f,3,,,bus_stop,bus_stop,near,latin
AD002139,T3,980301,T3-L01,1.0,0.833,text+pincode,,,,,,,,,,,latin
AD002140,T2,970202,T2-L02,1.0,0.714,text+pincode,,,5,,,,,govt_school,govt_school,behind,hi
AD002141,T2,970201,T2-L05,1.0,0.714,text+pincode,,,8,,,,,govt_school,govt_school,behind,latin
AD002142,T1,960101,T1-L02,1.0,0.714,text+pincode,6,6,,,,,annapoorna nilaya,water_tank,water_tank,behind,latin
AD002143,T3,980304,T3-L07,1.0,0.857,text+pincode,,,,b,6,,,masjid,masjid,near,latin
AD002145,T3,,T3-L02,1.0,0.714,text,,,,,,,ganga apartments,,,,latin
AD002146,T3,980303,,0.104,0.104,,,,,,,,,,,,latin
AD002147,T1,,T1-L05,1.0,0.714,text,3,2,,,,,,medical_store,medical_store,opposite,latin
AD002148,T1,960104,T1-L05,1.0,0.896,text+pincode,,,,,,,,,,,latin
AD002149,T2,970203,T2-L07,1.0,0.714,text+pincode,,,8,,,,,,,,latin
AD002150,T3,980303,T3-L05,1.0,0.873,text+pincode,,,,f,1,,,hanuman_temple,hanuman_temple,near,latin
AD002151,T1,960102,T1-L04,1.0,0.844,text+pincode,5,8,,,,,,ganesha_temple,ganesha_temple,near,latin
AD002152,T1,960104,T1-L12,1.0,0.5,text,,,,,,,,medical_store,medical_store,near,latin
AD002153,T3,980302,T3-L10,1.0,0.81,text+pincode,,,,f,4,,,,,,latin
AD002154,T1,960103,T1-L04,1.0,0.714,text,11,5,,,,,,govt_school,govt_school,opposite,latin
AD002155,T3,,T3-L07,0.945,0.659,text,,,,b,4,,,masjid,masjid,near,latin
AD002157,T3,980302,T3-L08,1.0,0.81,text+pincode,,,,d,4,,,,,,latin
AD002158,T1,960102,,0.156,0.061,,,,,,,,,ration_shop,ration_shop,near,latin
AD002159,T2,970204,T2-L03,1.0,0.714,text+pincode,,,12,,,,,hanuman_temple,hanuman_temple,near,latin
AD002160,T2,970204,T2-L12,1.0,0.714,text+pincode,,,11,,,,,hanuman_temple,hanuman_temple,near,latin
AD002161,T1,960102,T1-L06,1.0,0.714,text+pincode,,,,,,,,govt_school,govt_school,behind,latin
AD002162,T2,970202,T2-L11,1.0,0.714,text+pincode,,,,,,,,,,,latin
AD002163,T2,970202,,0.286,0.0,,,,6,,,,,church,church,near,latin
AD002164,T3,980301,T3-L11,1.0,0.912,text+pincode,,,,c,2,,,,,,latin
AD002165,T3,980301,T3-L06,0.94,0.801,text+pincode,,,,,,,,water_tank,water_tank,near,latin
AD002166,T2,970204,T2-L03,1.0,0.714,text+pincode,,,,,,,,milk_dairy,milk_dairy,near,latin
AD002167,T2,970204,T2-L03,1.0,0.714,text+pincode,,,,,,,,,,,latin
AD002169,T1,960102,T1-L03,1.0,0.837,text+pincode,6,5,,,,,,milk_dairy,milk_dairy,near,latin
AD002170,T1,960102,T1-L11,1.0,0.714,text+pincode,,,,,,,,park,park,near,latin
AD002171,T1,960102,T1-L04,1.0,0.896,text+pincode,1,1,,,,,,church,church,near,latin
AD002172,T2,970203,T2-L08,1.0,0.714,text+pincode,,,4,,,,,bus_stop,bus_stop,opposite,latin
AD002173,T3,980302,T3-L10,1.0,0.81,text+pincode,,,,a,1,,,milk_dairy,milk_dairy,near,latin
AD002174,T3,980301,T3-L03,1.0,0.714,text+pincode,,,,,,,,masjid,masjid,near,latin
AD002175,T3,980302,T3-L08,1.0,0.837,text+pincode,,,,a,2,,sri krishna nivas,,,,latin
AD002176,T2,970203,T2-L08,1.0,0.714,text+pincode,,,3,,,,,,,,latin
AD002177,T2,970201,T2-L05,1.0,0.714,text+pincode,,,1,,,5,,medical_store,medical_store,,latin
AD002178,T3,980304,T3-L10,1.0,0.81,text,,,,a,3,,,milk_dairy,milk_dairy,,latin
AD002179,T1,960102,,0.143,0.0,,11,3,,,,,,govt_school,govt_school,behind,latin
AD002180,T1,960102,T1-L04,1.0,0.857,text+pincode,11,5,,,,,,govt_school,govt_school,behind,latin
AD002181,T3,980301,T3-L06,1.0,0.833,text+pincode,,,,f,6,,,water_tank,water_tank,near,latin
AD002182,T1,960102,T1-L11,1.0,0.714,text+pincode,8,8,,,,,,hanuman_temple,hanuman_temple,near,latin
AD002183,T1,960101,T1-L09,1.0,0.714,text+pincode,,,,,,,,govt_school,govt_school,opposite,latin
AD002184,T1,960101,T1-L09,1.0,0.714,text+pincode,5,5,,,,,,govt_school,govt_school,opposite,latin
AD002185,T3,980304,T3-L07,1.0,0.896,text+pincode,,,,e,6,,,,,,latin
AD002186,T2,970201,T2-L02,1.0,0.714,text,,,6,,,,,,,,latin
AD002187,T3,980301,T3-L01,1.0,0.833,text+pincode,,,,a,5,,,,,,latin
AD002188,T3,980301,T3-L11,1.0,0.844,text+pincode,,,,f,6,,,community_hall,community_hall,near,latin
AD002189,T1,960102,T1-L04,1.0,0.844,text+pincode,7,2,,,,,,govt_school,govt_school,near,latin
AD002190,T1,960104,T1-L05,1.0,0.896,text+pincode,,,,,,,,,,,latin
AD002191,T1,,T1-L11,1.0,0.714,text,10,5,,,,,,,,,latin
AD002192,T2,970204,T2-L03,1.0,0.714,text+pincode,,,,,,,,,,,latin
AD002193,T2,970202,T2-L11,1.0,0.714,text+pincode,,,11,,,,,church,church,near,latin
AD002194,T2,970202,T2-L11,1.0,0.714,text+pincode,,,10,,,,,,,,latin
AD002195,T1,960101,,0.076,0.0,,9,8,,,,,,,,,latin
AD002196,T1,960103,T1-L07,1.0,0.868,text+pincode,6,3,,,,,,ration_shop,ration_shop,near,kn
AD002197,T2,970202,T2-L02,1.0,0.714,text+pincode,,,3,,,,,park,park,near,latin
AD002198,T1,960104,T1-L11,1.0,0.714,text,3,4,,,,,,milk_dairy,milk_dairy,near,latin
AD002199,T1,960102,,0.156,0.0,,13,7,,,,,,bus_stop,bus_stop,near,latin
AD002200,T2,,T2-L06,1.0,0.714,text,,,7,,,,,,,,latin
AD002201,T2,,T2-L12,1.0,0.714,text,,,4,,,,,ganesha_temple,ganesha_temple,near,latin
AD002202,T1,960101,T1-L09,1.0,0.714,text+pincode,9,5,,,,,,bus_stop,bus_stop,near,latin
AD002204,T3,980302,T3-L08,1.0,0.81,text+pincode,,,,a,2,,,ration_shop,ration_shop,near,kn
AD002205,T3,980301,T3-L03,1.0,0.714,text+pincode,,,,e,6,,,,,,latin
AD002206,T2,970203,T2-L08,1.0,0.714,text+pincode,,,10,,,,,ganesha_temple,ganesha_temple,near,latin
AD002207,T1,960101,T1-L09,0.774,0.659,text+pincode,9,6,,,,,shanti kunj,milk_dairy,milk_dairy,near,latin
AD002209,T3,980301,T3-L11,1.0,0.868,text+pincode,,,,,,,sai complex,,,,latin
AD002210,T2,970202,T2-L11,1.0,0.714,text+pincode,,,12,,,,,,,,latin
AD002211,T2,970203,,0.286,0.143,,,,3,,,,,bus_stop,bus_stop,near,latin
AD002212,T1,960104,T1-L05,1.0,0.896,text+pincode,10,3,,,,,,hanuman_temple,hanuman_temple,behind,latin
AD002213,T2,970203,T2-L06,1.0,0.714,text+pincode,,,8,,,,,water_tank,water_tank,opposite,hi
AD002214,T3,980302,T3-L12,1.0,0.896,text+pincode,,,,,3,,,petrol_bunk,petrol_bunk,beside,latin
AD002215,T1,960102,T1-L04,1.0,0.896,text+pincode,12,8,,,,,,,,,latin
AD002216,T2,970203,T2-L06,1.0,0.714,text+pincode,,,2,,,6,,,,,latin
AD002217,T1,960101,T1-L02,1.0,0.714,text+pincode,8,6,,,,,,water_tank,water_tank,opposite,latin
AD002218,T2,970203,T2-L08,1.0,0.714,text+pincode,,,6,,,,,govt_school,govt_school,near,latin
AD002220,T2,970204,T2-L03,1.0,0.714,text+pincode,,,,,,,,milk_dairy,milk_dairy,near,latin
AD002221,T1,960103,T1-L08,1.0,1.0,text+pincode,10,7,,,,,,masjid,masjid,near,latin
AD002222,T1,960104,,0.19,0.0,,10,1,,,,,,church,church,near,latin
AD002223,T1,960102,T1-L03,1.0,0.837,text+pincode,11,7,,,,,,govt_school,govt_school,near,latin
AD002224,T2,970202,,0.286,0.0,,,,9,,,,,hanuman_temple,hanuman_temple,behind,latin
AD002225,T2,970201,T2-L09,0.952,0.667,text+pincode,,,3,,,,,govt_school,govt_school,near,latin
AD002226,T2,970204,T2-L03,0.911,0.625,text+pincode,,,6,,,,,,,,latin
AD002227,T3,980301,T3-L03,1.0,0.714,text+pincode,,,,d,1,,,,,,latin
AD002228,T3,980304,T3-L02,1.0,0.844,text+pincode,,,,b,4,,,church,church,near,latin
AD002229,T3,980304,T3-L07,1.0,0.899,text+pincode,,,,c,5,,,masjid,masjid,opposite,latin
AD002230,T3,980302,T3-L10,1.0,0.81,text+pincode,,,,f,3,,,masjid,masjid,,latin
AD002231,T1,960103,T1-L08,1.0,1.0,text+pincode,12,6,,,,,,,,,latin
AD002232,T1,960101,T1-L02,1.0,0.714,text+pincode,8,8,,,,,,church,church,near,latin
AD002233,T3,980301,T3-L06,1.0,0.833,text+pincode,,,,b,4,,,bus_stop,bus_stop,near,latin
AD002234,T3,980301,T3-L11,1.0,0.857,text+pincode,,,,e,2,,,govt_school,govt_school,beside,latin
AD002235,T2,,T2-L06,1.0,0.714,text,,,11,,,,,,,,hi
AD002236,T2,970201,T2-L09,1.0,0.714,text+pincode,,,6,,,9,,,,,latin
AD002237,T2,970202,,0.286,0.0,,,,,,,,,medical_store,medical_store,opposite,latin
AD002238,T1,960104,T1-L01,1.0,0.714,text+pincode,,,,,,,,masjid,masjid,near,latin
AD002239,T1,960103,,0.095,0.095,,12,4,,,,,,bus_stop,bus_stop,near,latin
AD002240,T1,,T1-L04,1.0,0.714,text,,,,,,,,ganesha_temple,ganesha_temple,near,latin
AD002241,T1,960101,T1-L12,1.0,0.918,text+pincode,8,8,,,,,,,,,latin
AD002242,T2,970202,T2-L09,1.0,0.714,text,,,,,,,,hanuman_temple,hanuman_temple,beside,hi
AD002243,T2,970201,T2-L05,1.0,0.714,text+pincode,,,10,,,5,,ration_shop,ration_shop,near,latin
AD002244,T2,970202,T2-L01,1.0,0.714,text+pincode,,,,,,,,community_hall,community_hall,behind,latin
AD002245,T1,960102,T1-L11,1.0,0.714,text+pincode,10,3,,,,,,ganesha_temple,ganesha_temple,behind,latin
AD002246,T1,960102,T1-L11,1.0,0.714,text+pincode,3,2,,,,,annapoorna nilaya,,,,latin
AD002247,T1,960102,T1-L06,1.0,0.714,text+pincode,13,2,,,,,,community_hall,community_hall,near,latin
AD002248,T3,,,0.19,0.063,,,,,b,3,,,church,church,near,latin
AD002249,T3,980303,T3-L09,1.0,1.0,text+pincode,,,,a,1,,,,,,latin
AD002250,T1,960101,T1-L09,1.0,0.714,text+pincode,,,,,,,,ration_shop,ration_shop,opposite,latin
AD002251,T3,980301,T3-L01,1.0,0.833,text+pincode,,,,a,2,,,,,,latin
AD002252,T3,980301,T3-L06,1.0,0.833,text+pincode,,,,,,,,,,,latin
AD002253,T3,980301,T3-L06,1.0,0.833,text+pincode,,,,c,6,,,church,church,near,latin
AD002254,T3,980301,T3-L03,1.0,0.714,text+pincode,,,,f,6,,,water_tank,water_tank,near,latin
AD002255,T2,970203,T2-L08,1.0,0.714,text+pincode,,,1,,,,,community_hall,community_hall,near,latin
AD002256,T1,960101,T1-L05,1.0,0.714,text,8,4,,,,,,bus_stop,bus_stop,near,latin
AD002257,T1,960103,T1-L07,1.0,0.868,text+pincode,,,,,,,,govt_school,govt_school,beside,latin
AD002258,T3,980302,T3-L08,1.0,0.81,text+pincode,,,,b,6,,,govt_school,govt_school,near,latin
AD002259,T3,,T3-L10,1.0,0.81,text,,,,d,7,,,,,,latin
AD002260,T1,960102,T1-L06,1.0,0.714,text+pincode,3,1,,,,,,hanuman_temple,hanuman_temple,near,latin
AD002261,T2,970203,T2-L06,1.0,0.714,text+pincode,,,2,,,6,lakshmi nilaya,bus_stop,bus_stop,near,hi
AD002262,T2,970202,T2-L10,1.0,0.74,text+pincode,,,1,,,,,ration_shop,ration_shop,near,latin
AD002263,T2,970202,T2-L11,1.0,0.714,text+pincode,,,1,,,,,,,,latin
AD002264,T2,,T2-L08,1.0,0.714,text,,,3,,,,,ration_shop,ration_shop,near,latin
AD002265,T1,,T1-L02,1.0,0.714,text,6,1,,,,,,church,church,near,latin
AD002266,T1,960104,T1-L10,1.0,0.714,text+pincode,3,7,,,,,,,,,latin
AD002267,T2,970203,T2-L08,1.0,0.714,text+pincode,,,8,,,,,,,,latin
AD002269,T1,960102,T1-L03,1.0,0.844,text+pincode,,,,,,,,medical_store,medical_store,near,latin
AD002270,T1,960102,T1-L04,1.0,0.896,text+pincode,8,3,,,,,,bus_stop,bus_stop,beside,latin
AD002271,T2,970202,T2-L11,1.0,0.714,text+pincode,,,1,,,,,,,,latin
AD002272,T2,970203,T2-L06,1.0,0.714,text+pincode,,,9,,,6,ganga apartments,bus_stop,bus_stop,near,latin
AD002273,T2,970202,T2-L10,1.0,0.714,text+pincode,,,11,,,,,water_tank,water_tank,near,latin
AD002274,T2,970202,T2-L01,1.0,0.714,text+pincode,,,11,,,1,,medical_store,medical_store,beside,latin
AD002275,T2,970203,T2-L08,1.0,0.714,text+pincode,,,9,,,,,bus_stop,bus_stop,near,latin
AD002276,T1,960104,T1-L01,1.0,0.714,text+pincode,3,6,,,,,lakshmi nilaya,govt_school,govt_school,beside,latin
AD002277,T2,970202,T2-L11,1.0,0.714,text+pincode,,,5,,,11,,,,,latin
AD002278,T2,970203,T2-L07,1.0,0.714,text+pincode,,,10,,,,,,,,latin
AD002279,T1,960101,T1-L12,1.0,0.924,text+pincode,3,2,,,,,,ration_shop,ration_shop,near,kn
AD002280,T1,960102,T1-L04,1.0,0.896,text+pincode,10,5,,,,,,ration_shop,ration_shop,near,latin
AD002281,T1,960104,T1-L01,1.0,0.714,text+pincode,3,6,,,,,,,,,latin
AD002282,T3,980301,T3-L03,1.0,0.714,text+pincode,,,,,,,,,,,latin
AD002283,T3,980301,T3-L11,1.0,0.912,text+pincode,,,,a,3,,,,,,latin
AD002284,T2,970202,T2-L02,1.0,0.714,text+pincode,,,6,,,,,govt_school,govt_school,near,latin
AD002286,T2,970203,T2-L04,1.0,0.829,text+pincode,,,3,,,6,sai residency,community_hall,community_hall,near,latin
AD002287,T2,970202,T2-L11,1.0,0.714,text+pincode,,,7,,,11,,church,church,near,latin
AD002288,T1,960102,,0.114,0.01,,,,,,,,,milk_dairy,milk_dairy,near,latin
AD002289,T1,960104,T1-L11,1.0,0.714,text,7,3,,,,,,hanuman_temple,hanuman_temple,near,latin
AD002291,T2,970201,T2-L05,1.0,0.714,text+pincode,,,1,,,,,post_office,post_office,near,hi
AD002292,T3,980301,T3-L01,1.0,0.833,text+pincode,,,,f,3,,,,,,latin
AD002293,T3,980301,T3-L03,1.0,0.714,text+pincode,,,,b,1,,,milk_dairy,milk_dairy,near,latin
AD002294,T2,970202,T2-L11,1.0,0.714,text+pincode,,,10,,,,,,,,latin
AD002295,T3,980301,,0.104,0.037,,,,,a,4,,shanti kunj,,,,latin
AD002296,T3,980302,T3-L10,1.0,0.81,text+pincode,,,,,,,,,,,latin
AD002297,T1,960102,T1-L06,1.0,0.714,text+pincode,2,6,,,,,,hanuman_temple,hanuman_temple,near,latin
AD002298,T3,980302,T3-L10,1.0,0.81,text+pincode,,,,d,1,,,,,,latin
AD002299,T2,970203,T2-L08,1.0,0.714,text+pincode,,,,,,,,,,,latin
AD002300,T2,970203,T2-L06,1.0,0.714,text+pincode,,,6,,,,,medical_store,medical_store,near,latin
AD002301,T2,970201,T2-L11,1.0,0.714,text,,,3,,,11,,masjid,masjid,near,latin
AD002302,T2,,T2-L08,1.0,0.714,text,,,,,,,,bus_stop,bus_stop,opposite,latin
AD002303,T1,960101,,0.082,0.0,,3,8,,,,,,,,,latin
AD002304,T1,960102,T1-L11,1.0,0.714,text+pincode,2,5,,,,,,hanuman_temple,hanuman_temple,near,latin
AD002305,T1,960103,T1-L08,1.0,1.0,text+pincode,9,2,,,,,,bus_stop,bus_stop,,latin
AD002306,T1,960102,T1-L11,1.0,0.714,text+pincode,9,4,,,,,annapoorna nilaya,,,,latin
AD002307,T1,960102,T1-L11,1.0,0.714,text+pincode,3,2,,,,,,,,,latin
AD002308,T1,960102,T1-L11,0.921,0.635,text+pincode,,,,,,,,hanuman_temple,hanuman_temple,,latin
AD002309,T3,980303,,0.104,0.104,,,,,e,2,,,,,,latin
AD002310,T1,960103,T1-L08,1.0,1.0,text+pincode,2,4,,,,,,post_office,post_office,near,latin
AD002311,T3,980303,T3-L10,1.0,0.81,text,,,,,,,,,,,latin
AD002312,T2,970202,T2-L02,1.0,0.714,text+pincode,,,3,,,,,park,park,near,hi
AD002314,T1,960101,T1-L02,1.0,0.714,text+pincode,6,4,,,,,,water_tank,water_tank,near,latin
AD002315,T1,960103,T1-L07,0.967,0.871,text+pincode,11,5,,,,,,church,church,beside,latin
AD002316,T1,,T1-L06,1.0,0.714,text,,,,,,,ganga apartments,,,,latin
AD002317,T1,960101,T1-L09,1.0,0.714,text+pincode,12,4,,,,,,,,,latin
AD002318,T2,970204,T2-L12,1.0,0.714,text+pincode,,,1,,,,,,,,latin
AD002319,T1,960102,T1-L11,1.0,0.714,text+pincode,11,4,,,,,,ganesha_temple,ganesha_temple,near,latin
AD002321,T3,980302,T3-L10,1.0,0.81,text+pincode,,,,f,2,,,bus_stop,bus_stop,opposite,latin
AD002322,T2,970203,T2-L08,1.0,0.714,text+pincode,,,,,,,,bus_stop,bus_stop,near,hi
AD002323,T2,970204,,0.286,0.0,,,,2,,,,,,,,latin
AD002324,T2,,T2-L05,1.0,0.714,text,,,11,,,5,,masjid,masjid,opposite,latin
AD002325,T2,970203,T2-L06,1.0,0.714,text+pincode,,,5,,,6,ganga apartments,,,,latin
AD002327,T2,970203,,0.286,0.159,,,,1,,,,,,,,latin
AD002328,T3,980301,T3-L11,1.0,0.912,text+pincode,,,,c,2,,,ganesha_temple,ganesha_temple,near,latin
AD002330,T2,970202,T2-L11,1.0,0.714,text+pincode,,,5,,,,,milk_dairy,milk_dairy,near,hi
AD002332,T1,960102,,0.156,0.0,,10,7,,,,,,bus_stop,bus_stop,near,latin
AD002333,T3,980301,T3-L06,0.962,0.795,text+pincode,,,,c,4,,,post_office,post_office,,latin
AD002334,T3,980304,T3-L07,1.0,0.896,text+pincode,,,,,,,,milk_dairy,milk_dairy,behind,latin
AD002335,T3,980302,T3-L10,1.0,0.81,text+pincode,,,,d,5,,,,,,latin
AD002336,T3,980303,T3-L05,1.0,0.896,text+pincode,,,,f,6,,,medical_store,medical_store,near,latin
AD002337,T2,970202,T2-L04,1.0,0.714,text,,,3,,,,,,,,latin
AD002339,T2,970203,T2-L08,1.0,0.714,text+pincode,,,11,,,8,,ganesha_temple,ganesha_temple,behind,latin
AD002340,T2,970203,,0.286,0.13,,,,8,,,,,bus_stop,bus_stop,near,latin
AD002341,T2,970204,T2-L08,1.0,0.714,text,,,3,,,3,,park,park,opposite,hi
AD002342,T2,970203,T2-L12,0.921,0.635,text,,,,,,,,govt_school,govt_school,near,latin
AD002343,T3,980304,,0.104,0.0,,,,,c,3,,,community_hall,community_hall,near,latin
AD002344,T2,970203,,0.286,0.13,,,,10,,,4,,church,church,near,latin
AD002345,T2,970202,T2-L07,1.0,0.714,text,,,11,,,,,park,park,behind,latin
AD002346,T3,980302,T3-L08,1.0,0.81,text+pincode,,,,d,3,,,bus_stop,bus_stop,near,latin
AD002347,T3,980301,T3-L11,1.0,0.896,text+pincode,,,,c,1,,,ganesha_temple,ganesha_temple,near,latin
AD002348,T1,960102,T1-L04,1.0,0.896,text+pincode,10,8,,,,,,,,,latin
AD002349,T2,970201,T2-L09,1.0,0.714,text+pincode,,,3,,,9,,masjid,masjid,,latin
AD002350,T3,980301,T3-L01,1.0,0.833,text+pincode,,,,d,2,,,petrol_bunk,petrol_bunk,near,latin
AD002351,T3,980302,T3-L10,0.967,0.776,text+pincode,,,,f,6,,,ganesha_temple,ganesha_temple,beside,latin
AD002352,T1,960103,T1-L07,1.0,0.868,text+pincode,12,1,,,,,,,,,latin
AD002353,T1,960104,T1-L05,1.0,0.896,text+pincode,1,8,,,,,,,,,latin
AD002354,T1,960104,T1-L01,1.0,0.714,text+pincode,,,,,,,,post_office,post_office,near,latin
AD002355,T1,960102,T1-L11,1.0,0.714,text+pincode,8,8,,,,,,ration_shop,ration_shop,near,latin
AD002356,T1,960104,,0.082,0.0,,1,7,,,,,,,,,latin
AD002357,T2,970202,T2-L02,1.0,0.714,text+pincode,,,11,,,2,ganga apartments,,,,latin
AD002358,T3,980303,,0.104,0.104,,,,,,,,,bus_stop,bus_stop,near,latin
AD002359,T2,970202,T2-L11,1.0,0.714,text+pincode,,,12,,,,,ganesha_temple,ganesha_temple,behind,latin
AD002360,T2,970204,T2-L03,1.0,0.714,text+pincode,,,12,,,3,,,,,latin
AD002361,T2,970202,T2-L01,1.0,0.714,text+pincode,,,7,,,,annapoorna nilaya,ganesha_temple,ganesha_temple,near,latin
AD002362,T1,960102,T1-L11,1.0,0.714,text+pincode,,,,,,,,park,park,near,latin
AD002363,T3,980303,T3-L10,1.0,0.81,text,,,,f,3,,,ganesha_temple,ganesha_temple,near,latin
AD002364,T2,970203,T2-L04,1.0,0.873,text+pincode,,,9,,,4,,medical_store,medical_store,near,latin
AD002365,T3,980302,T3-L08,1.0,0.81,text+pincode,,,,e,4,,,govt_school,govt_school,near,latin
AD002366,T3,980302,T3-L12,1.0,0.896,text+pincode,,,,,,,,,,,latin
AD002367,T1,960103,T1-L08,1.0,1.0,text+pincode,3,1,,,,,,park,park,opposite,latin
AD002368,T3,980302,T3-L08,1.0,0.81,text+pincode,,,,f,3,,,masjid,masjid,near,latin
AD002369,T2,970202,T2-L05,1.0,0.714,text,,,9,,,5,,,,,latin
AD002370,T3,980304,T3-L07,1.0,0.896,text+pincode,,,,f,6,,,community_hall,community_hall,near,latin
AD002371,T2,970201,T2-L02,1.0,0.714,text,,,11,,,,,post_office,post_office,behind,latin
AD002372,T3,980302,T3-L10,1.0,0.81,text+pincode,,,,d,5,,,hanuman_temple,hanuman_temple,near,latin
AD002373,T2,970203,T2-L05,1.0,0.714,text,,,8,,,,,hanuman_temple,hanuman_temple,near,hi
AD002374,T1,960103,T1-L08,1.0,1.0,text+pincode,12,6,,,,,,,,,latin
AD002375,T3,980302,T3-L12,1.0,0.896,text+pincode,,,,f,3,,,,,,latin
AD002376,T1,960104,T1-L05,1.0,0.81,text+pincode,,,,,,,,ganesha_temple,ganesha_temple,near,latin
AD002377,T3,980302,T3-L12,0.8,0.696,text+pincode,,,,e,3,,,water_tank,water_tank,near,latin
AD002378,T1,960104,T1-L01,1.0,0.714,text+pincode,4,4,,,,,ganga apartments,post_office,post_office,behind,kn
AD002380,T3,980302,T3-L10,1.0,0.81,text+pincode,,,,a,2,,,,,,latin
AD002381,T2,,T2-L02,1.0,0.714,text,,,2,,,,,park,park,beside,latin
AD002382,T2,970202,T2-L02,1.0,0.714,text+pincode,,,2,,,,,ration_shop,ration_shop,near,hi
AD002383,T3,980302,T3-L11,1.0,0.714,text,,,,,,,,water_tank,water_tank,near,latin
AD002384,T2,970201,T2-L09,1.0,0.714,text+pincode,,,2,,,,,church,church,opposite,latin
AD002385,T2,970201,T2-L09,1.0,0.714,text+pincode,,,6,,,,,medical_store,medical_store,near,latin
AD002387,T2,970201,T2-L05,1.0,0.714,text+pincode,,,12,,,,,masjid,masjid,,latin
AD002388,T2,970202,,0.286,0.0,,,,9,,,2,,hanuman_temple,hanuman_temple,behind,latin
AD002389,T2,970204,,0.286,0.0,,,,14,,,3,,govt_school,govt_school,near,latin
AD002391,T3,980304,T3-L02,1.0,0.844,text+pincode,,,,f,4,,,hanuman_temple,hanuman_temple,near,latin
AD002392,T1,960103,T1-L08,1.0,1.0,text+pincode,6,3,,,,,,post_office,post_office,near,latin
AD002393,T1,960102,T1-L04,1.0,0.896,text+pincode,9,2,,,,,,bus_stop,bus_stop,opposite,kn
AD002394,T1,960104,T1-L10,1.0,0.714,text+pincode,3,2,,,,,,ganesha_temple,ganesha_temple,near,latin
AD002395,T3,,T3-L03,1.0,0.667,text,,,,c,2,,,masjid,masjid,near,latin
AD002396,T2,,T2-L10,1.0,0.714,text,,,,,,,,ganesha_temple,ganesha_temple,near,latin
AD002397,T3,980301,T3-L01,1.0,0.833,text+pincode,,,,,,,,water_tank,water_tank,near,latin
AD002398,T3,980302,T3-L08,1.0,0.81,text+pincode,,,,d,2,,,govt_school,govt_school,opposite,latin
AD002399,T3,980302,T3-L12,1.0,0.896,text+pincode,,,,e,,,,bus_stop,bus_stop,near,latin
AD002400,T3,980301,T3-L07,1.0,0.714,text,,,,c,1,,,community_hall,community_hall,near,latin
AD002401,T2,970202,T2-L01,1.0,0.714,text+pincode,,,1,,,,,bus_stop,bus_stop,near,latin
AD002402,T3,980301,T3-L12,1.0,0.857,text,,,,,,,,ganesha_temple,ganesha_temple,behind,latin
AD002403,T1,960103,T1-L08,1.0,1.0,text+pincode,5,3,,,,,,govt_school,govt_school,near,latin
AD002404,T1,960102,T1-L11,1.0,0.714,text+pincode,11,6,,,,,,bus_stop,bus_stop,behind,latin
AD002405,T3,980301,T3-L03,1.0,0.714,text+pincode,,,,b,2,,,milk_dairy,milk_dairy,near,latin
AD002407,T3,980303,T3-L05,1.0,0.873,text+pincode,,,,c,6,,,,,,latin
AD002408,T1,960104,T1-L05,1.0,0.896,text+pincode,5,3,,,,,,petrol_bunk,petrol_bunk,behind,latin
AD002410,T3,980302,T3-L08,1.0,0.81,text+pincode,,,,b,1,,,milk_dairy,milk_dairy,near,latin
AD002411,T3,980302,T3-L08,1.0,0.81,text+pincode,,,,,,,,,,,latin
AD002412,T3,980301,T3-L06,1.0,0.833,text+pincode,,,,e,3,,,govt_school,govt_school,near,latin
AD002413,T1,960102,T1-L11,1.0,0.714,text+pincode,,,,,,,,bus_stop,bus_stop,near,latin
AD002414,T1,960102,T1-L11,1.0,0.714,text+pincode,12,4,,,,,ganga apartments,,,,latin
AD002415,T3,980301,T3-L06,1.0,0.833,text+pincode,,,,e,5,,,govt_school,govt_school,near,latin
AD002416,T3,980301,T3-L11,1.0,0.912,text+pincode,,,,c,4,,,ganesha_temple,ganesha_temple,beside,latin
AD002417,T1,960101,T1-L12,1.0,0.837,text+pincode,3,4,,,,,,medical_store,medical_store,near,latin
AD002418,T1,960102,,0.156,0.0,,1,6,,,,,sai residency,ration_shop,ration_shop,near,latin
AD002419,T1,960104,T1-L11,1.0,0.714,text,5,5,,,,,,hanuman_temple,hanuman_temple,behind,latin
AD002421,T2,970203,T2-L01,1.0,0.714,text,,,,,,,,,,,latin
AD002422,T3,980302,T3-L12,1.0,0.896,text+pincode,,,,a,4,,,ration_shop,ration_shop,behind,latin
AD002423,T3,980304,T3-L07,1.0,0.896,text+pincode,,,,a,4,,,masjid,masjid,near,latin
AD002424,T3,980301,T3-L11,1.0,0.896,text+pincode,,,,e,4,,,,,,latin
AD002425,T3,980301,T3-L01,1.0,0.833,text+pincode,,,,d,5,,,community_hall,community_hall,near,kn
AD002427,T3,980301,T3-L11,1.0,0.857,text+pincode,,,,e,3,,sai complex,govt_school,govt_school,opposite,latin
AD002428,T2,970202,T2-L02,1.0,0.714,text+pincode,,,,,,,,bus_stop,bus_stop,near,latin
AD002429,T1,960101,T1-L09,0.945,0.659,text+pincode,4,3,,,,,shanti kunj,post_office,post_office,near,latin
AD002430,T1,960102,T1-L11,1.0,0.714,text+pincode,8,2,,,,,annapoorna nilaya,park,park,near,latin
AD002431,T2,970202,T2-L10,1.0,0.714,text+pincode,,,9,,,10,,,,,hi
AD002432,T2,970203,T2-L08,1.0,0.714,text+pincode,,,3,,,8,,,,,latin
AD002433,T2,970202,T2-L01,1.0,0.714,text+pincode,,,12,,,1,,medical_store,medical_store,near,latin
AD002434,T1,960104,T1-L01,0.911,0.625,text+pincode,5,4,,,,,,,,,latin
AD002435,T1,960102,T1-L06,1.0,0.714,text+pincode,2,7,,,,,,hanuman_temple,hanuman_temple,near,latin
AD002436,T2,970203,T2-L08,1.0,0.714,text+pincode,,,6,,,8,,community_hall,community_hall,near,latin
AD002437,T2,970202,T2-L11,1.0,0.714,text+pincode,,,6,,,11,,church,church,near,latin
AD002438,T1,960103,T1-L08,1.0,1.0,text+pincode,,,,,,,,ration_shop,ration_shop,opposite,latin
AD002439,T1,960103,T1-L08,1.0,1.0,text+pincode,4,8,,,,,,ration_shop,ration_shop,behind,latin
AD002440,T2,970202,T2-L10,0.878,0.592,text+pincode,,,11,,,,sri krishna nivas,ration_shop,ration_shop,near,latin
AD002441,T2,970201,T2-L09,1.0,0.714,text+pincode,,,6,,,,,milk_dairy,milk_dairy,near,latin
AD002442,T1,960104,T1-L01,1.0,0.714,text+pincode,3,3,,,,,,,,,latin
AD002444,T1,960104,T1-L01,1.0,0.0,text+pincode,,,,,,,green view apartments,community_hall,community_hall,opposite,latin
AD002445,T3,980302,T3-L08,1.0,0.837,text+pincode,,,,f,3,,,,,,latin
AD002447,T3,980302,T3-L08,1.0,0.81,text+pincode,,,,e,2,,,,,,latin
AD002448,T3,980303,T3-L05,1.0,0.896,text+pincode,,,,e,2,,,,,,latin
AD002449,T2,970203,T2-L04,1.0,0.792,text+pincode,,,2,,,,,community_hall,community_hall,near,latin
AD002450,T2,,T2-L02,1.0,0.714,text,,,2,,,,,park,park,near,hi
AD002451,T1,960104,T1-L05,1.0,0.896,text+pincode,12,4,,,,,,,,,latin
AD002452,T1,960101,T1-L02,1.0,0.714,text+pincode,3,1,,,,,,,,,latin
AD002453,T2,970202,T2-L11,1.0,0.714,text+pincode,,,8,,,11,,,,,latin
AD002454,T3,980304,T3-L07,1.0,0.896,text+pincode,,,,c,2,,,community_hall,community_hall,near,latin
AD002456,T1,960102,T1-L06,1.0,0.714,text+pincode,3,7,,,,,,hanuman_temple,hanuman_temple,near,latin
AD002457,T1,960101,T1-L11,1.0,0.714,text,10,2,,,,,,ganesha_temple,ganesha_temple,opposite,latin
AD002458,T2,970202,T2-L01,1.0,0.714,text+pincode,,,4,,,,,hanuman_temple,hanuman_temple,beside,latin
AD002459,T2,970202,T2-L11,1.0,0.714,text+pincode,,,5,,,,,medical_store,medical_store,near,latin
AD002461,T1,960102,,0.19,0.087,,3,2,,,,,,masjid,masjid,near,latin
AD002462,T1,960102,T1-L11,1.0,0.714,text+pincode,,,,,,,,masjid,masjid,,latin
AD002463,T2,970202,T2-L01,1.0,0.714,text+pincode,,,1,,,,,bus_stop,bus_stop,near,latin
AD002464,T2,970202,T2-L06,1.0,0.714,text,,,2,,,,,community_hall,community_hall,near,latin
AD002465,T2,970203,,0.286,0.159,,,,1,,,,,,,,latin
AD002466,T2,970202,T2-L11,1.0,0.714,text+pincode,,,5,,,,,medical_store,medical_store,near,latin
AD002467,T3,980302,T3-L10,1.0,0.81,text+pincode,,,,d,1,,,milk_dairy,milk_dairy,near,kn
AD002468,T1,960104,T1-L01,1.0,0.714,text+pincode,11,3,,,,,,,,,latin
AD002469,T3,980304,T3-L02,1.0,0.912,text+pincode,,,,b,4,,,water_tank,water_tank,near,latin
AD002470,T2,970202,T2-L10,1.0,0.714,text+pincode,,,3,,,,,ration_shop,ration_shop,near,latin
AD002471,T3,980302,T3-L10,1.0,0.81,text+pincode,,,,b,1,,,,,,latin
AD002472,T3,980301,T3-L01,1.0,0.833,text+pincode,,,,f,4,,,,,,latin
AD002473,T2,970202,T2-L11,1.0,0.714,text+pincode,,,12,,,11,,community_hall,community_hall,near,hi
AD002474,T2,,T2-L06,1.0,0.714,text,,,11,,,,,water_tank,water_tank,opposite,latin
AD002475,T2,970201,T2-L07,0.974,0.688,text,,,,,,,,masjid,masjid,behind,latin
AD002476,T2,970203,T2-L07,1.0,0.714,text+pincode,,,5,,,,,bus_stop,bus_stop,near,latin
AD002477,T3,980304,T3-L07,1.0,0.896,text+pincode,,,,a,6,,,,,,latin
AD002478,T3,980301,T3-L03,1.0,0.714,text+pincode,,,,e,1,,,post_office,post_office,opposite,latin
AD002479,T1,960102,T1-L11,1.0,0.714,text+pincode,7,5,,,,,,medical_store,medical_store,near,latin
AD002480,T2,970202,T2-L11,1.0,0.714,text+pincode,,,6,,,11,,church,church,near,latin
AD002481,T3,980302,T3-L08,1.0,0.81,text+pincode,,,,c,4,,,,,,latin
AD002482,T3,,,0.483,0.293,,,,,,,,,park,park,near,latin
AD002483,T2,970202,T2-L01,1.0,0.714,text+pincode,,,,,,,,community_hall,community_hall,behind,hi
AD002484,T1,960102,T1-L11,1.0,0.714,text+pincode,9,3,,,,,,ganesha_temple,ganesha_temple,near,latin
AD002485,T3,980301,,0.104,0.009,,,,,e,3,,,petrol_bunk,petrol_bunk,near,latin
AD002486,T3,,T3-L10,1.0,0.81,text,,,,,,,,,,,latin
AD002487,T2,970203,T2-L08,1.0,0.714,text+pincode,,,9,,,8,,,,,latin
AD002488,T2,970202,T2-L02,1.0,0.714,text+pincode,,,2,,,2,,,,,latin
AD002489,T2,970201,T2-L09,1.0,0.714,text+pincode,,,8,,,,,milk_dairy,milk_dairy,near,hi
AD002490,T1,960101,T1-L12,1.0,0.924,text+pincode,,,,,,,,,,,latin
AD002491,T1,960103,T1-L07,1.0,0.868,text+pincode,11,1,,,,,,community_hall,community_hall,behind,kn
AD002492,T2,,T2-L09,1.0,0.714,text,,,,,,,,,,,latin
AD002493,T3,,T3-L06,1.0,0.81,text,,,,f,4,,,govt_school,govt_school,near,latin
AD002494,T1,960101,T1-L12,1.0,0.918,text+pincode,11,3,,,,,,bus_stop,bus_stop,behind,latin
AD002495,T1,960101,,0.076,0.0,,7,3,,,,,,,,,latin
AD002496,T1,,T1-L02,1.0,0.714,text,6,5,,,,,,govt_school,govt_school,near,latin
AD002497,T3,980301,T3-L03,1.0,0.714,text+pincode,,,,c,5,,,milk_dairy,milk_dairy,near,latin
AD002498,T3,980304,T3-L12,1.0,0.857,text,,,,c,5,,,,,,latin
AD002499,T2,970203,T2-L08,1.0,0.714,text+pincode,,,7,,,,,govt_school,govt_school,near,hi
AD002500,T3,980303,T3-L09,1.0,1.0,text+pincode,,,,f,3,,,church,church,opposite,latin
AD002501,T2,970203,T2-L08,1.0,0.714,text+pincode,,,,,,,,petrol_bunk,petrol_bunk,near,latin
AD002502,T1,960102,T1-L04,1.0,0.896,text+pincode,1,6,,,,,,community_hall,community_hall,near,latin
AD002504,T3,,T3-L07,1.0,0.714,text,,,,c,,,,community_hall,community_hall,near,latin
AD002505,T1,960102,T1-L11,1.0,0.714,text+pincode,2,7,,,,,,hanuman_temple,hanuman_temple,near,latin
AD002506,T3,980302,T3-L08,1.0,0.81,text+pincode,,,,,,,,govt_school,govt_school,opposite,latin
AD002508,T1,960101,T1-L07,1.0,0.5,text,8,3,,,,,,,,,latin
AD002509,T3,980301,T3-L06,1.0,0.833,text+pincode,,,,c,2,,sai complex,masjid,masjid,near,latin
AD002510,T1,960104,T1-L10,1.0,0.714,text+pincode,11,6,,,,,,petrol_bunk,petrol_bunk,near,latin
AD002511,T3,980302,,0.19,0.059,,,,,d,5,,sai complex,bus_stop,bus_stop,behind,latin
AD002512,T3,980303,T3-L05,1.0,0.896,text+pincode,,,,,,,,hanuman_temple,hanuman_temple,near,latin
AD002513,T3,980301,T3-L03,1.0,0.714,text+pincode,,,,e,3,,,govt_school,govt_school,near,latin
AD002514,T1,960102,T1-L10,0.878,0.714,text,3,4,,,,,,community_hall,community_hall,near,latin
AD002515,T1,960102,T1-L06,1.0,0.714,text+pincode,,,,,,,sai residency,govt_school,govt_school,near,latin
AD002516,T2,970203,T2-L08,1.0,0.714,text+pincode,,,5,,,,,community_hall,community_hall,near,latin
AD002517,T2,970203,T2-L07,1.0,0.714,text+pincode,,,1,,,7,sri krishna nivas,masjid,masjid,near,latin
AD002518,T3,980301,T3-L11,1.0,0.844,text+pincode,,,,b,6,,,govt_school,govt_school,near,latin
AD002519,T3,980304,T3-L02,1.0,0.844,text+pincode,,,,c,4,,,water_tank,water_tank,near,latin
AD002520,T3,980302,T3-L08,1.0,0.81,text+pincode,,,,d,4,,,ration_shop,ration_shop,near,latin
AD002521,T2,970202,T2-L11,1.0,0.714,text+pincode,,,2,,,11,,church,church,near,hi
AD002522,T3,980301,T3-L06,1.0,0.833,text+pincode,,,,f,4,,,govt_school,govt_school,near,latin
AD002523,T3,980302,T3-L10,1.0,0.81,text+pincode,,,,c,6,,,,,,latin
AD002524,T3,980303,T3-L09,1.0,1.0,text+pincode,,,,d,3,,,,,,latin
AD002525,T2,970203,T2-L08,1.0,0.714,text+pincode,,,,,,,,petrol_bunk,petrol_bunk,near,latin
AD002526,T2,970202,T2-L11,1.0,0.714,text+pincode,,,6,,,,,milk_dairy,milk_dairy,near,latin
AD002527,T2,970203,T2-L08,1.0,0.714,text+pincode,,,,,,,,,,,latin
AD002528,T3,,T3-L06,1.0,0.81,text,,,,a,2,,,,,,latin
AD002529,T3,980303,,0.333,0.206,,,,,e,2,,,bus_stop,bus_stop,near,latin
AD002530,T1,960102,,0.104,0.0,,6,5,,,,,,hanuman_temple,hanuman_temple,opposite,latin
AD002531,T2,970202,T2-L07,1.0,0.714,text,,,9,,,,,,,,latin
AD002532,T3,980304,T3-L07,1.0,0.878,text+pincode,,,,,,,,bus_stop,bus_stop,near,latin
AD002533,T2,970203,T2-L08,1.0,0.714,text+pincode,,,7,,,8,,govt_school,govt_school,near,latin
AD002534,T2,970202,T2-L02,1.0,0.714,text+pincode,,,5,,,,,,,,latin
AD002535,T2,970203,T2-L06,1.0,0.714,text+pincode,,,14,,,,,park,park,near,latin
AD002536,T1,960104,T1-L08,1.0,0.714,text,3,8,,,,,,ration_shop,ration_shop,opposite,latin
AD002537,T1,960102,,0.114,0.026,,4,5,,,,,,park,park,near,latin
AD002539,T1,960104,T1-L01,1.0,0.714,text+pincode,,,,,,,,,,,latin
AD002540,T2,970202,T2-L10,1.0,0.714,text+pincode,,,,,,,lakshmi nilaya,water_tank,water_tank,near,latin
AD002541,T2,970202,T2-L02,1.0,0.714,text+pincode,,,9,,,,,hanuman_temple,hanuman_temple,near,latin
AD002542,T3,980302,T3-L10,1.0,0.81,text+pincode,,,,a,5,,,milk_dairy,milk_dairy,behind,latin
AD002543,T1,960101,T1-L12,1.0,0.857,text+pincode,7,3,,,,,,community_hall,community_hall,near,latin
AD002544,T1,960102,T1-L04,1.0,0.905,text+pincode,,,,,,,,ration_shop,ration_shop,opposite,latin
AD002545,T1,960104,,0.076,0.0,,7,8,,,,,,,,,latin
AD002546,T3,980301,T3-L06,1.0,0.833,text+pincode,,,,c,6,,,post_office,post_office,opposite,latin
AD002547,T3,980303,T3-L09,1.0,1.0,text+pincode,,,,b,2,,sai residency,bus_stop,bus_stop,near,latin
AD002548,T1,960102,T1-L04,1.0,0.896,text+pincode,8,4,,,,,,ganesha_temple,ganesha_temple,near,latin
AD002549,T3,980302,T3-L08,1.0,0.81,text+pincode,,,,a,1,,,govt_school,govt_school,near,latin
AD002550,T2,970203,T2-L06,1.0,0.714,text+pincode,,,,,,,,water_tank,water_tank,near,latin
AD002551,T3,980303,T3-L10,1.0,0.81,text,,,,d,5,,,masjid,masjid,near,latin
AD002552,T3,980304,T3-L06,1.0,0.81,text,,,,c,6,,,masjid,masjid,near,latin
AD002553,T3,980302,T3-L10,1.0,0.81,text+pincode,,,,c,2,,,park,park,opposite,latin
AD002555,T2,970201,T2-L10,1.0,0.714,text,,,4,,,10,,community_hall,community_hall,behind,latin
AD002556,T1,960101,T1-L12,1.0,0.873,text+pincode,2,1,,,,,,park,park,near,latin
AD002557,T3,,T3-L12,1.0,0.844,text,,,,e,6,,,medical_store,medical_store,near,latin
AD002558,T1,960102,T1-L06,1.0,0.714,text+pincode,4,3,,,,,,masjid,masjid,near,latin
AD002559,T1,960104,T1-L10,1.0,0.714,text+pincode,8,2,,,,,,community_hall,community_hall,near,latin
AD002560,T2,970203,T2-L06,1.0,0.714,text+pincode,,,8,,,6,sai complex,milk_dairy,milk_dairy,near,latin
AD002561,T2,970204,T2-L12,1.0,0.714,text+pincode,,,11,,,,shanti kunj,petrol_bunk,petrol_bunk,behind,latin
AD002562,T3,,T3-L08,1.0,0.714,text,,,,b,1,,,medical_store,medical_store,near,latin
AD002563,T3,980301,T3-L11,1.0,0.905,text+pincode,,,,c,6,,,petrol_bunk,petrol_bunk,near,latin
AD002564,T3,980304,T3-L02,1.0,0.896,text+pincode,,,,b,6,,,church,church,near,latin
AD002565,T1,960103,T1-L08,1.0,1.0,text+pincode,12,5,,,,,,bus_stop,bus_stop,near,kn
AD002566,T3,980301,T3-L06,1.0,0.833,text+pincode,,,,e,4,,,petrol_bunk,petrol_bunk,near,latin
AD002567,T3,980302,T3-L03,1.0,0.714,text,,,,,,,ganga apartments,water_tank,water_tank,near,latin
AD002568,T2,970203,T2-L06,1.0,0.714,text+pincode,,,3,,,6,,,,,latin
AD002569,T1,960103,T1-L07,1.0,0.868,text+pincode,11,6,,,,,,,,,latin
AD002570,T2,970203,T2-L04,1.0,0.873,text+pincode,,,5,,,,,,,,latin
AD002571,T1,960101,T1-L09,1.0,0.714,text+pincode,6,5,,,,,annapoorna nilaya,govt_school,govt_school,opposite,latin
AD002572,T2,970203,T2-L07,1.0,0.714,text+pincode,,,6,,,7,,medical_store,medical_store,near,latin
AD002573,T1,960104,T1-L01,1.0,0.714,text+pincode,5,5,,,,,,,,,latin
AD002574,T2,970202,T2-L11,1.0,0.714,text+pincode,,,4,,,,,medical_store,medical_store,near,latin
AD002575,T2,970202,T2-L10,1.0,0.714,text+pincode,,,7,,,,,water_tank,water_tank,near,latin
AD002576,T2,970202,T2-L11,1.0,0.714,text+pincode,,,3,,,11,,,,,hi
AD002577,T3,980304,T3-L02,1.0,0.912,text+pincode,,,,f,4,,,water_tank,water_tank,near,latin
AD002578,T3,980304,T3-L07,1.0,0.886,text+pincode,,,,f,2,,,masjid,masjid,,latin
AD002579,T1,,T1-L09,1.0,0.714,text,,,,,,,,,,,latin
AD002580,T2,970201,T2-L05,1.0,0.714,text+pincode,,,3,,,5,,,,,latin
AD002581,T3,980304,T3-L02,1.0,0.896,text+pincode,,,,e,4,,,,,,latin
AD002582,T3,980304,T3-L07,1.0,0.896,text+pincode,,,,,,,,,,,latin
AD002583,T2,,T2-L06,1.0,0.714,text,,,5,,,,,,,,latin
AD002584,T2,970203,,0.286,0.19,,,,,,,,,govt_school,govt_school,near,hi
AD002585,T2,970203,T2-L04,1.0,0.844,text+pincode,,,2,,,,,ration_shop,ration_shop,behind,latin
AD002586,T3,980303,T3-L08,1.0,0.714,text,,,,e,3,,,church,church,near,latin
AD002587,T3,980302,T3-L10,1.0,0.81,text+pincode,,,,b,4,,,,,,latin
AD002588,T2,970202,T2-L01,1.0,0.714,text+pincode,,,3,,,1,,bus_stop,bus_stop,opposite,latin
AD002590,T3,980301,T3-L06,1.0,0.833,text+pincode,,,,f,2,,,,,,latin
AD002591,T3,980304,T3-L02,1.0,0.912,text+pincode,,,,a,2,,,church,church,near,latin
AD002592,T3,980303,T3-L05,1.0,0.886,text+pincode,,,,c,3,,,hanuman_temple,hanuman_temple,near,latin
AD002593,T1,960103,T1-L08,1.0,1.0,text+pincode,,,,,,,,medical_store,medical_store,near,latin
AD002594,T3,980301,T3-L04,1.0,0.714,text+pincode,,,,a,6,,ganga apartments,,,,latin
AD002595,T2,970203,T2-L09,1.0,0.714,text,,,,,,,,water_tank,water_tank,near,latin
AD002596,T3,980304,T3-L02,1.0,0.896,text+pincode,,,,a,2,,,ration_shop,ration_shop,opposite,latin
AD002598,T2,970202,T2-L11,1.0,0.714,text+pincode,,,8,,,,,milk_dairy,milk_dairy,behind,latin
AD002599,T3,980302,T3-L08,1.0,0.81,text+pincode,,,,b,4,,,govt_school,govt_school,near,latin
AD002600,T3,980301,T3-L06,1.0,0.833,text+pincode,,,,a,2,,,bus_stop,bus_stop,opposite,latin
AD002601,T2,970202,T2-L02,1.0,0.714,text+pincode,,,,,,,,masjid,masjid,near,latin
AD002602,T2,970201,T2-L09,1.0,0.714,text+pincode,,,1,,,,,masjid,masjid,near,latin
AD002603,T3,980303,,0.127,0.127,,,,,b,4,,,bus_stop,bus_stop,near,latin
AD002605,T3,980301,T3-L01,1.0,0.833,text+pincode,,,,d,2,,,petrol_bunk,petrol_bunk,beside,latin
AD002606,T1,960102,T1-L03,1.0,0.896,text+pincode,6,5,,,,,,,,,latin
AD002607,T1,960104,,0.156,0.0,,10,2,,,,,lakshmi nilaya,ganesha_temple,ganesha_temple,behind,latin
AD002608,T1,960104,T1-L12,1.0,0.5,text,10,8,,,,,,,,,latin
AD002609,T3,980302,,0.19,0.119,,,,,f,6,,,,,,latin
AD002610,T3,980303,T3-L10,1.0,0.517,text,,,,b,3,,,park,park,near,latin
AD002611,T2,970204,T2-L06,1.0,0.714,text,,,,,,,,water_tank,water_tank,near,latin
AD002612,T1,960101,T1-L02,1.0,0.714,text+pincode,7,4,,,,,,,,,latin
AD002613,T2,970202,T2-L01,1.0,0.714,text+pincode,,,1,,,,,ration_shop,ration_shop,near,latin
AD002614,T3,980302,T3-L08,1.0,0.81,text+pincode,,,,d,4,,,bus_stop,bus_stop,behind,latin
AD002615,T3,980302,T3-L12,1.0,0.896,text+pincode,,,,e,3,,,water_tank,water_tank,near,latin
AD002616,T1,960101,T1-L12,1.0,0.918,text+pincode,5,5,,,,,,church,church,opposite,latin
AD002617,T3,980304,T3-L07,1.0,0.896,text+pincode,,,,c,1,,,,,,latin
AD002618,T2,970202,T2-L10,0.952,0.667,text+pincode,,,9,,,10,,ganesha_temple,ganesha_temple,near,latin
AD002619,T2,970203,T2-L07,1.0,0.714,text+pincode,,,2,,,,,,,,latin
AD002620,T3,980302,T3-L03,1.0,0.714,text,,,,c,5,,,,,,latin
AD002621,T1,960102,T1-L04,1.0,0.896,text+pincode,5,5,,,,,,ganesha_temple,ganesha_temple,near,latin
AD002622,T2,,T2-L09,1.0,0.714,text,,,5,,,,,masjid,masjid,near,latin
AD002623,T1,960102,,0.104,0.0,,12,4,,,,,,,,,latin
AD002624,T1,960102,T1-L04,1.0,0.896,text+pincode,1,2,,,,,,water_tank,water_tank,near,latin
AD002626,T2,970203,T2-L06,1.0,0.714,text+pincode,,,,,,,,,,,latin
AD002627,T3,,,0.19,0.063,,,,,a,3,,,,,,latin
AD002628,T2,970202,T2-L01,1.0,0.714,text+pincode,,,6,,,,annapoorna nilaya,,,,latin
AD002629,T3,980302,T3-L12,1.0,0.896,text+pincode,,,,a,3,,,hanuman_temple,hanuman_temple,near,latin
AD002631,T1,960102,T1-L04,1.0,0.896,text+pincode,7,1,,,,,,water_tank,water_tank,,latin
AD002632,T3,980302,T3-L08,1.0,0.81,text+pincode,,,,a,6,,,,,,latin
AD002633,T2,970203,T2-L06,1.0,0.714,text+pincode,,,8,,,,,milk_dairy,milk_dairy,near,latin
AD002634,T2,970202,T2-L01,1.0,0.714,text+pincode,,,3,,,,,post_office,post_office,opposite,latin
AD002635,T3,,T3-L10,1.0,0.81,text,,,,,,,,milk_dairy,milk_dairy,near,latin
AD002636,T3,980304,T3-L07,1.0,0.896,text+pincode,,,,e,3,,,bus_stop,bus_stop,behind,latin
AD002637,T1,960101,T1-L02,0.881,0.595,text+pincode,5,4,,,,,,,,,latin
AD002638,T2,970202,T2-L10,1.0,0.714,text+pincode,,,2,,,,,,,,latin
AD002639,T2,970203,T2-L08,1.0,0.714,text+pincode,,,11,,,,,church,church,near,latin
AD002640,T1,960102,T1-L04,1.0,0.896,text+pincode,8,3,,,,,,bus_stop,bus_stop,opposite,latin
AD002641,T1,960104,T1-L01,1.0,0.714,text+pincode,2,4,,,,,,post_office,post_office,near,latin
AD002642,T2,970202,T2-L10,1.0,0.714,text+pincode,,,4,,,,,,,,latin
AD002643,T3,980301,T3-L04,1.0,0.714,text+pincode,,,,b,2,,,milk_dairy,milk_dairy,near,latin
AD002645,T1,960103,T1-L08,1.0,1.0,text+pincode,,,,,,,,masjid,masjid,near,kn
AD002647,T3,980302,,0.19,0.119,,,,,d,1,,,hanuman_temple,hanuman_temple,near,latin
AD002648,T3,980302,T3-L10,1.0,0.81,text+pincode,,,,d,3,,,hanuman_temple,hanuman_temple,near,latin
AD002649,T3,980304,T3-L02,1.0,0.844,text+pincode,,,,d,2,,,community_hall,community_hall,near,latin
AD002650,T2,970202,T2-L11,1.0,0.714,text+pincode,,,11,,,,,,,,latin
AD002651,T3,980304,T3-L02,1.0,0.912,text+pincode,,,,b,4,,,church,church,near,latin
AD002652,T3,980301,T3-L03,1.0,0.714,text+pincode,,,,a,3,,,milk_dairy,milk_dairy,near,latin
AD002653,T2,,T2-L07,1.0,0.714,text,,,11,,,,,post_office,post_office,behind,hi
AD002654,T3,980303,T3-L05,1.0,0.896,text+pincode,,,,b,5,,,bus_stop,bus_stop,near,latin
AD002655,T3,980301,T3-L06,1.0,0.833,text+pincode,,,,d,6,,,water_tank,water_tank,near,latin
AD002656,T3,980304,T3-L07,1.0,0.896,text+pincode,,,,e,6,,,petrol_bunk,petrol_bunk,near,latin
AD002657,T2,970202,T2-L11,1.0,0.714,text+pincode,,,1,,,11,,,,,latin
AD002658,T3,980301,T3-L03,1.0,0.714,text+pincode,,,,a,4,,,ration_shop,ration_shop,near,latin
AD002659,T3,980301,T3-L03,1.0,0.714,text+pincode,,,,e,6,,,medical_store,medical_store,near,latin
AD002660,T1,960101,T1-L09,1.0,0.714,text+pincode,12,2,,,,,,water_tank,water_tank,near,latin
AD002661,T2,970202,,0.286,0.0,,,,10,,,,,,,,latin
AD002662,T3,980301,T3-L01,1.0,0.833,text+pincode,,,,c,6,,,,,,latin
AD002663,T2,970202,T2-L01,1.0,0.714,text+pincode,,,8,,,11,,,,,latin
AD002664,T2,970202,T2-L11,1.0,0.714,text+pincode,,,3,,,,,,,,latin
AD002665,T2,970203,T2-L12,1.0,0.714,text,,,4,,,,,masjid,masjid,near,latin
AD002666,T3,980301,,0.104,0.0,,,,,d,4,,,water_tank,water_tank,behind,latin
AD002667,T3,980301,T3-L03,1.0,0.714,text+pincode,,,,a,6,,,govt_school,govt_school,near,latin
AD002668,T1,960104,T1-L05,1.0,0.878,text+pincode,,,,,,,,ganesha_temple,ganesha_temple,near,latin
AD002669,T2,,,0.286,0.0,,,,,,,,,,,,latin
AD002670,T2,970203,T2-L04,1.0,0.873,text+pincode,,,1,,,6,,,,,latin
AD002671,T2,970204,T2-L12,1.0,0.714,text+pincode,,,5,,,,,masjid,masjid,near,latin
AD002672,T1,960103,T1-L08,1.0,1.0,text+pincode,3,1,,,,,,park,park,opposite,latin
AD002673,T1,960102,T1-L11,1.0,0.714,text+pincode,4,3,,,,,,park,park,near,latin
AD002674,T3,980301,,0.143,0.0,,,,,e,6,,,govt_school,govt_school,near,latin
AD002675,T3,980304,T3-L02,1.0,0.848,text+pincode,,,,d,1,,,community_hall,community_hall,near,latin
AD002676,T3,980303,T3-L05,1.0,0.886,text+pincode,,,,e,2,,,ration_shop,ration_shop,near,latin
AD002678,T3,980301,T3-L01,1.0,0.833,text+pincode,,,,c,4,,,ganesha_temple,ganesha_temple,near,latin
AD002680,T3,980301,,0.132,0.06,,,,,c,3,,,ganesha_temple,ganesha_temple,near,latin
AD002681,T1,960102,T1-L11,1.0,0.714,text+pincode,12,2,,,,,,,,,latin
AD002682,T2,,T2-L08,1.0,0.714,text,,,1,,,,,ration_shop,ration_shop,near,latin
AD002683,T1,960102,T1-L04,1.0,0.896,text+pincode,11,8,,,,,,,,,latin
AD002684,T3,980301,T3-L06,1.0,0.833,text+pincode,,,,b,5,,,church,church,behind,latin
AD002685,T3,980303,T3-L05,1.0,0.873,text+pincode,,,,f,3,,,bus_stop,bus_stop,near,kn
AD002687,T1,960103,T1-L07,0.938,0.774,text+pincode,11,2,,,,,,govt_school,govt_school,near,latin
AD002688,T2,970202,T2-L11,1.0,0.714,text+pincode,,,3,,,11,,medical_store,medical_store,beside,latin
AD002689,T2,,T2-L05,1.0,0.714,text,,,10,,,,,govt_school,govt_school,near,latin
AD002690,T2,970202,T2-L11,1.0,0.714,text+pincode,,,,,,,,,,,latin
AD002691,T1,960102,,0.104,0.0,,10,7,,,,,,bus_stop,bus_stop,,latin
AD002692,T3,,T3-L11,1.0,0.714,text,,,,e,3,,,govt_school,govt_school,opposite,latin
AD002693,T2,970201,T2-L09,1.0,0.714,text+pincode,,,12,,,,,hanuman_temple,hanuman_temple,opposite,hi
AD002694,T2,970202,,0.286,0.0,,,,8,,,1,,post_office,post_office,near,hi
AD002695,T2,970203,T2-L06,1.0,0.714,text+pincode,,,8,,,,,,,,latin
AD002696,T3,980304,T3-L07,0.898,0.794,text+pincode,,,,b,2,,,masjid,masjid,near,latin
AD002697,T1,960103,T1-L07,1.0,0.868,text+pincode,,,,,,,,medical_store,medical_store,behind,latin
AD002698,T1,960104,T1-L10,1.0,0.714,text+pincode,2,7,,,,,,,,,latin
AD002699,T2,970202,T2-L02,1.0,0.714,text+pincode,,,1,,,,,,,,latin
AD002700,T3,980301,T3-L04,1.0,0.714,text+pincode,,,,a,4,,shanti kunj,church,church,near,latin
AD002701,T2,970203,,0.286,0.159,,,,9,,,,,petrol_bunk,petrol_bunk,near,latin
AD002702,T2,970202,T2-L01,1.0,0.714,text+pincode,,,5,,,1,,ganesha_temple,ganesha_temple,opposite,hi
AD002703,T2,970202,T2-L01,1.0,0.714,text+pincode,,,4,,,,,post_office,post_office,,latin
AD002704,T2,970202,T2-L02,1.0,0.714,text+pincode,,,8,,,,green view apartments,govt_school,govt_school,,latin
AD002705,T2,,T2-L03,1.0,0.714,text,,,12,,,3,,,,,latin
AD002706,T1,960102,T1-L03,1.0,0.896,text+pincode,11,6,,,,,,,,,latin
AD002707,T1,960102,,0.163,0.068,,3,2,,,,,,masjid,masjid,near,latin
AD002708,T3,980301,T3-L03,1.0,0.714,text+pincode,,,,a,6,,annapoorna nilaya,,,,latin
AD002709,T1,960102,T1-L11,1.0,0.714,text+pincode,3,2,,,,,,masjid,masjid,,latin
AD002710,T3,980301,T3-L04,1.0,0.714,text+pincode,,,,d,4,,,ganesha_temple,ganesha_temple,near,latin
AD002711,T1,960102,T1-L04,1.0,0.844,text+pincode,4,8,,,,,,ganesha_temple,ganesha_temple,near,latin
AD002712,T3,980304,T3-L11,1.0,0.714,text,,,,a,4,,,hanuman_temple,hanuman_temple,near,latin
AD002713,T3,,T3-L06,1.0,0.667,text,,,,e,2,,,,,,latin
AD002714,T3,980302,T3-L10,1.0,0.81,text+pincode,,,,c,1,,,,,,latin
AD002715,T1,,T1-L04,1.0,0.714,text,4,7,,,,,,ganesha_temple,ganesha_temple,near,latin
AD002716,T2,970201,,0.286,0.0,,,,1,,,,,bus_stop,bus_stop,near,latin
AD002717,T2,970202,T2-L10,0.959,0.673,text+pincode,,,,,,,,,,,latin
AD002718,T3,980304,T3-L02,1.0,0.912,text+pincode,,,,c,1,,,,,,latin
AD002719,T2,970201,T2-L09,1.0,0.714,text+pincode,,,11,,,9,,govt_school,govt_school,near,hi
AD002720,T3,980301,T3-L11,1.0,0.912,text+pincode,,,,,,,,masjid,masjid,near,latin
AD002721,T1,960104,T1-L10,1.0,0.714,text+pincode,1,8,,,,,,petrol_bunk,petrol_bunk,near,latin
AD002722,T3,980301,,0.114,0.0,,,,,,3,,,ration_shop,ration_shop,behind,latin
AD002723,T2,970201,T2-L05,1.0,0.714,text+pincode,,,4,,,,,,,,latin
AD002724,T2,970201,T2-L05,1.0,0.714,text+pincode,,,3,,,,,post_office,post_office,near,latin
AD002725,T2,970203,T2-L08,1.0,0.714,text+pincode,,,10,,,,,ganesha_temple,ganesha_temple,opposite,hi
AD002726,T2,970203,T2-L07,1.0,0.714,text+pincode,,,2,,,7,,,,,latin
AD002727,T1,,T1-L03,1.0,0.714,text,11,2,,,,,,ration_shop,ration_shop,behind,latin
AD002728,T2,970203,T2-L08,1.0,0.714,text+pincode,,,7,,,,,petrol_bunk,petrol_bunk,near,latin
AD002729,T1,960103,T1-L07,1.0,0.868,text+pincode,9,5,,,,,,,,,latin
AD002730,T3,980302,,0.19,0.119,,,,,f,4,,,masjid,masjid,near,latin
AD002731,T3,980303,T3-L09,1.0,1.0,text+pincode,,,,f,3,,,,,,latin
AD002732,T2,970204,T2-L12,1.0,0.714,text+pincode,,,,,,,,govt_school,govt_school,near,latin
AD002733,T2,970203,T2-L08,1.0,0.714,text+pincode,,,,,,,,ganesha_temple,ganesha_temple,near,latin
AD002734,T2,,T2-L08,1.0,0.714,text,,,6,,,,,community_hall,community_hall,near,latin
AD002735,T3,980304,T3-L05,1.0,0.81,text,,,,a,1,,,,,,latin
AD002736,T3,980304,T3-L12,1.0,0.857,text,,,,c,4,,,govt_school,govt_school,near,latin
AD002737,T3,980303,T3-L05,1.0,0.896,text+pincode,,,,,,,,bus_stop,bus_stop,near,latin
AD002738,T1,960104,T1-L05,1.0,0.896,text+pincode,4,1,,,,,,medical_store,medical_store,near,latin
AD002739,T3,980302,T3-L08,1.0,0.81,text+pincode,,,,,,,annapoorna nilaya,bus_stop,bus_stop,behind,latin
AD002740,T1,960104,T1-L01,1.0,0.714,text+pincode,10,7,,,,,,,,,latin
AD002741,T2,970202,T2-L02,1.0,0.714,text+pincode,,,5,,,,,govt_school,govt_school,near,latin
AD002742,T2,970202,T2-L01,1.0,0.714,text+pincode,,,12,,,,,medical_store,medical_store,opposite,hi
AD002743,T3,980301,T3-L04,1.0,0.714,text+pincode,,,,b,,,,ganesha_temple,ganesha_temple,near,latin
AD002744,T1,960103,T1-L08,1.0,1.0,text+pincode,4,1,,,,,,,,,latin
AD002746,T1,960102,T1-L11,1.0,0.714,text+pincode,4,3,,,,,,park,park,near,latin
AD002748,T2,970202,T2-L11,1.0,0.714,text+pincode,,,10,,,,,,,,latin
AD002749,T2,970201,T2-L09,1.0,0.714,text+pincode,,,3,,,,,masjid,masjid,near,hi
AD002750,T2,970203,T2-L08,1.0,0.714,text+pincode,,,7,,,,,park,park,near,latin
AD002751,T2,970203,T2-L06,1.0,0.714,text+pincode,,,3,,,,,community_hall,community_hall,near,hi
AD002752,T2,970203,T2-L07,1.0,0.714,text+pincode,,,1,,,7,,bus_stop,bus_stop,opposite,latin
AD002753,T3,980303,T3-L05,1.0,0.873,text+pincode,,,,f,4,,,bus_stop,bus_stop,near,latin
AD002754,T3,980301,T3-L02,1.0,0.667,text,,,,f,2,,sai residency,masjid,masjid,near,latin
AD002755,T3,980301,T3-L01,1.0,0.833,text+pincode,,,,b,6,,,hanuman_temple,hanuman_temple,near,latin
AD002756,T3,980304,,0.104,0.04,,,,,b,6,,,bus_stop,bus_stop,near,latin
AD002757,T1,,T1-L11,1.0,0.714,text,5,1,,,,,,masjid,masjid,near,latin
AD002758,T3,980302,T3-L06,1.0,0.81,text,,,,a,4,,,bus_stop,bus_stop,opposite,latin
AD002759,T3,980302,T3-L12,1.0,0.896,text+pincode,,,,d,1,,,,,,latin
AD002760,T3,980301,T3-L11,1.0,0.912,text+pincode,,,,b,6,,,masjid,masjid,,latin
AD002761,T3,980301,T3-L01,1.0,0.833,text+pincode,,,,,,,,petrol_bunk,petrol_bunk,near,latin
AD002762,T1,960104,T1-L05,1.0,0.896,text+pincode,3,2,,,,,,medical_store,medical_store,near,latin
AD002763,T2,970203,T2-L11,1.0,0.714,text,,,4,,,,,,,,latin
AD002764,T1,960102,T1-L04,1.0,0.896,text+pincode,3,2,,,,,shanti kunj,church,church,opposite,latin
AD002765,T1,960102,T1-L03,1.0,0.896,text+pincode,3,2,,,,,,,,,latin
AD002766,T1,960102,T1-L11,1.0,0.714,text+pincode,10,3,,,,,,ganesha_temple,ganesha_temple,behind,latin
AD002767,T1,960104,,0.156,0.0,,2,,,,,,lakshmi nilaya,,,,latin
AD002768,T3,980301,T3-L11,1.0,0.844,text+pincode,,,,f,5,,,medical_store,medical_store,near,latin
AD002769,T3,980303,T3-L09,1.0,1.0,text+pincode,,,,d,1,,,,,,latin
AD002770,T2,,T2-L05,1.0,0.714,text,,,5,,,5,,post_office,post_office,near,hi
AD002771,T1,960102,,0.163,0.092,,,,,,,,,masjid,masjid,near,latin
AD002772,T2,970202,T2-L10,1.0,0.714,text+pincode,,,10,,,10,,post_office,post_office,near,latin
AD002773,T1,960101,T1-L02,1.0,0.714,text+pincode,,,,,,,,,,,latin
AD002774,T1,960103,T1-L03,0.898,0.612,text,,,,,,,,church,church,near,latin
AD002775,T1,960102,T1-L04,1.0,0.844,text+pincode,12,7,,,,,,govt_school,govt_school,near,latin
AD002776,T3,980301,T3-L04,1.0,0.714,text+pincode,,,,,,,,water_tank,water_tank,near,latin
AD002777,T2,970203,T2-L07,1.0,0.714,text+pincode,,,1,,,7,,,,,hi
AD002778,T3,980304,T3-L02,1.0,0.912,text+pincode,,,,,,,,church,church,near,latin
AD002779,T1,960101,T1-L09,1.0,0.714,text+pincode,,,,,,,,govt_school,govt_school,near,latin
AD002781,T1,960102,T1-L11,1.0,0.714,text+pincode,2,8,,,,,,,,,latin
AD002782,T3,980302,T3-L12,1.0,0.896,text+pincode,,,,a,6,,,,,,latin
AD002783,T1,960102,T1-L11,1.0,0.714,text+pincode,,,,,,,,hanuman_temple,hanuman_temple,near,latin
AD002784,T2,970201,T2-L09,1.0,0.714,text+pincode,,,2,,,,,masjid,masjid,opposite,latin
AD002785,T3,980302,T3-L10,1.0,0.81,text+pincode,,,,d,1,,,,,,latin
AD002786,T3,980304,T3-L07,1.0,0.896,text+pincode,,,,,,,,milk_dairy,milk_dairy,near,latin
AD002787,T2,970201,T2-L01,1.0,0.714,text,,,2,,,1,,hanuman_temple,hanuman_temple,behind,latin
AD002788,T2,970203,T2-L08,1.0,0.714,text+pincode,,,3,,,,,community_hall,community_hall,opposite,hi
AD002789,T3,980304,T3-L07,1.0,0.857,text+pincode,,,,d,4,,,petrol_bunk,petrol_bunk,near,latin
AD002791,T3,,,0.19,0.087,,,,,d,1,,,,,,latin
AD002792,T1,,T1-L05,1.0,0.714,text,12,8,,,,,,masjid,masjid,near,latin
AD002793,T1,960104,,0.082,0.0,,3,4,,,,,,ganesha_temple,ganesha_temple,near,kn
AD002794,T2,970202,T2-L11,1.0,0.714,text+pincode,,,3,,,,,medical_store,medical_store,near,latin
AD002795,T1,960103,T1-L07,1.0,0.868,text+pincode,11,5,,,,,,church,church,opposite,latin
AD002796,T2,,,0.286,0.0,,,,12,,,,,,,,latin
AD002798,T2,970203,T2-L08,1.0,0.714,text+pincode,,,8,,,,,,,,latin
AD002799,T3,980303,T3-L05,1.0,0.873,text+pincode,,,,a,3,,sri krishna nivas,,,,latin
AD002800,T3,980301,T3-L01,1.0,0.833,text+pincode,,,,a,4,,,hanuman_temple,hanuman_temple,,latin
AD002801,T1,960101,T1-L12,1.0,0.924,text+pincode,3,1,,,,,,park,park,near,kn
AD002802,T1,960102,T1-L04,1.0,0.929,text+pincode,10,4,,,,,,ration_shop,ration_shop,opposite,latin
AD002803,T1,960101,T1-L12,1.0,0.878,text+pincode,2,7,,,,,,ganesha_temple,ganesha_temple,behind,latin
AD002804,T3,980302,T3-L02,1.0,0.714,text,,,,,,,,,,,latin
AD002806,T1,960102,T1-L11,1.0,0.714,text+pincode,12,3,,,,,,bus_stop,bus_stop,near,kn
AD002807,T1,960102,T1-L06,1.0,0.714,text+pincode,6,1,,,,,,ganesha_temple,ganesha_temple,behind,kn
AD002808,T1,960102,T1-L11,1.0,0.714,text+pincode,4,2,,,,,,masjid,masjid,near,latin
AD002809,T1,960102,T1-L06,1.0,0.714,text+pincode,,,,,,,,park,park,behind,kn
AD002811,T2,970204,T2-L03,1.0,0.714,text+pincode,,,,,,,,park,park,near,latin
AD002812,T1,960101,T1-L12,1.0,0.924,text+pincode,12,1,,,,,,bus_stop,bus_stop,near,latin
AD002813,T1,960104,T1-L05,1.0,0.81,text+pincode,3,4,,,,,,ganesha_temple,ganesha_temple,near,latin
AD002814,T1,960101,T1-L02,1.0,0.714,text+pincode,1,6,,,,,,milk_dairy,milk_dairy,near,latin
AD002815,T1,960102,,0.104,0.0,,10,5,,,,,,bus_stop,bus_stop,opposite,latin
AD002816,T3,980304,,0.101,0.029,,,,,e,5,,,masjid,masjid,near,latin
AD002817,T3,980302,T3-L08,1.0,0.81,text+pincode,,,,,,,,medical_store,medical_store,near,latin
AD002818,T1,960103,T1-L07,1.0,0.868,text+pincode,,,,,,,,medical_store,medical_store,opposite,latin
AD002819,T3,980302,,0.19,0.119,,,,,c,4,,,medical_store,medical_store,opposite,kn
AD002820,T2,970202,T2-L11,1.0,0.714,text+pincode,,,8,,,11,,ganesha_temple,ganesha_temple,near,hi
AD002821,T2,970202,T2-L11,1.0,0.714,text+pincode,,,5,,,11,,milk_dairy,milk_dairy,near,latin
AD002822,T3,980302,T3-L08,1.0,0.81,text+pincode,,,,e,6,,,,,,latin
AD002823,T2,970201,T2-L05,1.0,0.714,text+pincode,,,10,,,5,,,,,latin
AD002824,T2,970203,T2-L08,1.0,0.714,text+pincode,,,,,,,,bus_stop,bus_stop,opposite,latin
AD002825,T1,960102,T1-L04,1.0,0.886,text+pincode,5,4,,,,,green view apartments,church,church,near,latin
AD002826,T2,,T2-L12,1.0,0.714,text,,,5,,,12,,water_tank,water_tank,near,latin
AD002827,T1,960103,T1-L05,1.0,0.714,text,10,4,,,,,,community_hall,community_hall,near,latin
AD002828,T1,960104,,0.19,0.0,,1,2,,,,,,ganesha_temple,ganesha_temple,near,latin
AD002829,T3,980301,T3-L06,1.0,0.833,text+pincode,,,,f,4,,,,,,latin
AD002830,T3,,T3-L10,1.0,0.81,text,,,,b,6,,,water_tank,water_tank,behind,latin
AD002831,T2,970203,T2-L08,1.0,0.714,text+pincode,,,2,,,,,ration_shop,ration_shop,near,latin
AD002832,T2,970202,T2-L10,1.0,0.714,text+pincode,,,10,,,,,water_tank,water_tank,near,latin
AD002833,T2,970204,T2-L12,1.0,0.714,text+pincode,,,,,,,,,,,latin
AD002834,T2,970203,,0.286,0.13,,,,,,,,shanti kunj,ganesha_temple,ganesha_temple,near,latin
AD002835,T1,960102,T1-L11,1.0,0.714,text+pincode,,,,,,,,milk_dairy,milk_dairy,near,latin
AD002836,T1,960102,,0.156,0.052,,,,,,,,,ration_shop,ration_shop,near,latin
AD002837,T1,960104,T1-L04,1.0,0.714,text,3,4,,,,,,community_hall,community_hall,near,latin
AD002838,T2,970202,T2-L10,1.0,0.714,text+pincode,,,10,,,,,water_tank,water_tank,near,latin
AD002839,T2,970201,T2-L09,1.0,0.714,text+pincode,,,10,,,,,govt_school,govt_school,near,latin
AD002840,T1,960102,T1-L03,1.0,0.918,text+pincode,9,3,,,,,,,,,latin
AD002841,T1,960102,T1-L06,1.0,0.714,text+pincode,11,8,,,,,,petrol_bunk,petrol_bunk,near,kn
AD002842,T2,970201,T2-L09,1.0,0.714,text+pincode,,,11,,,,,govt_school,govt_school,near,latin
AD002843,T2,970201,T2-L09,1.0,0.714,text+pincode,,,5,,,,,,,,latin
AD002844,T2,970202,T2-L01,1.0,0.714,text+pincode,,,,,,,,,,,latin
AD002845,T1,960101,T1-L09,1.0,0.714,text+pincode,3,2,,,,,,,,,latin
AD002846,T1,960103,T1-L08,1.0,1.0,text+pincode,11,3,,,,,,,,,latin
AD002847,T3,980302,T3-L08,1.0,0.81,text+pincode,,,,c,1,,,medical_store,medical_store,opposite,latin
AD002848,T3,980302,T3-L08,1.0,0.81,text+pincode,,,,e,1,,,govt_school,govt_school,near,latin
AD002849,T2,970202,T2-L11,1.0,0.714,text+pincode,,,2,,,,ganga apartments,medical_store,medical_store,opposite,hi
AD002850,T1,960103,T1-L07,1.0,0.868,text+pincode,12,8,,,,,,,,,latin
AD002851,T2,970201,T2-L09,0.898,0.612,text+pincode,,,8,,,,,hanuman_temple,hanuman_temple,,latin
AD002852,T3,980304,T3-L02,1.0,0.896,text+pincode,,,,c,3,,,water_tank,water_tank,near,latin
AD002853,T2,970204,T2-L12,1.0,0.714,text+pincode,,,5,,,12,,,,,latin
AD002854,T2,970202,T2-L11,1.0,0.714,text+pincode,,,5,,,11,,church,church,near,latin
AD002855,T1,960103,T1-L08,1.0,1.0,text+pincode,7,8,,,,,,masjid,masjid,near,kn
AD002856,T1,960102,,0.152,0.0,,,,,,,,,community_hall,community_hall,near,latin
AD002857,T3,980302,T3-L08,1.0,0.81,text+pincode,,,,c,2,,,water_tank,water_tank,near,latin
AD002858,T1,960102,T1-L04,1.0,0.896,text+pincode,8,8,,,,,,,,,latin
AD002859,T2,970203,T2-L08,1.0,0.714,text+pincode,,,,,,,,,,,latin
AD002860,T3,980303,T3-L05,1.0,0.896,text+pincode,,,,c,5,,,church,church,near,kn
AD002861,T1,960103,T1-L07,1.0,0.868,text+pincode,10,3,,,,,,govt_school,govt_school,near,latin
AD002862,T3,980302,T3-L10,1.0,0.81,text+pincode,,,,f,2,,,masjid,masjid,near,latin
AD002863,T3,980301,T3-L11,1.0,0.844,text+pincode,,,,e,5,,,medical_store,medical_store,near,latin
AD002864,T3,980301,,0.104,0.037,,,,,d,5,,,hanuman_temple,hanuman_temple,opposite,latin
AD002865,T3,980301,T3-L06,1.0,0.833,text+pincode,,,,d,1,,,milk_dairy,milk_dairy,,latin
AD002866,T3,980303,T3-L05,1.0,0.873,text+pincode,,,,f,3,,,hanuman_temple,hanuman_temple,near,latin
AD002867,T3,980304,T3-L07,1.0,0.896,text+pincode,,,,,,,,petrol_bunk,petrol_bunk,near,latin
AD002868,T1,960101,T1-L12,1.0,0.896,text+pincode,9,7,,,,,,govt_school,govt_school,near,latin
AD002869,T3,980301,T3-L03,1.0,0.714,text+pincode,,,,d,1,,,ration_shop,ration_shop,behind,latin
AD002870,T2,970202,T2-L11,1.0,0.714,text+pincode,,,4,,,,,,,,hi
AD002871,T3,980302,T3-L08,1.0,0.81,text+pincode,,,,a,4,,,,,,latin
AD002872,T2,970203,T2-L06,1.0,0.714,text+pincode,,,2,,,,,milk_dairy,milk_dairy,near,latin
AD002873,T3,980301,T3-L06,0.985,0.833,text+pincode,,,,b,1,,,church,church,,latin
AD002874,T3,980303,T3-L05,1.0,0.873,text+pincode,,,,a,2,,,,,,latin
AD002875,T1,,T1-L03,1.0,0.714,text,11,8,,,,,,govt_school,govt_school,near,latin
AD002876,T1,960102,T1-L04,1.0,0.896,text+pincode,2,2,,,,,,community_hall,community_hall,near,latin
AD002877,T3,980301,T3-L03,1.0,0.714,text+pincode,,,,e,2,,sai complex,water_tank,water_tank,behind,latin
AD002878,T2,970202,T2-L10,1.0,0.714,text+pincode,,,12,,,,,,,,latin
AD002879,T2,970202,T2-L10,1.0,0.714,text+pincode,,,3,,,10,,,,,latin
AD002880,T3,980304,T3-L02,1.0,0.896,text+pincode,,,,b,5,,,,,,latin
AD002881,T1,960103,,0.104,0.104,,12,3,,,,,,bus_stop,bus_stop,near,latin
AD002882,T1,960102,,0.156,0.013,,4,5,,,,,lakshmi nilaya,church,church,,latin
AD002883,T1,960102,T1-L04,1.0,0.896,text+pincode,4,7,,,,,ganga apartments,ganesha_temple,ganesha_temple,near,latin
AD002884,T3,980301,T3-L11,1.0,0.912,text+pincode,,,,e,5,,,,,,latin
AD002886,T1,960102,T1-L04,1.0,0.896,text+pincode,3,7,,,,,,ganesha_temple,ganesha_temple,near,latin
AD002887,T1,960103,T1-L08,1.0,1.0,text+pincode,,,,,,,,masjid,masjid,near,latin
AD002888,T2,970203,T2-L06,1.0,0.714,text+pincode,,,12,,,6,,ration_shop,ration_shop,near,latin
AD002889,T3,980303,T3-L05,1.0,0.873,text+pincode,,,,c,1,,,church,church,behind,latin
AD002890,T3,980304,,0.156,0.013,,,,,c,3,,,bus_stop,bus_stop,near,latin
AD002891,T3,980302,T3-L08,1.0,0.81,text+pincode,,,,d,3,,,bus_stop,bus_stop,near,latin
AD002892,T3,980304,T3-L07,1.0,0.896,text+pincode,,,,f,3,,green view apartments,,,,latin
AD002893,T2,970202,T2-L11,1.0,0.714,text+pincode,,,1,,,11,,medical_store,medical_store,near,latin
AD002894,T3,980303,T3-L09,1.0,1.0,text+pincode,,,,b,1,,,bus_stop,bus_stop,near,latin
AD002896,T3,,T3-L08,1.0,0.714,text,,,,f,6,,,masjid,masjid,behind,latin
AD002898,T3,980304,T3-L11,1.0,0.667,text,,,,d,3,,,,,,latin
AD002899,T2,970203,T2-L06,1.0,0.714,text+pincode,,,9,,,6,,post_office,post_office,behind,hi
AD002900,T3,980302,T3-L10,1.0,0.81,text+pincode,,,,f,6,,,,,,latin
AD002901,T3,980302,T3-L08,1.0,0.81,text+pincode,,,,a,3,,,ration_shop,ration_shop,near,latin
AD002902,T3,,T3-L02,1.0,0.667,text,,,,c,5,,,,,,latin
AD002903,T3,980304,T3-L07,1.0,0.896,text+pincode,,,,f,3,,,,,,latin
AD002904,T1,960102,T1-L11,1.0,0.714,text+pincode,4,7,,,,,,,,,latin
AD002905,T3,980302,T3-L08,1.0,0.81,text+pincode,,,,f,1,,,medical_store,medical_store,near,latin
AD002906,T2,970201,T2-L09,1.0,0.714,text+pincode,,,5,,,9,,medical_store,medical_store,near,latin
AD002907,T2,970203,T2-L08,1.0,0.714,text+pincode,,,,,,,,ration_shop,ration_shop,near,latin
AD002908,T1,960102,T1-L11,1.0,0.714,text+pincode,6,5,,,,,,hanuman_temple,hanuman_temple,,latin
AD002910,T1,960101,T1-L12,0.929,0.833,text+pincode,12,2,,,,,,bus_stop,bus_stop,near,latin
AD002911,T1,960102,T1-L11,1.0,0.714,text+pincode,7,5,,,,,,community_hall,community_hall,behind,latin
AD002912,T2,970203,,0.286,0.143,,,,6,,,6,,bus_stop,bus_stop,opposite,latin
AD002913,T2,970204,T2-L12,1.0,0.714,text+pincode,,,10,,,,,,,,latin
AD002914,T1,960101,T1-L05,1.0,0.714,text,1,3,,,,,,park,park,,latin
AD002915,T2,970201,T2-L09,1.0,0.714,text+pincode,,,,,,,,bus_stop,bus_stop,,latin
AD002916,T3,980301,T3-L11,1.0,0.896,text+pincode,,,,b,4,,,petrol_bunk,petrol_bunk,near,latin
AD002917,T1,960101,T1-L02,1.0,0.714,text+pincode,10,7,,,,,,church,church,near,latin
AD002918,T1,960102,T1-L11,1.0,0.714,text+pincode,,,,,,,,park,park,near,latin
AD002920,T1,960102,T1-L11,1.0,0.714,text+pincode,1,5,,,,,,,,,latin
AD002921,T3,980304,T3-L07,1.0,0.896,text+pincode,,,,a,2,,,,,,latin
AD002922,T1,960102,T1-L04,1.0,0.844,text+pincode,11,5,,,,,,govt_school,govt_school,near,latin
AD002923,T1,,T1-L11,1.0,0.714,text,3,2,,,,,,,,,latin
AD002924,T1,960102,T1-L06,1.0,0.714,text+pincode,11,1,,,,,,ration_shop,ration_shop,behind,latin
AD002925,T1,960102,T1-L11,1.0,0.714,text+pincode,8,2,,,,,,community_hall,community_hall,near,latin
AD002926,T3,980301,T3-L01,1.0,0.833,text+pincode,,,,a,1,,,,,,latin
AD002927,T3,980301,,0.104,0.037,,,,,,,,,bus_stop,bus_stop,opposite,latin
AD002928,T1,960102,T1-L04,1.0,0.929,text+pincode,4,8,,,,,,ganesha_temple,ganesha_temple,near,latin
AD002929,T1,960102,T1-L03,1.0,0.896,text+pincode,1,6,,,,,,hanuman_temple,hanuman_temple,near,kn
AD002930,T2,970204,T2-L03,1.0,0.714,text+pincode,,,3,,,,,water_tank,water_tank,beside,latin
AD002931,T2,970202,T2-L10,1.0,0.714,text+pincode,,,11,,,10,,ganesha_temple,ganesha_temple,near,latin
AD002932,T3,980301,T3-L11,1.0,0.912,text+pincode,,,,d,1,,,hanuman_temple,hanuman_temple,opposite,latin
AD002933,T3,980302,T3-L08,1.0,0.81,text+pincode,,,,e,3,,,ganesha_temple,ganesha_temple,near,latin
AD002934,T3,980302,,0.19,0.133,,,,,,,,,church,church,near,latin
AD002935,T3,980301,T3-L11,0.959,0.871,text+pincode,,,,e,3,,,,,,latin
AD002936,T2,970203,T2-L08,1.0,0.714,text+pincode,,,11,,,,,,,,latin
AD002938,T1,,T1-L08,1.0,0.714,text,,,,,,,,park,park,near,latin
AD002939,T3,980304,T3-L07,1.0,0.896,text+pincode,,,,,,,,,,,latin
AD002940,T1,960101,T1-L12,1.0,0.924,text+pincode,12,5,,,,,,,,,latin
AD002941,T1,,T1-L04,1.0,0.714,text,12,6,,,,,,govt_school,govt_school,near,kn
AD002942,T2,970203,T2-L07,1.0,0.714,text+pincode,,,9,,,,,,,,latin
AD002943,T3,980301,T3-L06,1.0,0.833,text+pincode,,,,f,4,,,,,,latin
AD002944,T3,980304,T3-L06,1.0,0.81,text,,,,e,2,,,,,,latin
AD002945,T2,,T2-L06,1.0,0.714,text,,,1,,,,,community_hall,community_hall,near,latin
AD002947,T2,,T2-L02,1.0,0.714,text,,,10,,,,,,,,latin
AD002948,T2,970202,T2-L10,1.0,0.714,text+pincode,,,,,,,,ganesha_temple,ganesha_temple,behind,latin
AD002949,T2,970202,T2-L02,1.0,0.714,text+pincode,,,,,,,,,,,latin
AD002950,T1,,T1-L02,1.0,0.714,text,,,,,,,,water_tank,water_tank,behind,latin
AD002952,T1,,T1-L06,1.0,0.714,text,,,,,,,,milk_dairy,milk_dairy,,latin
AD002953,T2,970202,,0.286,0.0,,,,1,,,10,,bus_stop,bus_stop,near,hi
AD002954,T1,960101,T1-L02,1.0,0.714,text+pincode,4,6,,,,,,water_tank,water_tank,behind,latin
AD002955,T1,960102,,0.104,0.0,,1,3,,,,,,masjid,masjid,,latin
AD002956,T3,980301,T3-L06,1.0,0.833,text+pincode,,,,d,2,,,milk_dairy,milk_dairy,opposite,latin
AD002957,T2,,T2-L01,1.0,0.714,text,,,12,,,1,,,,,latin
AD002958,T2,970203,,0.286,0.143,,,,4,,,,,bus_stop,bus_stop,near,latin
AD002959,T3,980301,T3-L06,1.0,0.833,text+pincode,,,,c,4,,,masjid,masjid,opposite,latin
AD002960,T3,980301,T3-L11,1.0,0.857,text+pincode,,,,e,2,,,govt_school,govt_school,beside,latin
AD002961,T2,970203,T2-L08,1.0,0.714,text+pincode,,,5,,,,,park,park,near,latin
AD002962,T2,970203,T2-L08,1.0,0.714,text+pincode,,,12,,,,lakshmi nilaya,,,,latin
AD002964,T3,980304,T3-L07,0.945,0.841,text+pincode,,,,d,6,,,,,,latin
AD002965,T1,960101,T1-L12,1.0,0.905,text+pincode,11,1,,,,,,bus_stop,bus_stop,near,latin
AD002966,T2,970203,T2-L08,1.0,0.714,text+pincode,,,2,,,8,,community_hall,community_hall,opposite,hi
AD002967,T1,960104,T1-L05,1.0,0.896,text+pincode,2,2,,,,,,medical_store,medical_store,,latin
AD002968,T3,980303,T3-L05,1.0,0.886,text+pincode,,,,f,3,,,hanuman_temple,hanuman_temple,near,latin
AD002969,T3,980301,T3-L12,1.0,0.857,text,,,,,,,,,,,latin
AD002970,T3,980301,T3-L04,1.0,0.714,text+pincode,,,,a,1,,,church,church,near,latin
AD002971,T2,970202,T2-L10,1.0,0.714,text+pincode,,,,,,,,masjid,masjid,behind,hi
AD002972,T2,970203,T2-L04,1.0,0.792,text+pincode,,,5,,,,,community_hall,community_hall,,latin
AD002973,T2,970202,,0.286,0.0,,,,6,,,11,,govt_school,govt_school,,latin
AD002974,T2,970202,T2-L11,0.857,0.571,text+pincode,,,9,,,,,church,church,behind,latin
AD002975,T2,970203,T2-L04,1.0,0.873,text+pincode,,,7,,,,,,,,latin
AD002976,T2,970202,T2-L11,1.0,0.714,text+pincode,,,12,,,,,community_hall,community_hall,near,latin
AD002977,T3,980301,T3-L01,1.0,0.833,text+pincode,,,,b,5,,,,,,latin
AD002978,T1,960102,T1-L11,1.0,0.714,text+pincode,,,,,,,,hanuman_temple,hanuman_temple,behind,latin
AD002979,T1,,,0.082,0.0,,,,,,,,,govt_school,govt_school,behind,kn
AD002980,T1,960102,T1-L04,1.0,0.896,text+pincode,3,6,,,,,,,,,latin
AD002981,T3,980303,T3-L05,1.0,0.873,text+pincode,,,,f,2,,,hanuman_temple,hanuman_temple,near,latin
AD002982,T3,980302,T3-L10,1.0,0.81,text+pincode,,,,a,4,,,milk_dairy,milk_dairy,opposite,latin
AD002983,T1,960104,,0.082,0.0,,2,4,,,,,,bus_stop,bus_stop,near,latin
AD002984,T2,970203,T2-L08,1.0,0.714,text+pincode,,,8,,,,,,,,latin
AD002986,T3,980303,T3-L05,1.0,0.886,text+pincode,,,,b,3,,,,,,latin
AD002987,T1,960102,T1-L04,1.0,0.896,text+pincode,3,4,,,,,,community_hall,community_hall,near,latin
AD002988,T3,980302,T3-L10,1.0,0.821,text+pincode,,,,a,1,,,,,,latin
AD002989,T3,980304,T3-L07,1.0,0.896,text+pincode,,,,d,2,,,,,,latin
AD002990,T3,980301,T3-L03,1.0,0.714,text+pincode,,,,d,,,,,,,latin
AD002991,T1,960102,T1-L11,1.0,0.714,text+pincode,5,2,,,,,,park,park,near,latin
AD002992,T2,970201,T2-L09,1.0,0.714,text+pincode,,,3,,,9,,masjid,masjid,near,latin
AD002993,T1,960102,T1-L04,1.0,0.896,text+pincode,11,1,,,,,,hanuman_temple,hanuman_temple,opposite,latin
AD002994,T1,960101,T1-L09,1.0,0.714,text+pincode,,,,,,,,bus_stop,bus_stop,near,latin
AD002995,T1,960102,T1-L03,1.0,0.837,text+pincode,12,4,,,,,,ration_shop,ration_shop,near,latin
AD002996,T1,960101,T1-L12,1.0,0.924,text+pincode,5,2,,,,,,community_hall,community_hall,near,latin
AD002997,T3,980302,T3-L10,1.0,0.81,text+pincode,,,,,,,,hanuman_temple,hanuman_temple,near,latin
AD002999,T2,,T2-L03,1.0,0.714,text,,,5,,,,,,,,latin
AD003000,T1,960102,T1-L03,1.0,0.896,text+pincode,1,7,,,,,,ration_shop,ration_shop,near,kn
AD003002,T2,970202,T2-L11,1.0,0.714,text+pincode,,,8,,,,,ganesha_temple,ganesha_temple,near,hi
AD003003,T2,970202,,0.286,0.0,,,,,,,,,,,,latin
AD003004,T1,960102,T1-L11,1.0,0.714,text+pincode,,,,,,,,milk_dairy,milk_dairy,near,latin
AD003005,T1,960101,,0.076,0.0,,,,,,,,,bus_stop,bus_stop,opposite,kn
AD003006,T1,,T1-L04,1.0,0.714,text,,,,,,,,ganesha_temple,ganesha_temple,near,kn
AD003007,T2,970203,T2-L08,1.0,0.714,text+pincode,,,,,,,,govt_school,govt_school,near,latin
AD003008,T2,970202,T2-L02,1.0,0.714,text+pincode,,,5,,,,,,,,latin
AD003009,T3,,T3-L02,1.0,0.714,text,,,,f,5,,,hanuman_temple,hanuman_temple,near,latin
AD003010,T1,960101,T1-L02,1.0,0.714,text+pincode,7,4,,,,,,,,,latin
AD003011,T1,960102,T1-L06,1.0,0.714,text+pincode,11,2,,,,,,ration_shop,ration_shop,near,latin
AD003012,T3,980301,T3-L11,1.0,0.912,text+pincode,,,,a,2,,,,,,latin
AD003013,T2,970202,T2-L11,1.0,0.714,text+pincode,,,1,,,,,medical_store,medical_store,near,latin
AD003014,T2,970203,T2-L06,1.0,0.714,text+pincode,,,7,,,6,,park,park,near,latin
AD003015,T2,970203,T2-L08,1.0,0.714,text+pincode,,,,,,,,ration_shop,ration_shop,opposite,latin
AD003016,T1,960103,T1-L08,1.0,1.0,text+pincode,1,4,,,,,,masjid,masjid,near,kn
AD003017,T2,970202,T2-L10,1.0,0.714,text+pincode,,,,,,,,,,,latin
AD003018,T2,970203,T2-L08,1.0,0.714,text+pincode,,,3,,,,,medical_store,medical_store,near,latin
AD003019,T2,970203,T2-L08,1.0,0.714,text+pincode,,,6,,,,,,,,latin
AD003020,T1,960104,T1-L07,1.0,0.0,text,10,3,,,,,,,,,latin
AD003022,T3,,T3-L08,1.0,0.714,text,,,,a,1,,,church,church,near,latin
AD003024,T2,970203,T2-L08,1.0,0.714,text+pincode,,,7,,,,,,,,latin
AD003025,T2,970201,T2-L11,1.0,0.714,text,,,3,,,11,,,,,latin
AD003026,T1,960102,T1-L11,1.0,0.714,text+pincode,4,6,,,,,,ration_shop,ration_shop,near,latin
AD003027,T1,960103,T1-L08,1.0,1.0,text+pincode,,,,,,,,medical_store,medical_store,near,latin
AD003028,T1,960104,T1-L05,1.0,0.878,text+pincode,6,6,,,,,,ganesha_temple,ganesha_temple,near,latin
AD003029,T3,980301,T3-L11,1.0,0.912,text+pincode,,,,d,1,,,,,,latin
AD003030,T1,960102,T1-L11,1.0,0.714,text+pincode,,,,,,,green view apartments,community_hall,community_hall,near,latin
AD003031,T1,960101,,0.076,0.0,,9,5,,,,,,bus_stop,bus_stop,near,latin
AD003032,T2,970202,T2-L10,1.0,0.714,text+pincode,,,10,,,,,post_office,post_office,near,hi
AD003034,T3,980302,T3-L08,0.978,0.788,text+pincode,,,,f,3,,,water_tank,water_tank,near,latin
AD003035,T1,960103,T1-L08,1.0,1.0,text+pincode,,,,,,,,bus_stop,bus_stop,near,latin
AD003036,T1,960103,T1-L08,1.0,1.0,text+pincode,9,4,,,,,,medical_store,medical_store,near,latin
AD003037,T2,970203,T2-L06,1.0,0.714,text+pincode,,,6,,,,,post_office,post_office,near,latin
AD003038,T2,970203,T2-L06,1.0,0.714,text+pincode,,,,,,,,park,park,behind,hi
AD003039,T3,,T3-L07,1.0,0.714,text,,,,,,,,,,,latin
AD003040,T2,970201,T2-L05,1.0,0.714,text+pincode,,,5,,,5,,,,,latin
AD003041,T1,960104,T1-L03,1.0,0.714,text,7,1,,,,,,ganesha_temple,ganesha_temple,near,latin
AD003042,T1,960103,T1-L03,1.0,0.714,text,10,6,,,,,,,,,latin
AD003043,T1,960103,T1-L07,1.0,0.868,text+pincode,10,6,,,,,,church,church,near,kn
AD003044,T2,970202,T2-L11,1.0,0.714,text+pincode,,,1,,,11,,masjid,masjid,opposite,latin
AD003045,T2,970202,T2-L10,1.0,0.714,text+pincode,,,9,,,,,ganesha_temple,ganesha_temple,opposite,latin
AD003046,T3,,T3-L01,0.962,0.772,text,,,,a,3,,,hanuman_temple,hanuman_temple,near,latin
AD003047,T3,980301,T3-L01,1.0,0.833,text+pincode,,,,e,2,,,,,,latin
AD003048,T1,,T1-L09,1.0,0.714,text,12,2,,,,,,,,,latin
AD003049,T1,960101,T1-L09,1.0,0.714,text+pincode,7,1,,,,,,water_tank,water_tank,near,latin
AD003050,T2,970203,T2-L08,1.0,0.714,text+pincode,,,,,,,,bus_stop,bus_stop,near,hi
AD003051,T1,960102,T1-L11,1.0,0.714,text+pincode,4,4,,,,,,hanuman_temple,hanuman_temple,near,latin
AD003052,T2,970202,T2-L01,1.0,0.714,text+pincode,,,4,,,,,,,,latin
AD003053,T1,960102,T1-L11,1.0,0.714,text+pincode,,8,,,,,green view apartments,ration_shop,ration_shop,near,latin
AD003054,T1,960104,T1-L01,1.0,0.714,text+pincode,11,8,,,,,,,,,latin
AD003055,T3,980303,T3-L05,1.0,0.896,text+pincode,,,,f,6,,,,,,latin
AD003056,T1,960101,,0.082,0.0,,7,7,,,,,,,,,latin
AD003057,T2,970204,T2-L12,1.0,0.714,text+pincode,,,4,,,,,masjid,masjid,near,latin
AD003058,T2,970204,T2-L12,1.0,0.714,text+pincode,,,7,,,,,petrol_bunk,petrol_bunk,near,latin
AD003059,T1,960102,T1-L11,1.0,0.714,text+pincode,7,8,,,,,,ration_shop,ration_shop,near,latin
AD003060,T2,970203,T2-L08,1.0,0.714,text+pincode,,,,,,8,,govt_school,govt_school,near,latin
AD003062,T2,970202,T2-L02,1.0,0.714,text+pincode,,,8,,,2,,ration_shop,ration_shop,behind,latin
AD003063,T3,980302,T3-L08,1.0,0.81,text+pincode,,,,e,4,,,,,,latin
AD003064,T3,980302,T3-L10,1.0,0.81,text+pincode,,,,e,3,,,ration_shop,ration_shop,near,latin
AD003065,T2,970203,T2-L08,1.0,0.714,text+pincode,,,,,,,,park,park,near,latin
AD003066,T2,970202,T2-L10,1.0,0.714,text+pincode,,,7,,,,,post_office,post_office,opposite,latin
AD003067,T2,,T2-L11,1.0,0.714,text,,,12,,,,,community_hall,community_hall,near,latin
AD003068,T2,970201,T2-L09,1.0,0.714,text+pincode,,,,,,,,church,church,behind,hi
AD003069,T2,970203,T2-L07,1.0,0.714,text+pincode,,,3,,,,,masjid,masjid,near,latin
AD003070,T2,970203,T2-L04,1.0,0.844,text+pincode,,,3,,,,,ration_shop,ration_shop,behind,latin
AD003071,T3,,T3-L11,0.881,0.595,text,,,,b,3,,,govt_school,govt_school,near,latin
AD003072,T3,,T3-L03,1.0,0.714,text,,,,b,5,,,,,,latin
AD003073,T1,960102,,0.104,0.0,,9,7,,,,,,,,,latin
AD003074,T2,970202,,0.286,0.0,,,,,,,,,,,,latin
AD003075,T3,980301,T3-L03,1.0,0.714,text+pincode,,,,,,,,ganesha_temple,ganesha_temple,near,latin
AD003076,T3,980302,T3-L03,1.0,0.714,text,,,,a,2,,,church,church,near,latin
AD003077,T2,970202,T2-L10,1.0,0.714,text+pincode,,,6,,,,,,,,latin
AD003078,T2,970203,T2-L06,1.0,0.714,text+pincode,,,,,,,,water_tank,water_tank,near,latin
AD003080,T3,980302,T3-L08,1.0,0.81,text+pincode,,,,e,5,,,ganesha_temple,ganesha_temple,near,latin
AD003081,T2,970202,T2-L01,1.0,0.714,text+pincode,,,1,,,,lakshmi nilaya,,,,latin
AD003082,T2,970203,T2-L06,1.0,0.714,text+pincode,,,9,,,,,medical_store,medical_store,beside,hi
AD003083,T1,960101,T1-L02,1.0,0.714,text+pincode,,,,,,,,,,,latin
AD003084,T1,960104,T1-L01,1.0,0.714,text+pincode,3,6,,,,,,,,,latin
AD003085,T1,960102,T1-L11,1.0,0.714,text+pincode,11,8,,,,,sai complex,,,,latin
AD003086,T3,980302,T3-L08,1.0,0.81,text+pincode,,,,d,3,,,,,,latin
AD003087,T2,970204,T2-L10,1.0,0.714,text,,,,,,,,water_tank,water_tank,behind,latin
AD003088,T3,980303,T3-L10,1.0,0.667,text,,,,e,4,,,ration_shop,ration_shop,beside,latin
AD003090,T1,960102,T1-L04,1.0,0.896,text+pincode,7,6,,,,,,community_hall,community_hall,near,latin
AD003092,T2,970203,T2-L04,1.0,0.893,text+pincode,,,1,,,,annapoorna nilaya,,,,hi
AD003094,T1,960102,T1-L03,1.0,0.896,text+pincode,6,2,,,,,,ganesha_temple,ganesha_temple,beside,latin
AD003096,T1,960104,T1-L10,1.0,0.714,text+pincode,9,2,,,,,,,,,latin
AD003098,T2,970203,T2-L08,1.0,0.714,text+pincode,,,,,,,shanti kunj,petrol_bunk,petrol_bunk,near,latin
AD003099,T1,960102,T1-L11,1.0,0.714,text+pincode,6,4,,,,,,park,park,opposite,latin
AD003100,T1,960102,T1-L03,1.0,0.837,text+pincode,,4,,,,,,govt_school,govt_school,near,latin
AD003102,T1,,T1-L04,1.0,0.714,text,6,7,,,,,,,,,latin
AD003104,T2,970204,T2-L12,1.0,0.714,text+pincode,,,10,,,,,petrol_bunk,petrol_bunk,opposite,latin
AD003105,T3,980304,T3-L02,1.0,0.912,text+pincode,,,,f,1,,,water_tank,water_tank,near,latin
AD003106,T2,970202,T2-L02,1.0,0.714,text+pincode,,,10,,,2,,,,,latin
AD003107,T1,960102,,0.104,0.0,,6,3,,,,,,bus_stop,bus_stop,near,latin
AD003110,T1,960101,T1-L12,1.0,0.924,text+pincode,12,8,,,,,,,,,latin
AD003111,T3,980304,T3-L02,1.0,0.896,text+pincode,,,,b,3,,,church,church,near,latin
AD003113,T1,960104,T1-L05,1.0,0.896,text+pincode,3,5,,,,,,ganesha_temple,ganesha_temple,near,latin
AD003115,T2,970202,T2-L01,0.952,0.667,text+pincode,,,,,,,,hanuman_temple,hanuman_temple,opposite,latin
AD003117,T1,960102,,0.104,0.0,,1,8,,,,,,,,,latin
