address_id,pin_x,pin_y,raw_spread,method_used,clues_used,locality_used,n_locality_hyp,err_model,err_old,precision
AD000001,1210.2610248383403,-201.1607184882102,61.676192395819825,street_grid,"grid,baseline,cm",T1-L03,1,22.173036061921042,107.17509038951168,street
AD000002,-2655.9929683174796,-2082.832103447062,123.82863335941506,baseline,baseline,T1-L09,1,201.92053767945268,211.51938445447482,street
AD000009,3038.322421481485,-2311.4748753579092,60.82427562815602,street_grid,"grid,baseline,cm",T1-L11,1,38.784703813016286,130.95193774816767,street
AD000012,-707.5736387702649,-647.6419393432726,101.64380049744474,baseline,"baseline,grid,lm,poi",T2-L09,1,113.97773488478914,121.35588160447766,street
AD000015,1194.0400100705817,-184.31894858062688,317.39031091583496,landmark_group,"lm,baseline,loccent",T1-L03,1,15.762243722113922,116.50450635061293,locality
AD000016,823.4011175719663,2439.2162981296224,108.29150390426388,baseline,"baseline,grid",T2-L08,1,82.55944790667608,111.18507094030208,street
AD000017,-891.4837288845223,2953.6549367870366,147.94139459572534,baseline,"baseline,grid,poi",T2-L03,1,158.44915096983482,118.97298012574113,street
AD000018,672.5944043432589,2419.6360961787677,55.29509737544335,street_grid,grid,T1-L07,1,35.18166778229088,298.2639099857708,locality
AD000019,-2957.22978808054,-17.28401803484377,73.07451541912175,street_key,"br,grid,poi",T3-L06,1,218.97474945132987,802.0292388685091,locality
AD000023,-2974.693455956223,4.74503640610156,102.20502674734094,street_key,"br,grid",T3-L06,1,32.16259916815908,382.0867440778339,locality
AD000027,1068.7135895220604,2754.2084222005624,818.6690540855453,baseline,"baseline,loccent,locgrp",T2-L08,1,228.10050511465568,317.81283800375337,locality
AD000030,2790.322220665492,-1809.317547200867,63.69361334284735,street_grid,"grid,baseline,cm",T1-L11,1,180.93941342074692,151.35712735117576,street
AD000031,3066.9130678922647,-2314.8301267617785,198.18508047155908,landmark_group,"lm,poi",T3-L10,1,169.3454538354704,447.7843454164069,locality
AD000032,1574.877410260477,-1834.0354846142125,184.4756267244212,street_grid,"grid,lm",T2-L11,1,195.24165467214493,372.7278095339816,locality
AD000037,1591.4165528795074,-1805.720806764687,1494.3943660727236,locality_centroid,"loccent,baseline,locgrp",T1-L03,4,1771.1755669822535,1392.3643668235698,pincode
AD000039,-474.4744825290698,2545.9739211502597,141.2900968167382,baseline,"baseline,poi",T2-L03,1,103.47343719523234,148.32548668384675,street
AD000040,-758.747818555384,-3388.8111673490343,190.14855505498295,street_grid,grid,T1-L02,1,1657.827279363107,1831.3617501738972,locality
AD000041,-631.8213842070694,-1100.4515830283465,57.67515789339375,street_grid,"grid,baseline",T1-L12,1,167.702130440879,263.0009315572856,street
AD000043,3979.171595813623,720.8085715729926,88.97231188828106,street_grid,"grid,baseline",T3-L05,1,52.11823539598179,88.61021385822282,street
AD000047,-2498.4173766608696,1210.1347765733365,88.97764385122086,street_grid,grid,T1-L01,1,89.27859689552245,598.0571628197424,locality
AD000049,821.162662447186,2433.678541219952,175.76043373467724,street_grid,"grid,lm,poi",T2-L08,1,76.29258948645885,349.51138751119396,locality
AD000060,3839.6322748978423,108.26651638734063,72.09344090613457,blend,"grid,baseline,br",T3-L05,1,43.090371205154455,51.103033178080565,street
AD000062,594.8152935294195,-3069.9260680444986,59.61226809877551,street_grid,grid,T1-L04,1,16.29659281393708,174.6073308884824,locality
AD000066,1207.054630846838,-179.1834093674741,59.17837915703557,street_grid,"grid,cm",T1-L03,1,52.63823402924039,377.1253505135925,locality
AD000068,3028.6496236970575,692.7046496447356,401.52301015069577,landmark_group,"lm,baseline,loccent",T2-L06,1,396.6476680754139,185.64592642985727,locality
AD000069,622.4394505268414,-3283.835935652425,210.4562443367165,street_grid,"grid,lm",T2-L01,1,520.5321276544812,763.3782810638512,locality
AD000075,2813.7648701640705,-2348.991551863103,52.59354481969317,street_grid,"grid,cm",T1-L11,1,46.792233995811046,242.60801717997677,locality
AD000076,305.0093410399334,1074.778844761724,603.9119353332427,landmark_poi,"poi,grid,baseline,loccent",T2-L07,1,777.129110200981,219.47373419158848,locality
AD000078,-2598.0704151207683,-159.9371727317687,67.6233945022007,street_grid,"grid,br,poi",T3-L06,1,70.04923877749648,62.57068003466145,locality
AD000079,872.6026343536537,-1230.6614883721122,68.95644955272441,blend,"grid,br,baseline",T3-L08,1,122.17573428021565,165.0130297885595,street
AD000081,-774.8743810711618,-761.8500542715134,126.71949720290642,street_key,"br,poi,lm",T3-L03,1,119.00673676404088,411.9596703562134,locality
AD000082,3954.871203884829,316.26980329468876,95.2194335057577,street_key,"br,grid,lm",T3-L05,1,68.46041489645484,341.01807869964915,locality
AD000085,554.893929280873,-2925.6302681337615,203.8851048272052,landmark_poi,"poi,lm",T1-L04,1,281.35898416185364,484.1470127967331,locality
AD000086,2485.196954948526,-1338.3281401842096,107.66114406376705,baseline,"baseline,grid,poi,lm",T2-L10,1,61.12077402195618,125.59558113245873,street
AD000088,-541.0547256488601,3211.737220916766,103.446068113969,baseline,"baseline,grid,poi,lm",T2-L03,1,73.6762370985092,55.12431405468914,street
AD000094,-2516.7975629869497,-98.75260010377194,198.79708239703112,landmark_poi,"poi,lm",T3-L06,1,158.7151057910733,75.03659107395521,locality
AD000096,3648.9276270058976,557.9690136745514,395.6883821447349,landmark_group,"lm,baseline,loccent",T3-L05,1,283.2247119141955,355.06666979596946,locality
AD000098,-2439.1065808834333,1634.1962629876116,215.62794637498868,landmark_poi,"poi,lm",T3-L07,1,279.9608529573794,377.62183464413175,locality
AD000099,-546.0915621501774,-261.1056498608863,283.16460453586666,landmark_poi,"poi,baseline",T3-L03,1,252.8788435770859,533.4027090294911,locality
AD000100,2794.676529989562,-2093.741496455515,54.937455295121175,street_grid,grid,T1-L11,1,26.381013689678507,151.3155973454157,locality
AD000105,-807.8236973392421,-446.23804161501164,341.9801183762715,landmark_group,"lm,baseline,loccent",T2-L09,1,404.4803037024092,587.374241859481,locality
AD000106,-3093.160453947899,817.3092991522999,248.13987225666529,landmark_poi,"poi,lm",T1-L01,1,196.67106884581602,259.3779096222342,locality
AD000111,2617.952259599579,989.5547619569397,201.5997256572201,landmark_poi,"poi,lm",T1-L08,1,191.71713588554917,368.6906155572719,locality
AD000114,2777.8586308325225,-1870.847146709982,118.33222343405069,baseline,baseline,T1-L11,1,74.85878688736655,75.16395412696158,street
AD000126,740.575211663409,-3155.307848807731,819.9252698828236,baseline,"baseline,loccent,locgrp",T1-L04,1,164.49044126686124,102.65524828278387,locality
AD000129,3163.2765434558737,-2031.0912001999116,71.7110627425508,street_grid,grid,T1-L11,1,106.70769637468749,632.1774513536526,locality
AD000133,-3969.4333129292004,-1242.4166127370868,123.96936457829088,baseline,"baseline,poi,lm",T3-L01,1,78.42971081874045,122.45962599975552,street
AD000135,780.1192660554401,-2644.4955872420414,70.3470776524775,street_grid,"grid,baseline",T1-L04,1,44.74401023268553,171.7765991047673,street
AD000137,-2358.5166913980547,-504.8641289149469,100.4137323393361,street_key,"br,poi,lm,grid",T3-L06,1,27.803181462096106,418.0630096050117,locality
AD000138,623.804912695461,-3060.6999068872874,68.50550402499096,street_grid,"grid,baseline,cm",T1-L04,1,253.32401138256853,368.3146073671258,street
AD000142,3895.6996296006055,761.9905549795604,76.8580022386826,blend,"grid,br,baseline",T3-L05,1,84.24779568523897,148.52454342633072,street
AD000146,381.4008653503765,2334.442121341336,822.7533599376063,baseline,"baseline,loccent,locgrp",T1-L07,1,279.2145838683686,225.2466203964002,locality
AD000147,1014.1458939495974,1070.9706159785408,562.0085536449627,street_grid,"grid,baseline,loccent",T2-L07,1,1797.063949331932,1851.3715051280226,locality
AD000150,2619.412435179056,-1261.538095554716,244.14144300067397,street_grid,grid,T2-L10,1,199.9364577135395,224.55578371531666,locality
AD000151,-745.5755961760617,3334.2607600436218,159.31453912444172,baseline,"baseline,grid",T2-L03,1,21.755334369070678,121.8531903562644,street
AD000152,2744.863737915497,-1155.4313783911016,110.48063925736349,baseline,"baseline,grid",T2-L10,1,97.65075033633079,118.22795777649205,street
AD000153,-2342.488649391591,-149.3394884616343,61.28536041773382,street_grid,grid,T3-L06,1,20.88374404372272,371.8134075043556,locality
AD000154,3642.1295184262062,-2284.7003921945397,114.45143719367519,baseline,"baseline,poi,lm",T3-L10,1,74.08476507230965,101.95807962098921,street
AD000155,1146.2327337408794,-578.6954289347585,86.30611119053724,baseline,"baseline,br,grid",T3-L08,1,36.49523952437841,44.75991510268985,street
AD000159,-2936.7137051506247,-120.52068353204587,95.44700259736031,baseline,"baseline,grid,lm",T3-L06,1,99.92640893110485,84.79062448171985,street
AD000163,-622.061110248444,2904.0318432956865,822.6310762440165,baseline,"baseline,loccent,locgrp",T2-L03,1,224.50896546919893,137.42143209849024,locality
AD000165,2954.7780178655357,571.821018016742,168.9235016786578,street_grid,grid,T2-L06,1,374.35037617032094,366.7414348011418,locality
AD000166,2866.25586962683,978.3687031973693,116.8404863027252,baseline,"baseline,grid",T2-L06,1,70.69728405128065,50.22449601539082,street
AD000169,3257.4825609554628,-2133.231729109616,66.16984490562885,street_grid,grid,T1-L11,1,29.20537873161075,666.1009232841521,locality
AD000172,-2137.664603344248,-2466.826119187936,203.92718762579526,landmark_poi,"poi,lm,grid",T1-L09,1,231.59633417766824,302.1412252573289,locality
AD000173,1463.6715406502365,-2363.4194961408484,152.37526941347923,street_grid,"grid,lm,poi",T2-L11,1,28.06264370274734,243.20906644284452,locality
AD000175,1560.0996229715365,-2312.442671803972,185.75088964798135,street_grid,grid,T2-L11,1,243.94503995821557,391.2820593893872,locality
AD000176,655.9185190094576,-2658.023423278589,189.88384232198996,blend,"grid,poi,lm",T2-L01,1,206.81118020906203,345.2045915105997,locality
AD000177,-340.51541776020827,3076.609976835534,242.56063682337177,landmark_poi,"poi,lm",T3-L02,1,237.4635725831482,236.9864131126508,locality
AD000178,1024.3510934575118,79.56303231273566,195.41374202444618,street_grid,"grid,lm",T2-L02,1,118.0388847280038,251.82045190968904,locality
AD000180,-1810.9465375146756,-2605.8684208425752,370.35466054809444,landmark_poi,"poi,grid",T1-L09,1,399.7761839609938,337.2330351552171,locality
AD000181,2966.4671588316996,650.4901438209531,179.14118718211546,street_grid,grid,T2-L06,1,71.17324435307411,68.53116079565567,locality
AD000182,978.9333865426808,2706.7725360246104,151.49363337017934,street_grid,"grid,poi,lm",T2-L08,1,129.16580041586565,203.68016594651522,locality
AD000187,1016.695427814068,1289.5498115817884,270.6536899803349,landmark_poi,"poi,lm",T2-L07,1,104.53505639812784,315.39467338558524,locality
AD000189,3545.6700028525793,67.52710638738752,89.18705472798007,street_grid,grid,T3-L05,1,58.38471404324324,390.8955103349231,locality
AD000191,-3774.228256871959,-838.4747079189092,817.6688530249955,baseline,"baseline,loccent,locgrp",T3-L01,1,260.35262435034485,272.95503292667087,locality
AD000193,1627.6974849100716,-1526.8803215230018,1470.9347373754315,locality_centroid,"loccent,baseline,locgrp",T1-L03,4,233.22407023902136,51.83753466360064,pincode
AD000194,-1087.16566790054,-1557.6600920012365,1423.8708046339375,locality_centroid,"loccent,baseline,locgrp",T2-L05,2,1264.8655542239392,1479.381509280145,pincode
AD000195,2234.6389673584977,1306.819681407659,233.39341045431817,landmark_poi,"poi,lm",T1-L08,1,170.58445045728803,485.421157346896,locality
AD000197,-2568.2478715991865,-164.80575216888093,75.3165261001933,street_grid,"grid,br",T3-L06,1,113.49607608183739,454.5781890940215,locality
AD000198,-188.26413963236124,3163.6593754106843,255.19288632200622,landmark_poi,"poi,lm",T2-L03,1,307.77392904959567,398.54246950607427,locality
AD000199,1597.3198909726161,-1572.7849245074362,1467.3455060275007,locality_centroid,"loccent,baseline,locgrp",T1-L03,4,1119.424463821486,1026.0233964193992,pincode
AD000200,1628.0356969883228,-1629.6660467587449,1466.4709474693718,locality_centroid,"loccent,baseline,locgrp",T1-L03,4,1770.1527775992702,1751.415804427949,pincode
AD000201,1031.5209418407294,-377.35448317566716,40.61408876179513,street_grid,grid,T1-L03,1,1691.017701637566,1584.1948617515461,locality
AD000202,3196.621262226045,-1786.1242397650617,837.0604096763395,baseline,"baseline,loccent,locgrp",T3-L10,1,379.34969827619994,397.32360866175566,locality
AD000203,2622.681506950762,-2489.3360062862803,55.73359264315746,street_grid,grid,T1-L11,1,25.455348845310574,429.45054430050516,locality
AD000204,892.1748558369422,2550.242170194315,154.30900886272306,street_grid,"grid,lm,poi",T2-L08,1,108.0826298913067,130.21032985136003,locality
AD000209,2904.079582048637,785.8782157288783,57.19082869038417,street_grid,grid,T1-L08,1,343.1309268116091,180.18970558830475,locality
AD000216,-2882.63074823459,-143.78367168803888,499.8794036639737,landmark_group,"lm,baseline,loccent",T3-L01,1,1471.959026989505,340.7979606746496,locality
AD000220,1084.7631900790457,-257.4691478541294,192.17105216438213,street_grid,"grid,poi,lm",T2-L02,1,421.9390701772614,430.3455588245335,locality
AD000221,671.1278403367703,-721.5331699350049,95.42984971559,blend,"grid,br,poi,lm",T3-L08,1,22.918794917595623,292.66918184188785,locality
AD000223,1504.4617570622338,-2236.570629276271,171.74550348982382,street_grid,grid,T2-L11,1,412.6218433650058,300.7834104467864,locality
AD000227,1247.859701762051,-1110.4556304899284,90.89653540841033,street_key,"br,grid",T3-L08,1,114.89850983087116,565.8468432358707,locality
AD000228,3793.769707516535,197.956801234966,58.88568018822731,street_grid,"grid,br",T3-L05,1,315.10687802219337,629.93386954505,locality
AD000231,172.6450582926394,2660.4551344459555,48.11861552851865,street_grid,grid,T1-L07,1,85.51818783143722,110.03072298226519,locality
AD000233,882.6978209167835,-785.5786431594728,96.19245118339002,street_grid,"grid,br,poi,lm",T3-L08,1,7.169830433214898,139.6971366922028,locality
AD000235,-3644.98736942508,-730.0286115602578,123.36458436632131,street_key,"br,grid",T3-L01,1,88.72613887778158,206.82132385225665,locality
AD000236,2604.9104749263047,-1994.0728670217247,51.30872369990246,street_grid,grid,T1-L11,1,21.688116655526752,168.60065243052878,locality
AD000237,-2040.8039720430634,1300.461765576159,1310.0134668331668,locality_centroid,"loccent,baseline,locgrp",T1-L01,3,1245.729944774016,1118.2159049128215,pincode
AD000238,-2854.6966671556997,1066.458752197303,79.07317058600148,street_grid,"grid,poi",T1-L01,1,70.94632546879502,33.169262879961636,locality
AD000239,1145.4993423456558,-614.226000608549,91.8563468996319,blend,"baseline,br,grid,poi",T3-L08,1,123.71925866944717,71.43178564196754,street
AD000247,1724.7336048155476,-1442.5732743807919,1493.7220305416377,locality_centroid,"loccent,baseline,locgrp",T1-L03,4,1254.3060676304583,1247.6212646472486,pincode
AD000251,-1264.4547257603006,557.2263281508558,371.4289736417669,street_grid,"grid,baseline,loccent",T1-L05,1,147.8186300715391,424.74821953717475,locality
AD000253,467.29271017510945,-3040.4614977054566,219.9676166243825,landmark_poi,"poi,lm",T1-L04,1,198.27353360804565,167.72322439066104,locality
AD000255,2341.3746323748146,911.2674557756687,58.80909658129651,street_grid,"grid,cm",T1-L08,1,65.34247699449178,216.6515404976388,locality
AD000257,3058.1559380325584,-2269.174399185,14.491283492383,baseline,"baseline,grid",T1-L11,1,189.7869804970202,188.63387818734992,rooftop
AD000258,-1774.1015820573837,-1443.7681380097124,1717.959621551035,locality_centroid,"loccent,baseline,locgrp",T3-L01,5,2247.5004792767736,2229.3102834733436,pincode
AD000259,2837.9161540875384,-2361.4603662564346,14.6877651388863,baseline,"baseline,grid",T1-L11,1,102.49327366675755,100.89524270251808,rooftop
AD000260,1069.9943077467356,-397.1735723255844,85.03993617148159,street_grid,"grid,baseline",T1-L03,1,67.60104505058698,245.17524344843633,street
AD000267,2671.387839407204,-1131.757152159438,828.2879292705353,baseline,"baseline,loccent,locgrp",T2-L10,1,203.4002054698237,321.95331959773284,locality
AD000268,1007.0888595974302,3011.2456885592687,199.63762227703907,street_grid,grid,T2-L08,1,47.69594555641555,399.52576888105745,locality
AD000272,-2394.7345040782006,-520.7281968977765,103.12100266805211,street_key,"br,poi,grid",T3-L06,1,26.268928567787828,465.1933146553162,locality
AD000275,-1213.0056499942584,-1597.017961984814,1429.670373231399,locality_centroid,"loccent,baseline,locgrp",T2-L05,2,2969.2875970000073,3252.7817894841946,pincode
AD000279,-3002.698167756072,-464.5657143844578,384.21777176151903,landmark_poi,"poi,lm",T3-L01,1,1079.0205543423992,495.5301201743441,locality
AD000281,979.6647731602056,-2746.2049014694676,78.01996369892028,street_grid,grid,T1-L04,1,43.092838804771695,607.8954679877123,locality
AD000284,-308.1087025850689,3018.231202407273,172.53806907731985,baseline,"baseline,grid",T2-L03,1,141.8360132887034,248.84181722532082,street
AD000285,356.5774152582941,2780.673750464541,48.68071867683462,street_grid,grid,T1-L07,1,38.26722385424427,431.87602387722353,locality
AD000286,725.5988731890288,-3367.1257884862353,305.5888794159619,landmark_group,"lm,baseline,loccent",T1-L04,1,257.6334191909911,307.9229124310173,locality
AD000287,2858.293245546454,-2358.157318202661,196.33914527979883,landmark_group,"lm,poi",T1-L11,1,85.4223102245376,347.9276074128064,locality
AD000288,-2879.3289436760597,-548.1251699722515,112.95365441523107,street_grid,"grid,lm",T3-L06,1,162.43183997330686,527.5753595459136,locality
AD000290,2978.643958814523,234.81612673403959,139.68608140118593,street_grid,"grid,poi,lm",T2-L06,1,176.67688254341698,415.74850570988224,locality
AD000292,467.57476268994077,2354.987305731172,47.97717193002458,street_grid,grid,T1-L07,1,53.99583401583563,174.8812740118279,locality
AD000293,2538.096174379717,669.7996617937717,85.3242002972851,street_grid,grid,T1-L08,1,63.48973615370495,565.173424711389,locality
AD000303,3603.239615696954,616.7292907739513,92.36427026332831,street_key,"br,grid,poi,lm,lmbr",T3-L05,1,18.37752308111422,370.3677226757212,locality
AD000307,-2875.4181311665325,981.5907022401352,70.30595056577296,street_grid,"grid,baseline",T1-L01,1,37.59550056777167,99.20504019453831,street
AD000309,2804.652312765295,-1833.348785379333,61.28402029933024,street_grid,"grid,cm",T1-L11,1,44.14814727573275,268.5047671830055,locality
AD000314,2551.816900155326,-2130.4706339837658,54.67954803319235,street_grid,grid,T1-L11,1,11.828751314491663,174.61308656569818,locality
AD000316,2405.5528251090077,-2166.246428119651,53.84593248329115,street_grid,"grid,baseline",T1-L11,1,19.715368382294276,54.95243397703132,street
AD000320,1703.0572852549135,-1554.7981912549953,1473.2410975845332,locality_centroid,"loccent,baseline,locgrp",T1-L03,4,713.0995639159438,533.0933970703444,pincode
AD000322,3292.2592312731754,-2140.3317132010447,63.55717452659381,street_grid,"grid,baseline",T1-L11,1,412.58339243627245,431.1743150977341,street
AD000323,-2472.891190815774,1850.4518317710945,104.41129069089905,baseline,"baseline,br,lm,lmbr",T3-L07,1,109.09988040381589,80.2807573457052,street
AD000324,-2598.5526342794205,1731.2717341392015,132.83023260390365,street_key,"br,lm",T3-L07,1,49.14244739437218,352.7637169551313,locality
AD000328,346.08080854460513,-2884.804355266034,58.44647146788547,street_grid,grid,T1-L04,1,31.13313922033021,202.39550390263125,locality
AD000330,2616.9234665447975,-1312.838427767913,198.2140018562894,landmark_poi,"poi,lm",T2-L10,1,153.70958132951625,193.86619096686255,locality
AD000336,1410.9677469983055,-2061.0158206254573,164.98536746944663,street_grid,"grid,lm,poi",T2-L11,1,258.3516889773759,342.42721854432085,locality
AD000337,1493.1494572044924,-2000.0231402121915,89.6583958440919,baseline,"baseline,grid,poi,lm",T2-L11,1,32.24496173018474,33.87329331494053,street
AD000338,1407.2828833097763,-1973.4973284902348,173.31448030612583,street_grid,"grid,lm,poi",T2-L11,1,192.97760139741004,333.7494269658003,locality
AD000342,3587.1732529909373,-5.608825950026407,70.85336895541545,street_grid,"grid,br",T3-L05,1,44.25767355108764,393.3548652298582,locality
AD000348,-764.652585130951,-747.6540907674464,207.79143105169408,landmark_poi,"poi,lm",T3-L03,1,201.45588957390393,308.51764941409755,locality
AD000354,901.6919309205883,-1100.9738858112264,242.37262619733187,landmark_poi,"poi,lm",T3-L08,1,441.3546993345888,260.22163630259496,locality
AD000355,696.1934979397978,-3343.961514398723,164.98616326952728,blend,"grid,poi,lm",T2-L01,1,52.2725061327576,261.3039992039925,locality
AD000358,1055.598401603048,-189.52865484608765,197.47253688348056,street_grid,grid,T2-L02,1,490.2294741525354,352.2735868611213,locality
AD000359,-2594.6114154456054,-2360.0505848508683,498.1509696249222,street_grid,"grid,baseline,loccent",T1-L09,1,312.3849330003918,296.24726159071935,locality
AD000360,3040.5499833140375,-2349.654013699055,59.70882371002966,street_grid,grid,T1-L11,1,43.70334580011522,366.98508144064914,locality
AD000363,1875.975233200128,-1119.375508116808,314.0137141105313,street_grid,"grid,poi",T1-L06,1,1719.396361990636,1687.5799862525034,locality
AD000364,850.8842922827654,-3337.583268795817,134.5351892784812,baseline,"baseline,grid,poi,lm",T2-L01,1,153.54481507361226,145.95848724894367,street
AD000365,2055.913650785275,1427.3402724099733,1440.6314872098283,locality_centroid,"loccent,baseline,locgrp",T2-L04,4,1357.6842284320212,690.3573132805939,pincode
AD000369,711.3905915028758,-3204.774380912865,68.48743906460284,street_grid,"grid,cm",T1-L04,1,19.0096139113766,117.01290527117094,locality
AD000379,-1523.91568659371,-2843.4531394704427,823.4737339308591,baseline,"baseline,loccent,locgrp",T2-L05,1,557.7171985617815,653.6078334903889,locality
AD000385,2619.327201026767,-1267.67965127474,161.79553193349417,blend,"grid,poi,lm",T2-L10,1,106.73307899625748,270.29613389761977,locality
AD000386,1233.9901031185393,221.62619167694066,178.1085067075462,street_grid,"grid,lm,poi",T2-L02,1,130.99935158950336,286.28414206867967,locality
AD000387,-105.16349663551786,1643.6102115655106,296.3967008986934,landmark_poi,"poi,baseline,loccent",T2-L12,1,284.7362948814633,299.6334427262752,locality
AD000389,1431.2577605513634,-1496.256755165,1500.1661324948313,locality_centroid,"loccent,baseline,locgrp",T1-L03,4,1435.667621968457,1906.5458426169562,pincode
AD000397,3125.261739128997,-1947.4696583855366,153.6705584962431,street_key,br,T3-L10,1,16.826045120548148,263.4729587642725,locality
AD000398,-2469.0676118153256,1553.9537406856086,815.1984899771219,baseline,"baseline,loccent,locgrp",T3-L07,1,258.2680059313005,247.46597745952872,locality
AD000400,-1944.3649387134183,-2704.6152413038044,21.090426826709606,baseline,baseline,T2-L05,1,134.89468788046807,133.8319094984451,rooftop
AD000404,2896.1603095995106,915.0074391733598,284.960987449325,landmark_poi,"poi,baseline",T2-L06,1,117.48249626236336,368.8466483513169,locality
AD000407,2412.3098766501544,-867.5233540193914,156.7442441981256,baseline,"baseline,grid,poi,lm",T2-L10,1,101.26522586175072,105.55804090641335,street
AD000412,1424.3386218169587,-1962.1639739686195,107.20621273726739,baseline,"baseline,grid,poi,lm",T2-L11,1,199.02043292182324,239.5561312093681,street
AD000419,1568.254662371317,-2371.229288387752,190.13683099231565,street_grid,grid,T2-L11,1,360.1617388301243,540.4400059211014,locality
AD000420,2742.1339681932445,-1136.8399993563755,211.76595627213192,street_grid,"grid,lm",T2-L10,1,337.2092927317513,435.959275621015,locality
AD000424,2948.4249819156375,291.02258029289686,150.26369479422314,street_grid,"grid,poi,lm",T2-L06,1,57.36101500388404,148.85086496221658,locality
AD000426,817.9725250404325,-1170.2016737952558,110.57668865890437,street_grid,"grid,poi,lm",T3-L08,1,23.40319338540521,315.21606875284766,locality
AD000427,-667.5697444980451,-537.9267931805637,823.5361260620638,baseline,"baseline,loccent,locgrp",T3-L03,1,503.67467735970484,592.5411209359228,locality
AD000428,2883.661527124925,-2673.292127354804,74.05309185444428,street_grid,grid,T1-L11,1,34.3029000867713,507.87936559777637,locality
AD000430,1470.136201521835,-1990.3527276929915,196.31523514175802,landmark_group,"lm,poi",T2-L11,1,326.1607759192822,353.02885151216736,locality
AD000433,2273.406305387662,1119.8079297926363,1706.3869995102973,locality_centroid,"loccent,baseline,locgrp",T3-L05,2,1837.358300596442,1812.052372311573,pincode
AD000441,2569.028785106532,941.0357502009128,60.655386036404444,street_grid,grid,T1-L08,1,18.4802433626925,42.680791932671674,locality
AD000443,904.7550654899397,-3163.3676214570514,232.65480281186456,landmark_poi,"poi,lm",T2-L01,1,1595.5018518018987,1649.7476291845367,locality
AD000444,1404.5683729766465,-1426.1022774623916,1468.3838804581196,locality_centroid,"loccent,baseline,locgrp",T2-L01,4,1247.1156995809254,1516.1695221841126,pincode
AD000446,-732.0553273504449,-3722.33746901276,88.95405239450201,street_grid,"grid,br,poi",T3-L11,1,104.00162631538174,284.2016361670002,locality
AD000449,-218.4270137781037,2802.4855905576114,120.35838440063745,baseline,"baseline,br",T3-L02,1,47.26950626197313,77.06523210890894,street
AD000451,1134.9230762253164,-409.927285513862,104.71674825622887,street_key,"br,grid",T3-L08,1,157.4071838648205,381.25850810178656,locality
AD000456,-475.9001205832112,-363.05550976099494,163.52034533078927,street_grid,"grid,poi,lm",T2-L09,1,259.5906690247132,417.4351446632159,locality
AD000460,2608.97377685234,-1314.3843914395545,156.23521964790953,blend,"grid,poi,lm",T2-L10,1,225.51100594715817,251.4540315843039,locality
AD000465,-2727.9542769696145,3.1304516219425893,114.22876290106818,street_grid,"grid,br,poi,lm",T3-L06,1,94.06585186915315,107.34174397688906,locality
AD000467,-957.7854246207576,-3334.969564669902,181.6482859266049,street_grid,"grid,poi",T1-L02,1,78.50116981755002,99.29481356042723,locality
AD000469,750.4372611533022,-2735.3932135848536,73.42965994181512,street_grid,"grid,baseline",T1-L04,1,32.29903505607675,218.65902679743186,street
AD000471,-3868.151054061908,-1033.2995764160821,152.51211327878855,street_key,"br,poi",T3-L01,1,107.3208515316761,95.39067040334697,locality
AD000472,-484.6713357974918,-158.38275658001862,171.3537946674265,street_grid,"grid,poi,lm",T2-L09,1,173.7554162949943,457.072991982681,locality
AD000473,1386.6316223310907,-1743.5198507529353,301.50427993213714,landmark_group,"lm,baseline",T2-L11,1,154.46708089000887,272.4053046473214,locality
AD000475,2617.7128195001246,-2234.4235612649927,55.39363899704582,street_grid,grid,T1-L11,1,32.32355022622965,391.93755880241946,locality
AD000477,-1949.8308334676667,-2227.6047686908846,260.33631768232493,landmark_poi,"poi,grid",T1-L09,1,227.27622051060197,169.43922214174628,locality
AD000484,-2083.6448756099376,1689.5962673045428,136.33868646458535,street_key,"br,grid",T3-L07,1,262.3050145784823,647.2945079328264,locality
AD000488,1436.7613934610845,-1458.131029980339,1505.7720384883892,locality_centroid,"loccent,baseline,locgrp",T1-L03,4,1690.0379816719649,1356.090015448827,pincode
AD000489,-2606.4618113912447,-315.1295359419552,815.5313404375032,baseline,"baseline,loccent,locgrp",T3-L06,1,233.1531520016346,258.742690718018,locality
AD000495,2739.0011579060206,-1172.7563237751963,207.14443453636926,street_grid,"grid,lm",T2-L10,1,296.13857897466454,464.38061975065244,locality
AD000497,-2752.625580708382,1464.1089434481755,68.53239991806147,street_grid,grid,T1-L01,1,292.03460866420846,594.9201627109305,locality
AD000498,1474.987507210997,-1668.960765698434,1449.3558413536505,locality_centroid,"loccent,baseline,locgrp",T2-L01,4,1411.0153151488344,1575.889907322209,pincode
AD000504,2932.6888673352823,-2062.5295038468603,53.98282888563217,street_grid,grid,T1-L11,1,5.513698066373917,259.7308029479752,locality
AD000508,-2192.270020334655,1619.9448183054035,167.88502953054248,blend,"br,grid,poi,lm",T3-L07,1,190.43591958700264,473.8956108680474,locality
AD000517,2148.9852835057777,602.1095983701603,61.45307495142912,street_grid,"grid,baseline",T1-L08,1,46.12643951706977,94.21730202038259,street
AD000521,-883.6312749447197,-3855.4138530103633,81.56653873844782,blend,"grid,baseline,br",T3-L11,1,29.847494117276515,123.75532311783607,street
AD000524,2638.8377392225484,-1705.3601659387562,58.5639964398876,street_grid,"grid,baseline",T1-L11,1,56.29342333223426,152.9075864697367,street
AD000526,1179.2283030545273,-688.7923074469182,131.45802136247013,street_key,"br,grid,poi,lm",T3-L08,1,134.07671239325032,321.0000155763236,locality
AD000529,2796.845864281461,-2091.7032799052017,56.870983495488474,street_grid,grid,T1-L11,1,22.778519995778385,112.53888216967503,locality
AD000530,-1127.196843856347,-3104.9849017622832,206.18228024050978,street_grid,grid,T1-L02,1,24.957081238210066,267.0993260942452,locality
AD000531,1459.1408987221503,-1492.7440224639358,1452.167452556074,locality_centroid,"loccent,baseline,locgrp",T2-L01,4,985.7025594582922,1199.9194014599482,pincode
AD000532,1379.1463211633607,-843.6162417624139,121.4236326678337,street_key,"br,poi,lm,lmbr",T3-L08,1,88.81206923785271,536.8975786870342,locality
AD000533,-2573.3085828115336,-171.1729730785725,88.25997123751574,street_grid,"grid,br",T3-L06,1,24.75891980976785,282.2047838007004,locality
AD000534,2044.5126395422853,1125.8960359305652,1700.1715456469835,locality_centroid,"loccent,baseline,locgrp",T3-L05,2,1959.6223541779443,2237.8597677245107,pincode
AD000535,3803.1346029912766,198.64213893648036,127.36720662752805,street_grid,"grid,poi,lm",T3-L05,1,134.27092735625473,339.9194757585979,locality
AD000538,1438.1419911319433,-1672.86620320937,176.3699366052617,street_grid,"grid,lm",T2-L11,1,184.21539637688778,548.5517751315733,locality
AD000539,2156.8500420996797,-1449.5836020688553,1166.9096786205441,locality_centroid,"loccent,baseline,locgrp",T2-L10,4,598.736352859917,1342.5619576019574,pincode
AD000541,2856.212756204573,-2366.270645955933,190.2922720024534,landmark_group,"lm,poi",T1-L11,1,282.8755959038997,278.7363628951199,locality
AD000550,812.4578189934755,-3104.2837693294578,16.388011994784346,baseline,baseline,T2-L01,1,20.33430662912226,19.366207682455617,rooftop
AD000553,1459.4898833878597,-1722.7780469503557,195.02338069672052,street_grid,grid,T2-L11,1,238.62684824224664,613.317438199828,locality
AD000556,3792.5052564684265,188.4544592177513,93.51462115064948,street_grid,"grid,br,poi,lm,lmbr",T3-L05,1,27.987165981843816,188.37444094143981,locality
AD000557,606.0021461639482,-3081.3523856797974,73.73870102063529,street_grid,"grid,cm",T1-L04,1,174.10978886166316,60.318570937978976,locality
AD000560,1390.047368406653,-2424.699431399393,221.36189011454826,landmark_group,"lm,poi",T2-L11,1,106.55944763658587,413.3650807700137,locality
AD000561,1606.6668429533718,-1537.5801218167614,1469.816931805857,locality_centroid,"loccent,baseline,locgrp",T1-L03,4,2739.9387225483842,2812.8297797769424,pincode
AD000562,-738.2615676532034,-2967.931950842189,258.5200688346684,landmark_poi,"poi,lm",T1-L02,1,285.15993328916187,451.1662775518578,locality
AD000563,2974.6966826927733,-2497.023460221754,53.664837642366564,street_grid,grid,T1-L11,1,24.03874966560539,504.4892962194538,locality
AD000565,1372.488317157509,219.31972836417532,129.5249471628159,baseline,"baseline,grid,poi,lm",T2-L02,1,106.51216272410505,16.861791126686423,street
AD000569,2814.7984480616,-2068.2230606049393,209.48556523917864,landmark_poi,"poi,lm",T1-L11,1,75.68396652876785,317.70555550698197,locality
AD000570,1065.3570407591462,-423.7981440212438,224.14546908152707,landmark_poi,"poi,lm",T3-L08,1,660.4408516451504,237.2726701497667,locality
AD000573,1447.019832817688,-1771.041375353827,165.2190962033609,street_grid,"grid,lm",T2-L11,1,207.23861685521086,488.30360432829093,locality
AD000574,-122.57416105644022,-3760.049811038222,123.6741628474898,baseline,"baseline,br,poi",T3-L11,1,93.52416938066911,114.2965003838702,street
AD000575,935.3745389868974,-3650.469216677743,922.6073747307689,baseline,"baseline,loccent,locgrp",T3-L12,1,128.92879231403225,122.7975976963719,locality
AD000576,-522.1214244015528,-3651.7117003485264,226.68061738610143,landmark_poi,"poi,lm",T3-L11,1,50.12439558801774,170.5460055234363,locality
AD000579,-110.64119310137018,-183.25307300419286,1666.034555377072,locality_centroid,"loccent,baseline,locgrp",T2-L09,12,537.3789912662952,660.1193831421707,pincode
AD000581,675.4993630140887,-3068.6018818984126,817.3021918915823,baseline,"baseline,loccent,locgrp",T2-L01,1,366.47334887470635,335.5411897219176,locality
AD000586,378.28385058128566,2715.550368291142,50.8820850174043,street_grid,grid,T1-L07,1,18.483474123275887,294.6808782394949,locality
AD000587,961.2007074434046,-624.7658800846957,125.89519489554351,street_grid,"grid,br,poi",T3-L08,1,265.54744644156875,371.02049808602214,locality
AD000589,2671.3262657661703,-1862.4820710460683,52.240261935615834,street_grid,grid,T1-L11,1,12.229575673962785,340.1165241501799,locality
AD000596,713.7184383989381,-757.8265433359794,116.6600692783102,blend,"grid,br,lm,poi",T3-L08,1,61.10864209338534,500.3231455769361,locality
AD000598,1689.8310298193971,-2271.284718253334,229.84092090430664,landmark_group,"lm,poi",T2-L11,1,97.97796366134759,250.37268221593172,locality
AD000600,1715.9521275514073,-2268.88306540967,207.05832341390166,landmark_group,"lm,poi",T2-L11,1,171.9656946467624,451.7104603615019,locality
AD000602,2992.1094212380776,-1934.8854454651355,54.64414256236591,street_grid,grid,T1-L11,1,29.73646665005168,319.68317128056674,locality
AD000605,-2642.8758675154236,-496.1590734261695,67.42756773282906,blend,"grid,br,poi",T3-L06,1,2.434188140319351,304.45710699538614,locality
AD000606,-590.1718926797482,3275.7444959244613,14.589842264086709,baseline,baseline,T3-L02,1,25.99159586553596,25.56012519531158,rooftop
AD000607,-833.95522326892,-3852.2651346726516,82.12536593852174,street_grid,"grid,br",T3-L11,1,1.277335299420277,492.5779126189075,locality
AD000608,955.9391418992222,-3336.5028581973534,62.98613668734134,street_grid,grid,T1-L04,1,38.39003460916887,300.8705535608296,locality
AD000613,2869.926330872599,422.8629751941715,169.29505562325872,street_grid,"grid,poi,lm",T2-L06,1,105.6826274404705,331.02237084523466,locality
AD000614,-2357.458627573151,1388.5458460000593,206.99402859210417,landmark_poi,"poi,lm",T3-L07,1,134.94691634251822,470.0821736675408,locality
AD000617,-2972.7067869097623,21.546478945057338,94.87848799017098,street_key,"br,grid,poi,lm,lmbr",T3-L06,1,41.14140825439147,465.5730340129249,locality
AD000622,2486.3873512178566,-2499.0550815598613,60.48401989846449,street_grid,grid,T1-L11,1,19.734092545510883,174.12251433976013,locality
AD000623,2645.250532290647,951.4250567876066,201.01885885773726,landmark_group,"lm,poi",T1-L08,1,471.84067731317356,268.4,locality
AD000624,-881.6507524674253,-1650.2686650050475,1450.266854839214,locality_centroid,"loccent,baseline,locgrp",T2-L05,2,1554.5003591381717,1289.5361530410848,pincode
AD000627,-745.0650818267061,-3776.624907860576,94.35761129163907,street_grid,grid,T3-L11,1,28.673428912260032,520.8155143618515,locality
AD000630,2926.482770159117,-1818.6370754866634,50.88555505042928,street_grid,"grid,cm",T1-L11,1,147.30353817838116,217.57685998285743,locality
AD000631,-2960.589950333853,-161.38039599612978,140.3829877366248,street_grid,"grid,lm",T3-L06,1,105.86489070427373,281.44990673297457,locality
AD000632,-821.6392952719822,-3857.9190518387845,81.50010254489261,street_grid,"grid,br",T3-L11,1,61.44026215646473,577.2594997052886,locality
AD000634,1517.865650082268,-1614.9583660698593,196.66347531968395,street_grid,"grid,lm",T2-L11,1,306.94473953732313,673.6450252172875,locality
AD000635,1266.7388740068568,-516.3494011561028,104.96884128633387,street_grid,"grid,poi",T1-L03,1,243.89207831309398,599.9961749878076,locality
AD000638,1921.828771123479,-1243.868172744763,321.28216234786936,landmark_poi,"poi,lm,grid",T1-L06,1,482.28756035397055,588.1066654952994,locality
AD000639,1085.879795279519,-1011.7466963189866,98.43090645237012,blend,"baseline,br,grid,poi,lm",T3-L08,1,405.0700638572049,306.08051228394135,street
AD000641,3112.652920847695,-2152.5233136161246,70.89411571018714,street_grid,grid,T1-L11,1,204.39392446324953,281.01195704097705,locality
AD000642,1110.0831387325502,35.930141765958915,816.945704410093,baseline,"baseline,loccent,locgrp",T2-L02,1,554.4927217667386,618.3240574326702,locality
AD000645,3577.0288819993766,43.097727893285935,88.11331221666414,street_grid,"grid,br",T3-L05,1,133.10500991669417,506.2175224150188,locality
AD000646,2810.7726229906825,-2153.9419567228238,213.0865703224107,landmark_poi,"poi,lm",T1-L11,1,383.46555108340334,378.80302269121376,locality
AD000647,-185.45008412050746,-3513.252828638433,291.90347239580814,landmark_group,"lm,baseline",T3-L11,1,173.51036488089966,491.98354647284697,locality
AD000649,-2640.478216201963,992.8880086086871,58.225710798186334,street_grid,"grid,baseline",T1-L01,1,232.1228163665173,175.66516444645478,street
AD000652,2829.5275507153656,-2394.371329667038,201.36555513740393,landmark_group,"lm,poi",T1-L11,1,123.63028131214736,164.24923135284388,locality
AD000654,-1399.7601395564711,2387.3820564311623,1413.5167583395319,locality_centroid,"loccent,baseline,locgrp",T3-L02,2,1442.8160848471393,1345.8109599791494,pincode
AD000658,2485.662931271881,-2262.436825312652,53.498508228264754,street_grid,grid,T1-L11,1,40.79872741934726,528.9574084933491,locality
AD000660,-1728.410017888024,-2603.5390875839307,203.41322887124625,street_grid,grid,T2-L05,1,542.462118739256,520.581079179795,locality
AD000662,-405.6680885863533,3393.1709132799515,282.1126322528143,landmark_poi,"poi,baseline",T3-L02,1,172.69946320504815,274.90332846293455,locality
AD000663,2136.91986501988,981.6392749204506,61.25216554176912,street_grid,"grid,cm",T1-L08,1,47.74920085634019,427.8493309565882,locality
AD000666,-2638.8656856244825,-494.2370372552782,72.05420026460587,street_grid,"grid,br",T3-L06,1,9.065613485252351,118.25840350689666,locality
AD000667,2329.979114133984,-2350.202353709943,59.03881593837368,street_grid,grid,T1-L11,1,47.871917432005766,635.3608895737917,locality
AD000668,2332.922557300842,799.4656359744986,245.1025207402861,landmark_poi,"poi,lm",T1-L08,1,117.80107657005605,108.45759540023013,locality
AD000669,2240.2986484794033,622.0510875708468,66.7401467961355,street_grid,grid,T1-L08,1,15.729999185363843,365.68275868572186,locality
AD000671,1392.5268974591754,-805.8092746396936,126.9017052440893,street_key,br,T3-L08,1,112.97308324557953,340.426585330817,locality
AD000672,995.8132552216849,2618.2259637044604,183.59294657494286,street_grid,"grid,poi,lm",T2-L08,1,57.9392560085458,123.1361035602475,locality
AD000674,1452.6609871114015,-1641.6898580664656,1447.1961717259385,locality_centroid,"loccent,baseline,locgrp",T2-L01,4,1379.5070149545688,1253.476828664974,pincode
AD000675,2613.6339927161825,-1273.8004393915267,152.57832702867975,blend,"grid,lm,poi",T2-L10,1,526.0504483566232,709.5278993809899,locality
AD000678,929.9050541398003,-776.6790402372105,85.15873351398436,street_grid,"grid,br",T3-L08,1,96.14952620071668,458.27729596828163,locality
AD000680,-744.029891829834,2884.75544986197,209.18006181322144,street_grid,grid,T2-L03,1,97.3143289961191,264.5685166454995,locality
AD000685,655.6335108657852,-3097.242922165826,168.4280039139411,street_grid,grid,T2-L01,1,229.09758645784407,442.9658677595826,locality
AD000686,2920.4228692262345,790.5783559010207,152.73580655108097,street_grid,"grid,poi,lm",T2-L06,1,126.60208529585326,406.6970617056387,locality
AD000696,2345.561839272902,1062.3328163469587,59.89167984858044,street_grid,grid,T1-L08,1,19.90409436712811,66.7000749624767,locality
AD000699,1658.690009898893,-1553.4760894945596,1469.4016378067688,locality_centroid,"loccent,baseline,locgrp",T1-L03,4,1617.188758094382,1574.5492847161058,pincode
AD000703,1046.3173294129197,187.95437078223705,398.59618910881403,landmark_group,"lm,baseline,loccent",T2-L02,1,224.74170053314765,194.84591348037046,locality
AD000710,972.2978961232459,1448.684578886032,345.0623716808729,landmark_poi,"poi,lm,grid",T2-L07,1,464.26199120228415,461.85513962713463,locality
AD000711,934.1918915333014,2527.0385852539675,230.09313188453172,landmark_group,"lm,poi",T2-L08,1,174.76201313822216,296.13122091397236,locality
AD000719,2805.859575852304,-1833.2883701985468,58.164073002923956,street_grid,"grid,cm",T1-L11,1,47.47741294015228,367.19237464849414,locality
AD000721,-2963.7386423567473,-213.0070263470198,297.6799741354931,landmark_group,"lm,baseline",T3-L06,1,124.66825810136405,616.670495483609,locality
AD000722,3989.2335175786225,331.5160054086303,90.63962777754863,blend,"grid,br,lm",T3-L05,1,47.535525937858665,363.62031021382745,locality
AD000727,-2642.9356564009813,-483.96235302883997,76.41755308729746,street_grid,"grid,br,poi",T3-L06,1,45.345043290490466,131.8023140919763,locality
AD000733,2838.916162646239,-2256.0814520316426,57.4559329037451,street_grid,grid,T1-L11,1,21.332629724323766,242.686011133728,locality
AD000735,2726.6292898082515,-2359.1990048997955,92.60100392989739,street_grid,"grid,baseline",T1-L11,1,51.954163550739835,275.67009268326524,street
AD000737,-830.1679186935771,-2995.7330464398933,236.43035057096648,landmark_poi,"poi,lm",T1-L02,1,377.02173763134556,741.2017606563006,locality
AD000738,-344.7432163045897,-937.4629763049189,90.26034278580015,street_grid,"grid,poi",T1-L12,1,17.521863340107704,243.93042040713172,locality
AD000739,730.7172953265912,-3220.338432579676,56.310994690588764,street_grid,"grid,cm",T1-L04,1,61.93555502455994,235.68175576399625,locality
AD000740,2110.051831550702,-1042.0532392114105,231.98786240116362,landmark_poi,"poi,lm,grid",T1-L06,1,178.94259522103744,158.3386244729945,locality
AD000741,-802.6264987135803,2897.3917522002916,122.89754395102987,baseline,baseline,T3-L02,1,59.58550590270131,55.15505416550674,street
AD000743,-1862.5654384945415,-1992.2133780510862,222.84562344385267,street_grid,grid,T1-L09,1,1502.1462166474585,1448.9330039722333,locality
AD000744,1235.6142952125808,-1060.1080981760722,92.21805906969036,blend,"br,baseline,grid",T3-L08,1,84.13920310797376,169.46268025733573,street
AD000749,-121.76850993325917,-3413.8829746279484,105.43804104612705,baseline,"baseline,br,lm",T3-L11,1,54.992496456277024,3.324154027718946,street
AD000750,-145.17038280408468,3208.6317984355987,97.05218276780721,baseline,"baseline,br",T3-L02,1,61.74523343278431,59.94731019820641,street
AD000753,2929.775564479442,-2514.504783730809,254.04115282407284,landmark_group,lm,T1-L11,1,164.39581595760296,359.465784185366,locality
AD000756,1321.3937784667194,-2011.940689539173,113.16243749113013,baseline,"baseline,grid,poi,lm",T2-L11,1,68.83734526504874,131.66172564568646,street
AD000759,2967.7871663047126,506.4443837758086,176.21066169808225,street_grid,grid,T2-L06,1,179.38744245635522,90.749104678779,locality
AD000761,2619.908892648664,950.940769771178,199.23592349390748,landmark_poi,"poi,lm",T1-L08,1,151.72951779071013,248.3183642020864,locality
AD000768,2412.702441576095,-1482.695006555084,284.66969682704945,street_grid,"grid,poi,lm",T2-L10,1,270.62456437392916,322.8018742200856,locality
AD000771,842.0485868708612,-701.470338495458,101.3368522565473,blend,"grid,baseline,poi,lm",T3-L08,1,18.66471507799483,50.67800311772355,street
AD000774,-2638.246051317801,1757.071846209728,127.33147775560285,street_key,"br,poi",T3-L07,1,48.70412567831603,171.552907291016,locality
AD000776,3499.8992006116687,123.90046917801236,86.85719553168924,street_grid,"grid,br",T3-L05,1,13.158530955792036,270.82793430516,locality
AD000779,2298.4353460943844,739.9536456352457,233.2191650573549,landmark_poi,"poi,lm",T1-L08,1,140.78119369498327,306.267758668783,locality
AD000781,3778.855603548848,330.59264091143757,208.93619595552892,landmark_poi,"poi,lm,grid",T3-L05,1,177.75607935338087,141.31277366183127,locality
AD000782,650.944945853527,-2629.773277815651,54.5774738069046,street_grid,"grid,cm",T1-L04,1,3.972772859834178,370.01675637732956,locality
AD000783,775.5570537816618,-2601.7654001165483,57.40154173234427,street_grid,"grid,baseline",T1-L04,1,10.45318674656227,85.81893730407063,street
AD000785,1598.1193013393913,-1644.7318575171996,1467.3488174899992,locality_centroid,"loccent,baseline,locgrp",T1-L03,4,1031.7526457729684,1025.7685508924517,pincode
AD000787,1110.1594690968022,-1181.1946171924744,20.304163102155744,baseline,baseline,T3-L08,1,14.515376127050612,15.373353570382791,rooftop
AD000788,895.1415596145971,64.072823246671,59.978854626959404,street_grid,grid,T1-L03,1,501.2156829221855,92.90968733130043,locality
AD000792,1104.7690867553888,1142.4741585539898,549.4926848252456,street_grid,"grid,baseline,loccent",T2-L07,1,1349.0699724731994,1380.034452468488,locality
AD000795,-2936.583662948557,-54.22621845742124,92.3778913328681,street_grid,"grid,br,poi,lm",T3-L06,1,251.16904723161616,461.4824482036126,locality
AD000797,2517.3312696990984,-1145.347092671643,188.1912002668085,blend,"grid,poi,lm",T2-L10,1,24.475469402303858,151.49105584159085,locality
AD000799,1126.7656878313667,-148.60919038587187,180.33830450741422,street_grid,"grid,poi,lm",T2-L02,1,179.77316431263358,286.9623320228633,locality
AD000802,1177.1840734599484,87.91402878526404,272.4765462826803,landmark_poi,"poi,lm",T1-L03,1,516.3155561632661,403.2081472391152,locality
AD000803,-396.02074203593213,-1486.4000497753734,69.57572386536354,street_grid,grid,T1-L12,1,97.2445337046307,239.28980337657515,locality
AD000808,-728.37118510158,3449.33717756245,293.2594848838189,landmark_poi,"poi,baseline",T3-L02,1,64.20433815467192,405.8242230325834,locality
AD000809,671.8324256269748,85.50678359853764,77.52082246638062,street_grid,"grid,poi",T1-L03,1,4.507789495896639,494.94031963460003,locality
AD000810,1169.6539951806747,-3176.635154225237,61.78667912311608,street_grid,"grid,cm",T1-L04,1,21.671258973553126,667.4873257223692,locality
AD000812,-1390.9219028491489,-2487.689916662663,1298.3798967828454,locality_centroid,"loccent,baseline,locgrp",T1-L02,3,265.6392262516847,463.9857433154602,pincode
AD000813,3032.037333468917,-2276.5418015108216,69.20325725010692,street_grid,"grid,baseline,cm",T1-L11,1,19.192020744841617,243.5173299787923,street
AD000815,2895.8341017185467,-2270.329067038503,132.85640442958905,baseline,"baseline,grid",T3-L10,1,71.49909454065335,175.77215365352976,street
AD000817,1350.0924358046425,-2085.8929550455928,216.2894791718158,landmark_poi,"poi,lm",T2-L11,1,168.36256315565146,233.0092702018526,locality
AD000822,467.69151929204025,-2874.7399402497294,69.32239363253173,street_grid,grid,T1-L04,1,27.331239474902358,479.4710627347598,locality
AD000825,-2295.189927628897,1154.3121994291416,112.03228868196994,baseline,"baseline,grid,poi",T3-L07,1,92.03021076602131,54.39531229802806,street
AD000827,3027.963432621048,-2312.893187371525,202.29081086425236,landmark_group,"lm,poi",T3-L10,1,177.15767322207878,376.52094231264226,locality
AD000830,2467.1000039806763,742.4221511585934,81.45093987684433,street_grid,grid,T1-L08,1,122.21772094431195,491.80789948922126,locality
AD000832,3246.0740448038755,-2135.3526971093484,65.03879864590303,street_grid,grid,T1-L11,1,290.60243725289774,933.3434523260985,locality
AD000836,1065.1639718915092,-418.86548791756735,214.58016071727755,landmark_poi,"poi,lm",T1-L03,1,295.17289955205575,405.5347703958318,locality
AD000837,-1475.3649595603479,-2390.2795983819333,1298.8374736665755,locality_centroid,"loccent,baseline,locgrp",T1-L02,3,1162.9496161269838,1141.8575436541985,pincode
AD000840,1506.955772974456,-1640.6733125781873,1475.8477590516209,locality_centroid,"loccent,baseline,locgrp",T1-L03,4,1777.253822982938,1975.5483086981194,pincode
AD000841,1639.7983597809537,-2334.1527804829307,149.21236821033693,street_grid,"grid,lm,poi",T2-L11,1,178.53147271002365,280.30492325323144,locality
AD000843,1576.074023147938,-1684.6716293033887,1471.5879499192226,locality_centroid,"loccent,baseline,locgrp",T1-L03,4,1475.3139481770684,1454.1616175652553,pincode
AD000846,-1290.7931383108573,-1756.2750034985513,1452.7791291467768,locality_centroid,"loccent,baseline,locgrp",T2-L05,2,1607.4478956063706,1280.3787759877935,pincode
AD000850,3766.4497884212906,169.70399759277683,156.45121993970702,street_grid,grid,T3-L05,1,59.342462487759704,321.2059308294291,locality
AD000852,-3017.8871246131957,-253.81582617208886,729.3575012349223,blend,"lm,grid,baseline,loccent",T3-L01,1,381.42742605687056,1459.0305856972295,locality
AD000854,1407.6075436012957,-2368.018139832008,258.52584256699885,landmark_group,"lm,poi",T2-L11,1,147.76161837203978,612.0257919401764,locality
AD000856,516.9768936688914,-442.66419246019655,686.9192763114949,landmark_poi,"poi,baseline,loccent",T3-L03,1,1173.242626392339,333.3006000594659,locality
AD000860,1512.7750348964867,-1879.1050731863606,173.00283828471342,street_grid,"grid,lm",T2-L11,1,177.59740911718913,312.9713405409511,locality
AD000866,1528.8883466793313,-2149.8076027705874,181.875488256274,street_grid,grid,T2-L11,1,160.94319238536409,438.1043254751088,locality
AD000867,2950.2066816485312,-2560.153157804879,54.74579273911308,street_grid,grid,T1-L11,1,41.52764919719613,340.6656131751486,locality
AD000868,1138.4986334552084,388.7425981992215,227.49015216019544,street_grid,grid,T2-L02,1,293.7199501639149,438.3501910573326,locality
AD000869,-2238.4747990664096,1646.6206068436575,188.7678028832843,blend,"poi,grid,lm",T3-L07,1,206.14357178104268,316.76426566139065,locality
AD000870,3420.6393853781924,-2289.181487728767,154.70682779573383,street_key,"br,poi,lm",T3-L10,1,131.52125197091473,659.6035779163117,locality
AD000874,-3967.4550065090457,-842.6676494088053,273.8663553165745,landmark_poi,"poi,baseline",T3-L01,1,280.86579066461866,297.5106888836097,locality
AD000884,899.6280321463498,2671.139089575394,150.06272900069226,street_grid,"grid,lm,poi",T2-L08,1,76.22800908843976,164.12799883018133,locality
AD000885,3037.475149187632,-2376.0838794101874,63.40931626515203,street_grid,"grid,br",T3-L10,1,167.81826364153522,154.85596533553357,locality
AD000886,1090.164110294244,111.18238055704202,201.76414521168945,street_grid,grid,T2-L02,1,339.23262467892897,304.500706074715,street
AD000895,477.0935970040509,2380.3516157340305,70.3473711793812,street_grid,"grid,baseline",T1-L07,1,28.960312689622,221.99813062276007,street
AD000897,1650.1035375780743,-2325.8860720188723,149.72976056663327,street_grid,"grid,lm,poi",T2-L11,1,278.68734380410626,648.990061557186,locality
AD000898,1167.6101506334846,-3339.3527445054037,64.4588378541542,street_grid,"grid,baseline",T1-L04,1,18.87045331573469,123.3801037444855,street
AD000901,1567.0017213258163,-2073.4872771571595,812.1326404745439,baseline,"baseline,loccent,locgrp",T2-L11,1,300.69875125430826,305.6065444325431,locality
AD000902,827.8521853221984,3071.1748595515037,208.71448459474612,landmark_group,"lm,poi",T2-L08,1,104.07510323672025,508.16426478059253,locality
AD000903,2974.4835135913745,-2723.970105328696,54.998832689172815,street_grid,"grid,baseline",T1-L11,1,27.07240175842078,87.70051311138354,street
AD000904,899.4136974012897,-2757.6926756000203,63.99184964027811,street_grid,grid,T1-L04,1,138.42009521527424,264.0851756536139,locality
AD000912,1458.630276519753,-1718.532056820103,195.06157228699504,street_grid,grid,T2-L11,1,186.4019862018717,498.8347421741995,locality
AD000915,-797.6183292198524,-620.8682702857526,444.6290523469453,landmark_poi,"poi,baseline",T3-L04,1,173.25212876974055,1072.863817080248,locality
AD000917,727.3990528705814,2416.6026984969867,207.44939699914028,street_grid,grid,T2-L08,1,298.20553658590234,423.6196997307843,locality
AD000918,2030.7529670239146,1832.342406507286,135.9170848253448,baseline,"baseline,poi",T2-L04,1,114.26364597902639,77.00006493503756,street
AD000919,2832.3383362921063,-2362.756909296528,194.1318623643099,landmark_group,"lm,poi",T1-L11,1,235.01507684229455,378.29398620649533,locality
AD000920,-1276.9958598293042,489.20238107600125,21.66035389897957,baseline,baseline,T1-L01,3,171.94029545466086,172.07446062678787,rooftop
AD000921,1563.27825923573,-2306.520972566603,186.9801448168783,street_grid,grid,T2-L11,1,153.08370574890097,320.1082629361511,locality
AD000923,517.1478277215276,-3392.4866124335417,63.4747082992912,street_grid,grid,T1-L04,1,40.62402942461589,253.49589740269968,locality
AD000924,724.1931001235423,-2683.457342833223,255.67996396113463,landmark_poi,"poi,lm",T2-L01,1,221.38035528416543,345.9228382168487,locality
AD000930,-2599.5183173413266,1524.105846755263,17.61762951646408,baseline,baseline,T1-L01,1,20.880779823150093,22.020445045457297,rooftop
AD000936,882.7697874763159,-2953.816193161659,297.85270515497893,landmark_group,"lm,baseline",T1-L04,1,124.82624264454061,366.7236152745007,locality
AD000940,553.3954431568395,-3031.3152037038544,198.947651027037,landmark_group,"lm,poi",T1-L04,1,201.71598033159367,340.98131913640077,locality
AD000942,808.3511487712104,3206.6842158559125,151.90309607014746,baseline,"baseline,grid",T2-L08,1,30.626889912111324,75.94379500657045,street
AD000943,-2642.623718152956,-497.69176892627877,68.05177580387553,blend,"grid,br,poi",T3-L06,1,7.432494457349836,438.4019274592665,locality
AD000944,-2398.299867445092,1394.3947530241717,199.57726071767505,landmark_poi,"poi,lm",T3-L07,1,99.82950714361009,290.04951301458874,locality
AD000948,923.7749836195319,-711.8920933278699,106.56769452777729,street_grid,"grid,baseline,br",T3-L08,1,81.71029684047697,196.95667036178287,street
AD000950,-3006.5239163586566,-252.4591159650272,134.74893294648626,street_key,"br,grid",T3-L06,1,16.217639607632506,427.46326157928456,locality
AD000953,660.8830546905904,-3201.8175718204125,205.85121827862326,street_grid,"grid,poi,lm",T2-L01,1,454.9280713125623,371.9006587786582,locality
AD000954,-2479.5935080683516,1173.781209622996,17.530311142678883,baseline,baseline,T3-L07,1,183.39131718886577,184.45172810250386,rooftop
AD000955,3101.6083098328,-1910.249238506786,80.25339603437234,street_grid,grid,T1-L11,1,41.55196727305016,554.9977477431777,locality
AD000957,2989.4485442315863,239.58640019452213,186.64293488225542,street_grid,grid,T2-L06,1,220.964326752884,496.51015095363357,locality
AD000959,2987.480638296937,-2733.8134468705857,60.079662250969555,street_grid,grid,T1-L11,1,43.98175523949296,563.6305882402054,locality
AD000962,2352.450431897348,1922.5012534705513,837.3292444957348,baseline,"baseline,loccent,locgrp",T2-L04,1,1688.5094913170892,1738.1148092114054,locality
AD000963,1616.4749932226514,-1592.0937595203131,1466.2872168274241,locality_centroid,"loccent,baseline,locgrp",T1-L03,4,197.95356765425947,228.75281419033948,pincode
AD000964,1395.9362192939714,-1941.9263498116268,185.24740827109932,street_grid,"grid,poi,lm",T2-L11,1,327.49050258855067,446.87237551676867,locality
AD000969,2128.52395575753,981.4799437273421,66.98797323707183,street_grid,"grid,cm",T1-L08,1,36.489417264255636,76.11044606359883,locality
AD000970,2660.853175337652,1450.0065070333671,62.23578657546317,street_grid,"grid,cm",T1-L08,1,34.44121242875056,562.9790848690562,locality
AD000971,814.2289708302899,-2986.184768716365,61.254322018965276,street_grid,"grid,cm",T1-L04,1,12.122708962018505,331.028488200034,locality
AD000975,-467.4914912706051,-431.78875195700516,176.04639305151778,street_grid,"grid,poi,lm",T2-L09,1,108.57928677350895,156.02467753531812,locality
AD000978,-1128.454530560458,-603.2687429067066,106.10373418670329,street_key,"br,poi,lm",T3-L03,1,68.39261890445836,367.3326693883897,locality
AD000980,1132.147700553188,-67.54112085611759,178.44891121300572,street_grid,"grid,poi,lm",T2-L02,1,250.6906413066549,290.52779557212756,locality
AD000981,-2607.965813575817,-148.581633077704,63.61911265397319,street_grid,"grid,br",T3-L06,1,113.05013381571256,129.63521898002867,locality
AD000982,3935.612540690771,788.9243470686176,73.64070599895408,blend,"grid,br,baseline",T3-L05,1,71.40166742589929,69.02897942168924,street
AD000984,-2340.371536309604,-2340.965204642303,273.9374004054997,landmark_poi,"poi,baseline",T1-L09,1,80.90960126290923,128.2733409559444,locality
AD000986,1174.0661982193387,2504.829864799344,20.822693451720983,baseline,baseline,T2-L08,1,34.40426334748254,32.81234523773021,rooftop
AD000987,2872.342285970062,1173.452776994108,85.21770812409058,street_grid,grid,T1-L08,1,67.57502480659736,402.86397207990706,locality
AD000991,-646.1260047111365,3110.690363574262,171.39827363489306,street_grid,"grid,poi,lm",T2-L03,1,171.70860179200199,211.81170883593765,locality
AD000992,2612.1721267046137,-1309.4513290407192,157.8738819471833,blend,"grid,poi,lm",T2-L10,1,23.50660454431267,120.39277386953098,locality
AD000999,-196.1316591111539,-3426.1082448887664,269.9142504011951,landmark_group,"lm,baseline",T3-L11,1,201.1287059052467,321.7882688974226,locality
AD001000,2060.4356868358373,-917.7798069190707,219.9531468233112,landmark_poi,"poi,lm",T1-L06,1,421.0803439105789,544.5147289100636,locality
AD001001,3679.8069024628608,618.0712780078563,140.82564406064608,street_key,"br,grid,lm",T3-L05,1,44.94969793115553,171.28041335774486,locality
AD001003,-530.2676825080221,-349.89920935535275,199.61117224921267,street_grid,grid,T2-L09,1,123.12853884594978,198.59869083153595,locality
AD001006,1266.4133498347715,-1114.2451955183728,103.2877992324602,street_key,"br,grid",T3-L08,1,79.37780369516943,497.6055164485217,locality
AD001009,1211.8601011403837,-1450.88563608739,1509.0474163703377,locality_centroid,"loccent,baseline,locgrp",T2-L01,4,943.8798484802596,1540.5408141298951,pincode
AD001012,851.1346115212822,-3272.469612188165,55.50426514317845,street_grid,"grid,baseline",T1-L04,1,42.33987416918729,107.40623818009834,street
AD001013,1445.4376645913244,-1911.7923947666811,111.55432187785556,baseline,"baseline,grid,lm",T2-L11,1,191.88321714599456,200.27064188242866,street
AD001017,-846.1874881893393,-687.4963702043276,277.5449707882639,landmark_poi,"poi,baseline",T3-L03,1,93.19198956613688,315.5310602777483,locality
AD001026,667.4469691600373,2294.8733204578552,107.51000983920372,baseline,"baseline,grid",T2-L08,1,97.89094312776557,115.05242283411503,street
AD001031,1560.5292923870234,-2220.8208801634923,108.52793680740183,baseline,"baseline,grid,lm,poi",T2-L11,1,152.2088348264533,135.1603862083856,street
AD001033,-1185.4900937875623,-3487.000315510923,100.59653722978959,baseline,"baseline,grid,poi",T1-L02,1,208.0041932784449,201.12523461763826,street
AD001034,3186.347048578471,-2037.1334279247494,61.2169251668569,street_grid,grid,T1-L11,1,43.019870884494125,373.85157482616,locality
AD001035,993.4144915095903,-446.632332649769,262.0664190966782,landmark_poi,"poi,lm",T1-L03,1,41.891398121749695,623.3895170758007,locality
AD001036,-2718.6250226452703,-254.26920109316285,241.09078999434655,landmark_poi,"poi,lm",T3-L06,1,2003.1455859903865,1977.0540533834676,locality
AD001039,3032.8943937757626,-2328.7527745315447,83.88576985554786,street_grid,"grid,baseline,br",T3-L10,1,90.70082445253665,30.73499633967756,street
AD001040,769.8615370116096,-1131.8008673191548,82.39866081630544,street_grid,"grid,baseline,br",T3-L08,1,85.26279899704008,112.23747146118359,street
AD001042,-3008.1711765426985,777.8387769951921,74.96612959275275,street_grid,"grid,baseline",T1-L01,1,32.79216013585506,29.631908477180456,street
AD001043,-2552.961413310194,1096.3440668340752,79.26843204741668,street_grid,grid,T1-L01,1,17.590012471010315,258.484854488614,locality
AD001045,2667.0793612357575,1500.6219695559166,89.69322176308425,street_grid,"grid,baseline,cm",T1-L08,1,59.90175051026917,262.20774206723956,street
AD001047,2722.4930151862004,-1723.0827112951004,47.71689057528824,street_grid,"grid,baseline",T1-L11,1,173.6448175506629,176.97621309091247,street
AD001048,2384.3224595126253,-2226.414973669866,56.57184388381389,street_grid,grid,T1-L11,1,322.5321532395542,237.5851215880322,locality
AD001053,915.0660111581063,-730.8655911524472,87.94534857738614,blend,"grid,baseline,br,lm,poi",T3-L08,1,18.349807111104674,109.32785555383398,street
AD001054,-233.38719346235342,2768.1383286047544,162.465238458928,street_key,br,T3-L02,1,139.95079366616696,379.345462606316,locality
AD001055,808.9473696128457,-3195.9981454753765,236.10192099069243,street_grid,"grid,lm",T2-L01,1,463.24138225573563,311.05501121184335,locality
AD001057,1132.6621977715304,-2882.3304403545294,63.52382986327227,street_grid,"grid,cm",T1-L04,1,51.34252155418575,498.63914808205743,locality
AD001060,1414.963414106554,-1780.757446254352,292.825675334878,landmark_group,"lm,baseline",T2-L11,1,430.29497732599816,800.572776204637,locality
AD001063,2814.6517316932695,-2161.9792022788315,200.24137358177015,landmark_poi,"poi,lm",T1-L11,1,341.01663665543595,422.47745501979136,locality
AD001064,-3259.607054409,-472.20622453881066,793.7573069583126,landmark_group,"lm,baseline,loccent,locgrp",T3-L01,1,531.8915918380916,1137.0306812043375,locality
AD001067,1636.9521972331224,-1669.0216340461366,1468.9588307486479,locality_centroid,"loccent,baseline,locgrp",T1-L03,4,1205.990007984247,1107.7045499590586,pincode
AD001071,-780.7743939893019,-582.670825744577,819.5344036327228,baseline,"baseline,loccent,locgrp",T3-L03,1,363.24415456203275,351.2177672043372,locality
AD001074,2546.5466838792945,-1879.7178925183216,62.51567296174753,street_grid,grid,T1-L11,1,6.245700823997465,374.4434002623093,locality
AD001078,2992.2296559087567,-1983.4948315425868,135.12823965092787,street_key,"br,poi,lm",T3-L10,1,69.74358439066502,432.3613881927942,locality
AD001079,-2051.1680641159546,-790.5779623649366,1671.4717984838924,baseline,baseline,T3-L01,5,930.0840292786561,143.6246845079214,rooftop
AD001080,-2264.43682472632,-218.34289894645093,60.984024339550814,street_grid,"grid,baseline,br",T3-L06,1,95.46715693946177,188.3354719642586,street
AD001083,850.9638788716176,-3290.7366106009804,51.654569465221634,street_grid,"grid,baseline",T1-L04,1,47.11229327310788,94.46232053046337,street
AD001087,1762.9823162104817,-1716.6172974218264,1489.2703084962645,locality_centroid,"loccent,baseline,locgrp",T1-L03,4,1227.153779583224,1309.4011799292073,pincode
AD001088,1329.2773840335162,-218.0195804488717,70.68282694834105,street_grid,"grid,cm",T1-L03,1,7.586363582449505,328.21707755691193,locality
AD001091,-3638.914597340687,-762.987168482477,127.9850009463301,street_key,"br,grid",T3-L01,1,72.21256738276595,63.30387033981409,locality
AD001094,-2399.859481716022,1957.6463651195768,279.2624649791532,landmark_poi,"poi,baseline",T3-L07,1,207.79230522370912,30.193542355940977,locality
AD001096,2658.662730581838,947.0493623224495,56.46107591309876,street_grid,"grid,cm",T1-L08,1,50.65219029322864,465.3689504038703,locality
AD001100,2972.35329809636,-2481.333958305244,259.5545753809046,landmark_group,lm,T1-L11,1,94.09500682351745,390.19816760205316,locality
AD001105,2841.812149562165,-2274.1411225805005,51.26097234701223,street_grid,grid,T1-L11,1,16.62694244784661,221.59535193681296,locality
AD001108,302.97912355658457,2543.046280274868,44.13620383939268,street_grid,"grid,baseline",T1-L07,1,232.81904003874484,222.81490075845474,street
AD001110,-362.9059676096917,-1202.4413175459079,78.57687169506231,street_grid,grid,T1-L12,1,36.52706493557007,402.35578782962716,locality
AD001116,3108.180057298426,-1878.5404920619665,146.53973770300047,street_key,"br,poi,lm",T3-L10,1,69.47240655530918,38.48129415703162,locality
AD001121,3664.6134005116464,660.7876491850593,92.72910107739732,blend,"baseline,br,grid,poi,lm",T3-L05,1,72.49931171488085,115.48302905622108,street
AD001122,3425.6548444356376,460.7637748991592,279.7421112019264,landmark_poi,"poi,baseline",T3-L05,1,67.09877167252858,385.3355031657476,locality
AD001124,1471.0358613733329,-1846.0176257770963,160.8824477568969,street_grid,"grid,lm,poi",T2-L11,1,245.1424784074145,384.83019632040316,locality
AD001127,612.8863983787347,-3104.760508401807,824.2483109594845,baseline,"baseline,loccent,locgrp",T2-L01,1,278.54834631047845,230.52114870440863,locality
AD001128,963.2611359047187,-1223.0414430880583,141.24647520891318,street_grid,"grid,poi,lm",T3-L08,1,189.95335640418648,549.8148870301712,locality
AD001130,-691.7755991056864,-3289.336909501386,110.78608707514115,baseline,"baseline,grid,lm",T1-L02,1,84.19123193959369,117.77304445415348,street
AD001131,1460.0324293609492,-1708.4058762708316,162.63914684166988,street_grid,"grid,lm",T2-L11,1,339.88750338408073,601.0554466935642,locality
AD001133,2393.9740823639963,-1277.133310803414,218.28493687630913,landmark_poi,"poi,lm",T2-L10,1,13.994822466614046,163.43748040152855,locality
AD001135,-668.4860855954686,2934.5997366474007,193.3770769571714,street_grid,grid,T2-L03,1,217.99006982935262,247.94073888733982,locality
AD001136,1051.4847965716492,-311.2229005563064,157.82302314899994,street_grid,"grid,poi,lm",T2-L02,1,231.99824135874488,568.3565518228853,locality
AD001138,-340.10986336686153,-3272.1358479605433,100.47107123044023,baseline,"baseline,br,grid,poi",T3-L11,1,37.02763371933531,126.12390732926106,street
AD001145,576.5151917894527,2311.745705284791,49.47667844748282,street_grid,"grid,baseline",T1-L07,1,17.848320430411633,44.3460257520333,street
AD001149,1459.4601596283603,-1720.490940022312,193.09870179378828,street_grid,grid,T2-L11,1,219.01478008516352,529.6370172108441,locality
AD001151,555.1667224774899,-3036.123722816905,199.90026998510874,landmark_group,"lm,poi",T1-L04,1,163.39260478732055,233.01180227619363,locality
AD001152,1327.5113603526806,435.7256045983006,126.2777772399705,baseline,"baseline,grid,lm,poi",T2-L02,1,176.58097746569362,161.69724796668615,street
AD001154,-2570.3364477602904,1692.6026635680557,121.80587820350155,street_grid,"grid,lm",T1-L01,1,23.935541062659404,851.8569128674134,locality
AD001156,864.3426970209085,-397.08373174350334,131.98476006000513,baseline,"baseline,grid,poi,lm",T2-L02,1,221.70223311305384,139.44694331537,street
AD001157,-1805.8183230532936,-2878.7871352151474,140.99922656282567,baseline,"baseline,grid",T2-L05,1,38.98928393773214,36.293250061133996,street
AD001158,861.891534136675,2636.5377076042655,149.7039636799988,street_grid,"grid,poi,lm",T2-L08,1,95.94328806926707,277.8516510658162,locality
AD001160,-2792.8835577045693,1605.932105847053,72.68660046870322,street_grid,grid,T1-L01,1,202.39368940602256,577.9751638262668,locality
AD001162,-208.1166263057814,-3434.905964174545,280.21679933207406,landmark_group,"lm,baseline",T3-L11,1,106.42563732769696,379.4558340571403,locality
AD001165,-292.95755595220214,2842.7368376019613,159.91360033678362,street_key,br,T3-L02,1,125.36564426096008,428.0143105084221,locality
AD001170,3379.7201325650963,-1872.0364075710772,133.14809509878208,street_key,br,T3-L10,1,176.74288423327357,162.9856742170917,locality
AD001171,-2687.7960055805324,-541.1264803988273,179.77206876603475,street_grid,"grid,poi,lm",T3-L06,1,90.13010161623585,389.11007440054806,locality
AD001174,2598.31943646845,-1931.9373929703509,16.193049030978568,baseline,"baseline,grid",T1-L11,1,19.320344115854088,18.681541692269406,rooftop
AD001176,3552.076621328366,-6.685763230452611,60.460099409036864,street_grid,"grid,baseline,br",T3-L05,1,36.47753615119704,68.16876117401564,street
AD001178,1529.3773625621598,-2104.9431699747106,182.20483437119816,street_grid,grid,T2-L11,1,287.5939905847858,432.5154794917749,locality
AD001186,2829.8522378462994,-2020.1642991490044,52.01106832011464,street_grid,grid,T1-L11,1,33.50153134811536,409.8013787190083,locality
AD001187,1342.863508853559,-294.0109776199807,72.7697115760812,street_grid,grid,T1-L03,1,35.6432518038449,211.95329674246628,locality
AD001191,359.89036994058443,2782.113702976228,50.312336207927146,street_grid,grid,T1-L07,1,18.47699703507179,240.57491556685605,locality
AD001198,1500.2837710671406,-1837.3282628048737,1513.2204506511432,locality_centroid,"loccent,baseline,locgrp",T1-L03,4,1325.1204633133425,789.0629949503399,pincode
AD001200,-2813.653986278427,870.8402124494615,91.76433367342327,street_grid,"grid,cm,poi",T1-L01,1,32.22524905119823,397.58684585886385,locality
AD001201,651.1589701065705,-2629.328805353043,57.175113265358064,street_grid,"grid,cm",T1-L04,1,12.145805187183342,478.59830756073495,locality
AD001207,2466.233546902639,932.3621340178621,64.74493136944506,street_grid,grid,T1-L08,1,17.29052086005583,46.9563627211479,locality
AD001208,1731.8443002933425,-1152.4095627125414,289.895400694227,landmark_poi,"poi,baseline",T1-L06,1,138.5688594023361,440.4258507399401,locality
AD001212,-1414.038119404424,2108.530648279977,1464.961982467189,locality_centroid,"loccent,baseline,locgrp",T3-L02,2,1727.8519857031617,1629.0096930343907,pincode
AD001214,2788.6436275178885,-1536.289714501102,170.76634201903403,baseline,"baseline,grid,poi",T2-L10,1,98.42525404448028,64.95544626896191,street
AD001216,904.3390294807319,-788.1747713917609,73.7976561855461,street_grid,"grid,br,lm",T3-L08,1,215.05881620623467,412.35799980114365,locality
AD001219,-294.1046415289638,-3584.38354329165,473.1977911879745,landmark_poi,"poi,baseline",T3-L12,1,273.1909392281209,1741.9877295779095,locality
AD001220,-2028.4276653181257,1646.6452035799662,137.26700535060814,street_key,"br,grid",T3-L07,1,225.43856599392046,440.55533137166776,locality
AD001223,695.5782858452225,-2999.2625252886305,53.50762036627802,street_grid,"grid,cm",T1-L04,1,18.463230921526435,65.0403720776566,locality
AD001231,3030.6413520812625,-2113.1232447976713,53.835160355050746,street_grid,grid,T1-L11,1,68.56033001822347,323.31787763747286,locality
AD001232,616.1598098797122,-3027.6666610199504,822.5285181831514,baseline,"baseline,loccent,locgrp",T2-L01,1,235.09149137196857,139.04826500176122,locality
AD001233,2411.8965725337453,-2344.420929953225,211.21434756308935,landmark_group,"lm,poi",T1-L11,1,107.13979963756105,515.3999029879614,locality
AD001236,2928.818419299903,-2513.8440567055536,255.87445769224558,landmark_group,lm,T1-L11,1,124.78535393979514,456.5731157218963,locality
AD001237,3001.8906377332783,871.7640926932445,178.69091835618576,street_grid,grid,T2-L06,1,442.22197911145975,527.5244544094614,locality
AD001239,-730.9228395387811,-3061.1012041615336,177.3285666201726,street_grid,"grid,poi,lm",T1-L02,1,42.315353252875475,414.3091840642688,locality
AD001240,1331.1965429498707,-227.3864560243731,66.65308076867426,street_grid,"grid,cm",T1-L03,1,7.991246472465244,233.76573743814563,locality
AD001242,1539.6715605779766,-1894.9556585942885,165.25523665290265,street_grid,"grid,lm",T2-L11,1,31.69461251312251,159.00644641020062,locality
AD001245,1581.8004734077972,-2062.9471000857548,99.91244699269923,baseline,"baseline,grid,poi,lm",T2-L11,1,100.37654654588906,167.11385340539553,street
AD001247,-723.7422525828982,-360.79925489439,99.23409344685051,baseline,"baseline,br,poi",T3-L03,1,121.69397202322543,163.40615043504326,street
AD001248,1377.4247930899949,-808.0787907231837,130.5702662652123,street_key,"br,poi,lm,lmbr",T3-L08,1,24.767312066244216,623.840187868656,locality
AD001254,2769.4024487773954,210.46516401112285,142.64027307634177,baseline,"baseline,grid,poi,lm",T2-L06,1,62.52427548946203,177.2610504312778,street
AD001256,2900.817448959361,-1871.583294818379,349.3985794650116,landmark_group,"lm,baseline,loccent",T1-L11,1,427.01285169648355,543.746190791255,locality
AD001257,2348.21695679734,1417.5989645242812,70.30627134983104,street_grid,grid,T1-L08,1,38.33896465658695,470.2983095865857,locality
AD001258,137.30878674951597,1856.9569362289683,72.96500004621078,street_grid,grid,T1-L07,1,32.58470260124358,766.166626785584,locality
AD001262,-1218.743536759265,-542.3921771760326,195.77032804070168,street_key,"br,lm",T3-L03,1,257.52538463849436,183.1766906568628,locality
AD001267,-2332.3719440154728,-2350.919130738755,277.28901943625726,landmark_poi,"poi,baseline",T1-L09,1,250.83130277091806,507.14495955298617,locality
AD001268,-764.8559693827905,-581.3943555875388,819.2746283513246,baseline,"baseline,loccent,locgrp",T3-L03,1,657.5510027518238,641.0988847284013,locality
AD001269,-2694.6121983419407,-197.94007517396207,818.6410095032383,baseline,"baseline,loccent,locgrp",T3-L06,1,286.4304056507624,209.7953764981486,locality
AD001271,2909.0806851460575,-1810.696350200945,62.29237559207776,street_grid,"grid,baseline,cm",T1-L11,1,32.263309954117624,125.5479191384707,street
AD001272,3004.959049598482,-2350.625131081996,70.78596039601628,street_grid,"grid,br,lm,poi",T3-L10,1,126.32685227286495,443.3702403184049,locality
AD001273,2407.9385570026443,-2348.068866994934,204.55890043474867,landmark_group,"lm,poi",T1-L11,1,165.0588454787912,454.4157127565021,locality
AD001274,757.1409577137533,-893.911060096951,86.29066627511612,blend,"grid,baseline,br,lm",T3-L08,1,80.8146297562996,233.06490512301502,street
AD001276,1861.6227522687811,-1114.8707388488817,828.4568053154746,baseline,"baseline,loccent,locgrp",T1-L06,1,1218.754954332679,1171.9611981631474,locality
AD001279,1043.4159073143076,-156.82478625554427,106.36510188916975,baseline,"baseline,grid,lm",T2-L02,1,28.183800031316203,66.46818787961658,street
AD001281,1476.2113689017747,-2152.884690289983,207.82915004336485,street_grid,"grid,poi,lm",T2-L11,1,194.7632202019351,130.04745287778616,locality
AD001290,1020.9978296757172,-996.4502930006679,276.3004510005523,street_grid,"grid,baseline",T3-L08,1,53.628323445405435,139.54189335106503,locality
AD001291,910.7975145425955,-816.5077951180008,87.7664408653199,street_grid,"grid,br,lm,poi",T3-L08,1,33.744280200687584,83.0086742455269,locality
AD001294,1508.0319023143456,-1653.1871594734753,1476.3645583253576,locality_centroid,"loccent,baseline,locgrp",T1-L03,4,1454.4474626529184,1620.8611661706257,pincode
AD001298,-804.5660180666409,-3037.335402057383,144.73617957773155,blend,"grid,cm,poi,lm",T1-L02,1,64.13686753740424,67.62085477129078,locality
AD001306,2849.5304719442856,-2049.756354834488,213.55883946769617,landmark_poi,"poi,lm",T1-L11,1,279.3268104374827,142.39382009062035,locality
AD001307,399.9751822151108,-3109.721276869551,70.25465033545657,street_grid,"grid,baseline",T1-L04,1,29.976478035495475,159.9052844655235,street
AD001314,-2476.952282834654,1316.4759227914092,84.83369720345027,street_grid,"grid,baseline",T1-L01,1,47.69111234112951,127.27784567629995,street
AD001318,1195.2018858562824,-68.49971513155873,114.50328478497124,baseline,"baseline,grid,poi,lm",T2-L02,1,167.66129739521114,160.90012430075996,street
AD001322,1499.864655192842,1575.3519870132004,1441.5907077044878,locality_centroid,"loccent,baseline,locgrp",T1-L07,2,1493.3338109514043,1817.5310726367238,pincode
AD001323,671.4775177575068,-2776.7099551611554,52.26595713544227,street_grid,grid,T1-L04,1,21.69242030880621,128.50408553816473,locality
AD001324,2633.8790664394182,-1927.2096079633804,51.594863666169545,street_grid,grid,T1-L11,1,1.834387000990548,16.070158679988385,locality
AD001330,-2794.6094273762246,-583.0310564409607,387.724597694516,landmark_poi,"poi,baseline",T3-L01,1,442.56142778097217,1487.9161972369277,locality
AD001331,-2902.938464487167,86.14613976304933,138.66546222298524,street_key,"br,grid",T3-L06,1,154.1855199370641,407.74277430752824,locality
AD001333,-2742.8802693258895,-305.616719522503,256.7275188178452,landmark_poi,"poi,lm",T3-L06,1,176.84940257821404,337.69720164668246,locality
AD001335,-2242.576479840231,-2584.9965540870708,144.85131464155606,blend,"grid,cm,poi,lm",T1-L09,1,3136.504485493322,3111.9152302079183,locality
AD001336,2700.9564225451086,-1798.1047119196348,53.829622863211604,street_grid,grid,T1-L11,1,4.3869575178040785,379.2811094689531,locality
AD001337,1417.683352670209,-2433.3564648809934,212.59774879108448,landmark_group,"lm,poi",T2-L11,1,101.45509830589484,338.37239840152426,locality
AD001338,2919.4356619294986,674.1105112918952,142.9822237821571,street_grid,"grid,poi,lm",T2-L06,1,81.96583466752979,179.96444093209098,locality
AD001339,877.2458670936304,2753.8894714697312,184.3413353821883,street_grid,"grid,lm",T2-L08,1,169.8624345845459,364.9789582975983,locality
AD001343,-1000.6949332668974,-385.12157028450866,100.18298091874237,baseline,"baseline,br,poi,lm",T3-L03,1,290.5517087467471,326.84438193121815,street
AD001346,-713.419938559419,-743.967577613116,165.08090831572102,street_grid,"grid,poi,lm",T2-L09,1,74.6390787816322,374.2495557779595,locality
AD001351,1293.2229144786493,206.6305152647047,233.21772640975885,landmark_group,"lm,poi",T2-L02,1,253.17203098768746,719.1079473903761,locality
AD001352,3997.324634176108,322.817139798498,80.45633128532727,street_grid,"grid,br,poi",T3-L05,1,69.51186239999574,188.78508945358996,locality
AD001354,2938.690175576555,-2067.5585246131245,59.84285608548219,street_grid,grid,T1-L11,1,114.90645095057903,367.06416332842974,locality
AD001355,654.2092748392358,-2631.153735351986,54.35925647740123,street_grid,"grid,cm",T1-L04,1,20.069560417663673,391.5532403134981,locality
AD001357,-391.33331312372763,3205.634314013106,821.2444804088447,baseline,"baseline,loccent,locgrp",T3-L02,1,244.77021028595115,267.79634052764794,locality
AD001360,-2210.975963230674,1195.1939873852036,148.32061484422576,blend,"baseline,br,grid,poi,lm",T3-L07,1,104.55145258429317,251.60294115927974,street
AD001361,-713.8524402212493,-2950.45600062247,174.0085388813589,street_grid,"grid,poi,lm",T1-L02,1,321.36305695443536,909.5355847903919,locality
AD001362,-1852.4720564336862,1130.1517359828676,1330.8003973435664,locality_centroid,"loccent,baseline,locgrp",T1-L01,3,1243.7879514384722,1581.6166412882737,pincode
AD001363,3224.358733190649,-2016.5321040881695,350.57653298526935,landmark_group,"lm,baseline,loccent",T1-L11,1,365.9052613690267,483.0489209179542,locality
AD001364,2782.8299527970235,-2399.710335636638,50.76357800057597,street_grid,grid,T1-L11,1,203.08475027959526,285.4456340531416,locality
AD001371,-2942.852704254697,-581.400055602583,115.07253258109367,street_grid,"grid,br",T3-L06,1,150.84229625907435,490.1124054744994,locality
AD001372,2968.987081088671,-2487.1356280753093,56.823572019490896,street_grid,grid,T1-L11,1,29.09631703807639,386.9406672863426,locality
AD001380,1522.0730031260057,-1925.0041780883753,148.29137391122552,street_grid,"grid,lm,poi",T2-L11,1,125.94870841393129,169.35386030439358,locality
AD001381,994.0594380380456,-342.0128139338806,159.6845185382742,street_grid,"grid,poi,lm",T2-L02,1,106.12616164157978,372.46971688984326,locality
AD001382,-494.01700465987744,-3291.109319729936,243.5016622992434,landmark_poi,"poi,lm",T3-L11,1,144.21052204367962,99.96359337278757,locality
AD001383,1725.3792824194811,-1742.0139498432213,1486.9433315326432,locality_centroid,"loccent,baseline,locgrp",T1-L03,4,1270.3147304442764,929.108174541587,pincode
AD001384,-2634.6028999277214,-495.32419583866823,64.27959348787871,street_grid,"grid,br",T3-L06,1,79.39997614075142,406.33867647567087,locality
AD001386,-525.2418474782646,-3437.465876966385,123.33023954048443,blend,"br,grid,poi,lm",T3-L11,1,130.0306576252202,182.67033147175286,locality
AD001387,3216.148952863784,-2002.3854299833367,335.9313469237009,landmark_group,"lm,baseline,loccent",T1-L11,1,113.90136992233658,454.4328443235591,locality
AD001389,586.4545235551515,2375.987727443416,67.34850553122776,street_grid,"grid,baseline",T1-L07,1,11.587649970594972,134.0839289400486,street
AD001391,-2663.5499735820003,-27.123007021148346,107.35724233903557,street_grid,"grid,br,poi,lm",T3-L06,1,41.27338794959297,316.72758010631156,locality
AD001393,-1331.8602333241874,328.4452559539379,335.14960512973,street_grid,"grid,baseline,loccent",T1-L05,1,206.3015891140996,93.53726530105527,locality
AD001395,1321.6237115056822,-850.8748359420388,217.0090526857949,landmark_poi,"poi,lm",T3-L08,1,214.73486410052956,247.1182915123849,locality
AD001396,-421.70740602192666,-3591.1332859987856,819.6685588593057,baseline,"baseline,loccent,locgrp",T3-L11,1,306.08930210613016,354.2600457291224,locality
AD001397,1560.503319999648,-1746.8081300498457,181.39611027469525,street_grid,"grid,lm",T2-L11,1,152.41278073729447,508.7196182574443,locality
AD001408,2675.690771465062,946.7653511988508,55.280740662399076,street_grid,"grid,cm",T1-L08,1,48.88683977000056,500.1287034354256,locality
AD001414,543.9452797099159,-2642.51986030128,60.02104713520664,street_grid,grid,T1-L04,1,24.575362237505065,394.88799677883327,locality
AD001416,2637.4396340602343,-1679.6418765312949,54.616832990731154,street_grid,"grid,baseline",T1-L11,1,41.53831008919313,55.9263801796611,street
AD001417,983.0013132249303,-352.5953104645901,155.25682358460855,street_grid,"grid,poi,lm",T2-L02,1,240.39538480742388,362.0195712941498,locality
AD001420,-2060.692162810157,-2276.317028760269,455.5435297432942,street_grid,"grid,baseline,loccent",T1-L09,1,193.33080386010252,432.9603330560434,locality
AD001422,3942.6053367625077,656.4728947788997,127.54477917467479,street_grid,grid,T3-L05,1,49.82005117624288,363.5880223549725,locality
AD001424,839.1311494758544,2520.221113829971,151.0777040362796,street_grid,"grid,lm,poi",T2-L08,1,308.9363586194737,236.58440354342878,locality
AD001425,842.180937792651,-3303.0451151600564,136.54956846474923,baseline,"baseline,grid,poi",T2-L01,1,58.16221076652496,127.1416532848303,street
AD001430,1043.5854897472736,2875.879502378374,202.8555351199945,street_grid,"grid,lm,poi",T2-L08,1,246.4216780080058,523.8331986424686,locality
AD001432,-434.69116057760675,-3400.4579619397155,124.95409056223954,street_key,"br,grid",T3-L11,1,92.38433389116352,172.36754334850872,locality
AD001433,2747.785010353894,-2475.7991260549084,53.76390399520299,street_grid,"grid,baseline",T1-L11,1,19.95890017335948,87.78485062925127,street
AD001434,686.923962051841,-869.2484272478774,75.74696676890775,street_grid,"grid,br",T3-L08,1,21.09035387328203,344.571110222549,locality
AD001436,-2348.825431943117,1261.0467490510107,113.86509242047696,blend,"br,grid,lm,poi",T3-L07,1,48.03681996136897,302.90001650709775,locality
AD001437,-2474.057069419491,-494.8302378881974,264.3976735459375,landmark_poi,"poi,lm",T3-L06,1,136.0188654669231,589.845411951301,locality
AD001443,-612.5217474020418,-3482.9811303140864,240.74719215395478,landmark_poi,"poi,lm",T3-L11,1,235.91189317044507,230.3281354936909,locality
AD001444,1015.4494875396273,-115.58837167976696,821.8701056355702,baseline,"baseline,loccent,locgrp",T1-L03,1,309.86180209036416,307.90656050172106,locality
AD001447,-1410.1890393594283,-2991.9962609265813,131.6204634595012,baseline,"baseline,grid,poi",T2-L05,1,147.0731799629848,152.12468570222248,street
AD001450,2505.956666277016,-1017.9857654952517,126.04734508690161,baseline,"baseline,grid",T2-L10,1,43.29016604141037,73.43003472694261,street
AD001457,884.9393324168332,2668.380507681508,154.85587074449137,street_grid,"grid,lm,poi",T2-L08,1,165.83429896709214,119.64952987788955,locality
AD001458,-2826.5678139295787,-509.6970862742554,118.11424700781036,street_key,"br,grid,lm,lmbr",T3-L06,1,58.95458728765464,312.58038966000413,locality
AD001462,950.3323318844853,-3336.0132809914007,63.844923164057,street_grid,"grid,cm",T1-L04,1,17.853567298956644,429.23730033630574,locality
AD001465,-718.9187308257763,-774.8668937576431,172.9456797684686,street_grid,"grid,poi,lm",T2-L09,1,74.21638055715692,473.24599311563117,locality
AD001466,3555.458766948123,-17.27681522932497,63.46987276827942,street_grid,"grid,br",T3-L05,1,78.55161071829845,455.1308603028364,locality
AD001468,384.4371854458486,-3260.989254973743,53.7559247147055,street_grid,grid,T1-L04,1,565.4751629359225,219.8014558641501,locality
AD001469,-2607.61588781464,1354.6554868718597,157.02032170633322,street_key,br,T3-L07,1,85.97392457575413,215.50025522026658,locality
AD001472,1072.4042230673451,-3655.5801207640457,905.3223026917686,baseline,"baseline,loccent,locgrp",T3-L12,1,1520.55330061808,1624.92249969037,locality
AD001473,580.9056442904922,1636.4726488476335,845.8004938666118,baseline,"baseline,loccent,locgrp",T3-L09,1,358.99304919197846,401.22076217464127,locality
AD001479,2930.972793450919,-2505.422794340418,263.7038746360465,landmark_group,lm,T1-L11,1,55.221547226064985,506.2710835115906,locality
AD001480,3394.53866640767,-1913.1089834869917,264.71638513153067,landmark_poi,"poi,lm",T3-L10,1,439.7433148081465,802.6582398505604,locality
AD001481,2964.427191008171,-1813.155037692597,161.18639299965034,street_key,br,T3-L10,1,92.96603686713999,421.7196462106076,locality
AD001487,1518.5885809186307,-1755.8065221614459,180.088475362625,street_grid,"grid,lm",T2-L11,1,198.16357712785606,331.14507394796004,locality
AD001488,-1600.647426939419,-2851.2439098733375,224.26981989254617,street_grid,grid,T2-L05,1,89.21434240980007,291.59986282575636,locality
AD001489,1472.3665331857105,-1879.6677426363626,151.76309855763776,street_grid,"grid,lm,poi",T2-L11,1,219.47791443275935,68.86000290444363,locality
AD001490,-1123.4036128597397,371.13801642908277,827.9398336146182,baseline,"baseline,loccent,locgrp",T1-L05,1,481.7185872441359,541.6543731938291,locality
AD001493,739.5255743985877,-2856.7937251561866,256.9606061981044,street_grid,grid,T2-L01,1,95.96803251755377,428.89468404259793,locality
AD001494,671.0960962030812,-3056.6400660080953,180.39684109180718,street_grid,"grid,poi,lm",T2-L01,1,56.90744647576256,23.397649454592734,locality
AD001495,1539.4795185028138,-1606.096409929696,1447.9987206151059,locality_centroid,"loccent,baseline,locgrp",T2-L01,4,376.30539421950186,476.81938928697105,pincode
AD001496,1606.5717505724435,-1206.7610168115577,285.3017707413319,landmark_poi,"poi,grid",T1-L06,1,233.05149933372533,443.3785403016253,locality
AD001499,3573.7044138664983,20.547580832441724,56.92504428926395,street_grid,"grid,baseline,br",T3-L05,1,62.32405589125675,87.44421078607778,street
AD001503,2840.895806812046,-1556.4544003324738,156.25009576858017,baseline,"baseline,grid,lm",T2-L10,1,86.78544830742679,172.23269143806593,street
AD001505,978.9368950174958,2698.746892710837,152.537552415431,street_grid,"grid,poi,lm",T2-L08,1,94.19728385031696,98.51847542466334,locality
AD001509,3080.533070506303,-2531.9699134900184,61.46129795754335,street_grid,"grid,cm",T1-L11,1,40.23525630295146,576.8002947294667,locality
AD001516,1820.7858350388385,-1677.5691756601168,1498.5115921040435,locality_centroid,"loccent,baseline,locgrp",T1-L03,4,1489.2454258009386,1786.9345958932017,pincode
AD001520,-743.0320653218189,-3782.7679473884345,111.20676737784761,baseline,"baseline,grid",T3-L11,1,139.98321857553952,215.33548244541595,street
AD001521,-608.8861871349193,3225.5489239175786,217.66116462237807,landmark_poi,"poi,lm",T3-L02,1,142.07541003923313,420.7046469912116,locality
AD001523,2950.3661397107194,252.73013763219626,148.3768375360893,street_grid,"grid,poi,lm",T2-L06,1,11.159446627281845,353.8802622356889,locality
AD001524,4061.390809737027,97.22812324560469,65.8818304629932,street_grid,"grid,br",T3-L05,1,184.3619499287359,786.8270775716858,locality
AD001528,1495.5969107012081,-2449.3926291090193,155.44350044760637,street_grid,"grid,lm,poi",T2-L11,1,286.8389943523903,409.5344918318847,locality
AD001530,1137.7478945646733,-348.54836905180287,66.9310368551445,street_grid,grid,T1-L03,1,21.733376324576014,180.40800980000864,locality
AD001534,-1759.887392925534,-1484.942426527905,1719.9243984996058,locality_centroid,"loccent,baseline,locgrp",T3-L01,5,1535.3303328155878,1647.5707814840612,pincode
AD001539,196.34868104309143,1967.4497237826936,64.12865068973323,street_grid,"grid,baseline",T1-L07,1,57.64092410164199,155.76315353767077,street
AD001540,-2335.5147191308,1762.57539169456,143.49189694570137,baseline,"baseline,br,lm,lmbr",T3-L07,1,68.35671155058651,171.36143089972137,street
AD001546,-1307.6094845288592,-3425.5884337638695,231.36335450689836,street_grid,grid,T1-L02,1,119.20665559676837,609.0757752529646,locality
AD001549,2500.301196554725,-1342.8633730971337,181.16092773501694,blend,"grid,poi,lm",T2-L10,1,204.64193589390783,414.54197616164265,locality
AD001551,1589.9063840773515,-2428.1606813477624,199.31262596466743,street_grid,grid,T2-L11,1,147.47923932103967,654.2258402111614,locality
AD001554,2644.259886285833,-2175.1903554229157,51.87939095137836,street_grid,grid,T1-L11,1,16.91828142532542,138.30361528174146,locality
AD001555,-2384.2682882132513,1788.1225114177882,287.50166760184965,landmark_group,"lm,baseline",T3-L07,1,205.0204710973724,325.5563238519564,locality
AD001556,1077.1341650258362,2654.6713354107546,200.2872565390737,landmark_poi,"poi,lm",T2-L08,1,76.90640510038736,59.772401658290406,locality
AD001563,-805.0655484588964,-773.9094854515637,212.94095251859196,landmark_poi,"poi,lm",T3-L03,1,103.62291455357833,315.516402109304,locality
AD001564,-660.3594663243646,-3515.859115319993,257.8349584473748,landmark_poi,"poi,lm",T3-L11,1,489.075598895641,183.29822694177923,locality
AD001567,2897.0369978575964,-2129.571324954199,53.518030594414476,street_grid,grid,T1-L11,1,59.96518244977149,109.98954495769138,locality
AD001570,2659.745856741826,1237.2462867489064,59.75999724229261,street_grid,grid,T1-L08,1,113.57551433437575,447.33776947626484,locality
AD001574,3843.2920072115485,42.27380101209877,96.77609811735623,baseline,"baseline,grid",T3-L05,1,115.80321819814746,130.44730736968077,street
AD001575,837.4901785306172,-2722.4937496001207,254.18226570876922,street_grid,"grid,poi,lm",T2-L01,1,95.61568386898881,570.349454282197,locality
AD001577,1147.734443040478,389.2491851809111,223.20673075673935,street_grid,grid,T2-L02,1,217.9996965718565,631.5789182675431,locality
AD001578,-2102.6351633392073,1610.2647148277042,153.33808348501455,street_grid,"grid,poi,lm",T3-L07,1,187.37382946476782,114.43932890400932,locality
AD001579,2574.85175051313,-2317.4810979875383,51.21465048165898,street_grid,"grid,baseline",T1-L11,1,86.56892749675318,33.190510692063846,street
AD001581,2717.2724915988256,-1816.2734997618898,71.54963072684623,street_grid,"grid,baseline",T1-L11,1,17.783020769722917,121.14982459747948,street
AD001584,1525.817498736462,-2046.9884631276725,182.11375052524232,street_grid,grid,T2-L11,1,253.10980722849536,325.7868167989614,locality
AD001586,1423.041212091224,-1907.7548610807032,156.49241169357825,street_grid,"grid,poi,lm",T2-L11,1,154.01227569731054,153.08409453630378,locality
AD001587,-468.67132803676765,3214.6606135514976,819.9002670698845,baseline,"baseline,loccent,locgrp",T3-L02,1,407.794061067094,427.36029296133717,locality
AD001589,782.9977028188167,3055.6333925915555,117.63999088081073,baseline,"baseline,grid,lm,poi",T2-L08,1,110.58678867189094,22.92596780945154,street
AD001591,-1584.328610138183,-2845.4519843013204,222.14182767938948,street_grid,grid,T2-L05,1,155.05203673118646,302.758649752571,locality
AD001592,1475.9207514009524,-1761.2289363529053,184.1712190527568,street_grid,grid,T2-L11,1,698.6038988275951,122.25694254315381,street
AD001596,726.7297218888319,-3226.1665127683295,57.44238278521434,street_grid,"grid,cm",T1-L04,1,19.03284393646464,186.19068182913992,locality
AD001605,3646.7539382489463,568.6589663078042,176.63236268238384,blend,"poi,grid,lm",T3-L05,1,15.991877398248219,186.26744213630036,locality
AD001616,2532.3382936936146,1366.657612995194,75.7190937566138,street_grid,"grid,baseline",T1-L08,1,20.58089430857731,8.158431221748437,street
AD001617,313.21620692451,2336.54300707979,819.5986292172657,baseline,"baseline,loccent,locgrp",T1-L07,1,446.67496448284453,403.0748441666881,locality
AD001618,1022.0721707593849,-474.7943284339773,84.08714181027172,street_key,"br,grid,poi",T3-L08,1,164.34349954495488,352.2609544073825,locality
AD001619,2527.633180562545,-1155.940956896979,170.50748160568685,blend,"grid,poi,lm",T2-L10,1,145.11071043426762,105.19928706982749,locality
AD001620,-196.8830689251888,-3465.9054865450926,171.14166746932392,street_key,"br,lm",T3-L11,1,201.9293165478438,483.5405463867534,locality
AD001621,-487.07866779916105,3195.474084256911,819.407592103428,baseline,"baseline,loccent,locgrp",T3-L02,1,426.9349262771323,458.3026620040517,locality
AD001622,911.13635306537,-845.4761282211485,171.8891690340753,street_key,"br,grid,poi,lm,lmbr",T3-L08,1,326.57360538842164,451.4688582837137,locality
AD001625,-2524.2401952082614,1191.5873389953858,419.66340277530395,landmark_group,"lm,baseline,loccent",T1-L01,1,238.15783131268307,278.32085800385147,locality
AD001626,-721.5628861212215,-3040.040208595048,197.03037076755604,street_grid,grid,T1-L02,1,185.64173499281833,341.2425530322971,locality
AD001627,1510.7037972740366,-1644.0545651471655,1447.8369036504228,locality_centroid,"loccent,baseline,locgrp",T2-L01,4,468.1608844744242,407.82096562094506,pincode
AD001628,771.2045978831454,2913.17795340967,125.25257171949822,baseline,"baseline,grid",T2-L08,1,111.62859211440899,46.90095947845841,street
AD001629,572.5058635801508,-3014.943570456158,63.477515215329994,street_grid,grid,T1-L04,1,26.814462977537367,311.3172176414277,locality
AD001630,599.6184673348527,2865.2499435036543,86.78580502566608,street_grid,"grid,baseline",T1-L07,1,32.90132976280078,222.55394851585982,street
AD001631,2678.2739915416037,545.194478141783,407.9956999473819,baseline,baseline,T2-L06,4,56.20477704135929,5.470831746635905,rooftop
AD001638,636.0340706043028,-3032.7162747443836,814.8006522885959,baseline,"baseline,loccent,locgrp",T1-L04,1,300.16514373396944,327.3697603628044,locality
AD001647,-1567.0752185468343,-2888.606266451955,172.92981797536527,street_grid,"grid,poi,lm",T2-L05,1,75.94284319392914,152.03900815251325,locality
AD001649,2294.5467333209695,-2414.1661652547327,60.809733609199206,street_grid,grid,T1-L11,1,34.49779362054568,627.6457041994314,locality
AD001651,-800.8793198413881,-2939.4554444861737,209.81699187078587,street_grid,grid,T1-L02,1,82.53685574803542,351.5702490257104,locality
AD001652,1281.2525813815362,-2404.979791628522,139.4540084478354,baseline,"baseline,grid,lm,poi",T2-L11,1,99.7359973931363,129.609336083478,street
AD001653,957.8449512774974,222.02296960782786,71.95832052606602,street_grid,"grid,cm,poi",T1-L03,1,10.149088364277297,338.6078114869768,locality
AD001654,972.1914014496551,2545.309621495454,201.81356390826792,landmark_group,"lm,poi",T2-L08,1,165.0384602066984,392.0880768398856,locality
AD001656,1053.3416250870307,-29.593584394625925,201.84209313876252,street_grid,grid,T2-L02,1,192.93499796731774,177.3278601912289,locality
AD001660,644.3017766073947,2605.9652672655375,133.4992590966118,baseline,"baseline,grid",T2-L08,1,114.46720862269133,54.73901716326298,street
AD001662,-459.3826828125088,3299.384979414267,213.38120737996016,street_grid,grid,T2-L03,1,131.43963666782,433.76197389812756,locality
AD001664,1398.5911302878314,-2160.8603172348626,254.75015006155385,landmark_poi,"poi,lm",T2-L11,1,477.3865515440404,381.4115362702077,locality
AD001673,1306.9714048675328,-1782.538130600907,128.81809075887506,baseline,"baseline,grid",T2-L11,1,233.85418129261768,179.03589025667458,street
AD001676,1766.7333956238108,-1674.8942255866773,1484.8744773115998,locality_centroid,"loccent,baseline,locgrp",T1-L03,4,1867.3728277926311,1885.694909045469,pincode
AD001677,-731.3071672610964,-2875.4106012426378,192.92393005932536,street_grid,"grid,poi,lm",T1-L02,1,206.7286181975834,429.8916724013155,locality
AD001680,1470.6383545308945,-2446.6588613527347,100.62036534446482,baseline,"baseline,grid,lm,poi",T2-L11,1,23.89881279659901,28.185812033716658,street
AD001682,-687.0369711481608,-405.5190538297672,829.2550021021445,baseline,"baseline,loccent,locgrp",T2-L09,1,103.54471191157602,172.8195590782478,locality
AD001683,2611.7223983443096,-1303.4978311281714,157.67837796251837,blend,"grid,poi,lm",T2-L10,1,119.5453261851625,239.68339533643137,locality
AD001687,-2467.404608540559,1570.0873987967423,814.5286935871228,baseline,"baseline,loccent,locgrp",T3-L07,1,394.44020129497284,347.51761106453307,locality
AD001689,-448.51779479794874,-657.2400774198117,125.91591145498265,baseline,"baseline,grid",T2-L09,1,155.69330869068529,100.14853967981763,street
AD001692,-2828.5242625499377,1448.8572889926493,109.85690201745822,baseline,"baseline,br",T3-L07,1,84.55061153748538,90.0112215226525,street
AD001693,-443.1581124862275,3299.864728687944,153.65576622305682,street_grid,"grid,poi,lm",T2-L03,1,204.83957050493237,277.62449459656835,locality
AD001694,1591.0022122859968,-2224.079595078163,157.42317275722917,street_grid,"grid,lm,poi",T2-L11,1,159.67457102335104,472.4839150701324,locality
AD001695,2892.5179045264877,-2206.5278034310754,825.6243347132884,baseline,"baseline,loccent,locgrp",T1-L11,1,507.66672999911424,661.116298392348,locality
AD001697,853.7489069064443,3233.2901535766878,132.5699895199481,baseline,"baseline,grid,lm,poi",T2-L08,1,29.28233170359437,143.84787103047432,street
AD001700,2942.8197856965494,329.559502209304,156.45538877042088,street_grid,"grid,poi,lm",T2-L06,1,101.29582851027766,18.1135308540329,locality
AD001702,2478.113356045152,-2267.137480504458,51.17093481146265,street_grid,"grid,baseline",T1-L11,1,22.627248892647025,6.841052550594788,street
AD001706,3412.723885897361,-2154.918532646524,256.2107789196338,landmark_poi,"poi,lm",T3-L10,1,118.69547564506043,397.42653409152234,locality
AD001712,3018.5709774159754,678.076876697608,201.99599114395176,street_grid,"grid,lm",T2-L06,1,77.45611357327543,259.5976309599146,locality
AD001713,1726.7089685317505,-2057.6076965926404,18.447028975744267,baseline,baseline,T2-L11,1,1.4269048323967262,0.8544003745319074,rooftop
AD001714,2299.959482411858,1666.6790599266672,916.7892084811433,baseline,"baseline,loccent,locgrp",T2-L04,1,498.8683270601166,486.1409054996298,locality
AD001715,-1768.6033462613277,-1351.4540085929748,1719.9623350750614,locality_centroid,"loccent,baseline,locgrp",T3-L01,5,2517.793256658596,2665.8632260489285,pincode
AD001720,1066.3320559500448,310.3663788698848,181.9235341442906,street_grid,"grid,poi",T2-L02,1,274.8277589125622,553.5912300605926,locality
AD001722,-1564.7877385318411,2434.4009211028697,1425.1404404944362,locality_centroid,"loccent,baseline,locgrp",T3-L02,2,1321.084071238475,1330.392122646553,pincode
AD001725,1576.1355162530747,-1694.2338071521222,1472.6953005991097,locality_centroid,"loccent,baseline,locgrp",T1-L03,4,1465.1983820986559,1510.572216082369,pincode
AD001726,2896.2977143191542,883.9131577450773,103.68673122489626,baseline,"baseline,grid",T2-L06,1,26.13325378798603,52.0201883887401,street
AD001731,1358.3469409860907,-1878.0723311290433,111.7266150958198,baseline,"baseline,grid,lm",T2-L11,1,109.87274816329999,53.00764095863922,street
AD001732,-1927.2554807613428,-2631.2032538867697,117.66891825077542,baseline,"baseline,poi",T1-L09,1,137.9752941417574,124.15752091597206,street
AD001734,-2780.8812954750356,1457.639341991115,140.03400067666524,street_key,"br,poi,lm",T3-L07,1,128.26561021920352,396.1649403973048,locality
AD001738,-831.4884754781181,-1463.0959464781492,76.43912722012391,street_grid,grid,T1-L12,1,62.17097291243532,263.9025009354781,locality
AD001741,1576.224012578656,-1888.256829842646,180.0109001072699,street_grid,"grid,lm",T2-L11,1,23.289017607501208,159.3563302790322,locality
AD001742,-1288.8082383145959,-3022.4858902224687,213.02990080875387,street_grid,"grid,poi",T1-L02,1,159.5286820912621,322.698016727714,locality
AD001743,986.3901267298409,2953.4306006785546,161.10442199852082,street_grid,"grid,lm",T2-L08,1,309.4479985707688,382.6750318481728,locality
AD001746,3063.5590568080547,-2053.322057702987,55.92030932411695,street_grid,grid,T1-L11,1,142.97558063203115,308.7500283400797,locality
AD001748,3863.223153969393,120.69114402658043,108.52102704960203,street_grid,"grid,br,lm",T3-L05,1,42.06688211934827,403.9184323598021,locality
AD001752,1447.810096856701,-2351.4180323661826,156.9743574938814,street_grid,"grid,lm,poi",T2-L11,1,86.84706853979773,165.53492078712569,locality
AD001753,921.1098360758145,-2912.598628277002,77.06642510550165,street_grid,"grid,baseline",T1-L04,1,17.92219095604486,84.94451130002453,street
AD001754,-2370.1485338693124,-88.96119946194396,51.26824243721492,street_grid,"grid,br,baseline",T3-L06,1,6.15406357279372,84.17559028602072,street
AD001755,1618.8843957323859,-1897.3727588500544,1663.2901316157224,locality_centroid,"loccent,baseline,locgrp",T3-L08,3,1457.2139000832483,1033.3968501984123,pincode
AD001756,-1224.9634482140793,-2253.726837021296,290.7842423726784,landmark_poi,"poi,baseline",T3-L04,1,251.2980339044996,432.8459887766087,locality
AD001760,3077.2833214933657,-2524.670352787925,70.15129053577495,street_grid,"grid,cm",T1-L11,1,141.05076122783814,371.4288626372483,locality
AD001761,-1667.7537862071886,-2552.3928872683023,231.19512246517118,street_grid,grid,T2-L05,1,122.41565414573199,168.7075872626953,locality
AD001765,2607.5580936589763,-1317.6129364094525,238.26571867373164,street_grid,grid,T2-L10,1,417.42592154528467,115.98103293211372,locality
AD001766,2945.4490630292103,-1975.087934983265,294.040200686853,landmark_group,"lm,grid,baseline",T3-L10,1,1354.5169524978041,1555.4363792839615,locality
AD001767,839.7001824253634,2561.975267689164,145.18648426803486,street_grid,"grid,lm,poi",T2-L08,1,315.59566244382495,340.22956955561637,locality
AD001768,809.1531953995153,2503.036717873278,186.4172773794537,street_grid,"grid,poi,lm",T2-L08,1,211.47861097138338,713.8329286324636,locality
AD001770,2410.621872532805,-2346.6223328954243,208.6950762946624,landmark_group,"lm,poi",T1-L11,1,95.9410400906823,443.4475166240082,locality
AD001775,2903.8578084613428,-2383.3328242079033,53.51196815702366,street_grid,grid,T1-L11,1,6.842186313680565,296.065161746532,locality
AD001776,-3192.1353148914277,-477.15353601569535,299.1952907638923,blend,"grid,poi,lm",T3-L01,1,789.0465444555723,1344.9356936299966,locality
AD001779,3191.1687808064376,-1907.7104169648826,817.8850031240024,baseline,"baseline,loccent,locgrp",T3-L10,1,151.86550079827006,138.58185306886344,locality
AD001788,-1181.6603129158395,817.7683360950889,272.31501185470796,landmark_poi,"poi,grid",T1-L05,1,254.83843833280872,251.56758535232635,locality
AD001789,-817.4024782940554,-3274.9101686340073,221.95129520444965,street_grid,"grid,lm",T1-L02,1,93.108017743782,316.0937993697441,locality
AD001790,-3063.3327603938114,1710.8639699433509,150.36196399815006,street_grid,"grid,poi",T1-L01,1,181.66595215449178,353.80901627855684,locality
AD001792,-2806.574387733938,-484.57760447938455,95.75075719172872,baseline,"baseline,br,grid,lm",T3-L06,1,26.193292118059656,75.67205560839483,street
AD001794,671.7616664187794,-2897.4917659650114,191.6431607511463,street_grid,"grid,poi",T2-L01,1,261.03818593720325,305.7879330516494,locality
AD001798,-3702.1734338470173,-867.9893072232502,818.8860220734379,baseline,"baseline,loccent,locgrp",T3-L01,1,340.36882535464446,378.50659175237604,locality
AD001799,3281.0219664987353,-2079.241313872406,62.208368112185255,street_grid,grid,T1-L11,1,138.12435256492313,381.769315162966,locality
AD001800,2524.663328437971,-2191.9013124438584,53.872630220640914,street_grid,grid,T1-L11,1,29.304177634145066,63.589700423889205,locality
AD001802,3166.6472760816096,-1711.306062947182,111.18195575304244,baseline,"baseline,poi",T3-L10,1,93.52621013461777,104.20119960921737,street
AD001807,1178.2885851818503,3225.355016773027,431.0351959287995,baseline,baseline,T2-L08,4,197.79730346891907,208.36230465225702,street
AD001808,767.7252867410588,-3077.1343303759677,817.8124459679573,baseline,"baseline,loccent,locgrp",T1-L04,1,242.3182589608946,159.97977997234517,locality
AD001811,917.2476436236415,3034.1578229126244,154.57244355790294,street_grid,"grid,lm,poi",T2-L08,1,62.90754685398744,465.9336648064831,locality
AD001812,3787.781764519577,318.74998675364077,218.21268193393732,landmark_poi,"poi,lm",T3-L05,1,282.24881348067595,433.5199418711902,locality
AD001815,-2741.592858800707,1079.4147512895065,252.81271998954946,landmark_poi,"poi,lm",T1-L01,1,266.4196552779149,364.17547967978277,locality
AD001821,2501.571262000844,-2426.9945658592437,59.587130045645466,street_grid,"grid,baseline",T1-L11,1,24.258159218862776,69.3081524786226,street
AD001822,-2635.7120927445503,-524.9026471950334,66.95366233256651,street_grid,"grid,baseline,br",T3-L06,1,179.26657081090414,163.21482775777454,street
AD001830,1187.3618363443436,2986.1110982628975,132.57696608815675,baseline,"baseline,grid",T2-L08,1,144.12625821751377,216.5444296212674,street
AD001832,4025.4062501753197,144.38709392826175,97.48287507050716,baseline,"baseline,grid,lm",T3-L05,1,9.562734023972212,52.92258497088005,street
AD001833,1515.486660528998,-2382.720035964087,165.10383157759912,street_grid,"grid,lm,poi",T2-L11,1,30.5329394581293,415.11983811906646,locality
AD001836,-2614.2902274104604,1464.1243545082114,97.81478439339318,street_grid,grid,T1-L01,1,87.08595564825981,541.8180598688086,locality
AD001837,-1866.9758929099967,2371.5403500029643,879.1379444245524,baseline,"baseline,loccent",T1-L10,1,319.3278902521414,246.00812994695934,locality
AD001842,-3562.578572276873,-767.179259683714,139.1412838571341,street_key,"br,grid",T3-L01,1,100.08015079813295,323.4904171687315,locality
AD001844,-601.5643924382413,-185.58129805690191,128.25292120833922,baseline,"baseline,grid,poi",T2-L09,1,20.803364627271726,87.75448706476493,street
AD001845,3531.145438579324,4.794790851366449,65.25662452504346,street_grid,"grid,br",T3-L05,1,72.34654063442285,568.7756411802459,locality
AD001847,-2406.6545349590456,1189.6314824476742,111.54557691162498,baseline,"baseline,br,grid,poi,lm",T3-L07,1,40.813048982854255,95.61223771045212,street
AD001849,473.3004606804459,2745.4018342925992,67.76150335995858,street_grid,grid,T1-L07,1,47.39968258840864,540.7716893477321,locality
AD001851,1696.8400260548472,-1519.9227986512017,1483.7196988723033,locality_centroid,"loccent,baseline,locgrp",T2-L01,4,1503.893380210959,1920.4839416147172,pincode
AD001852,656.281938237934,-3316.3198994126606,202.873921749349,street_grid,"grid,poi,lm",T2-L01,1,41.822978386662456,396.4231703621773,locality
AD001854,910.7932257433044,-822.0430371380578,89.84553206939314,street_grid,"grid,br,lm,poi",T3-L08,1,41.005071813308916,180.9709921506759,locality
AD001855,2480.7259056514426,-1298.6997217203573,177.39137348485866,blend,"grid,poi,lm",T2-L10,1,102.91816760192772,248.18011604477908,locality
AD001856,-1062.5552138110957,-519.2794658118831,215.45043255231303,landmark_poi,"poi,lm",T3-L03,1,304.6876189011442,452.4590810228037,locality
AD001857,1635.943961932274,-2276.6546853310597,150.02071107639202,street_grid,"grid,lm,poi",T2-L11,1,47.703281143958975,357.547898889086,locality
AD001862,-2130.9134021234904,1240.9446473451012,1324.9601397980093,locality_centroid,"loccent,baseline,locgrp",T1-L01,3,1149.4538803002545,819.3314469736897,pincode
AD001864,-187.38889861398437,-3903.6226086587203,16.455448909659683,baseline,baseline,T3-L11,1,10.916725006426233,10.673799698326917,rooftop
AD001865,451.3775544990502,1547.9091301422043,273.50723836849807,landmark_poi,"poi,baseline",T3-L09,1,228.14713139210693,341.52916420124353,locality
AD001866,713.4414059259043,-3483.8080553548434,265.3548659864711,street_grid,grid,T2-L01,1,165.19948727822924,605.7384914300891,locality
AD001867,2770.854533257011,1180.8981689462055,63.935385224546685,street_grid,"grid,baseline",T1-L08,1,256.99088434959475,161.34339155974132,street
AD001868,-2325.837040700053,-234.48144863502344,58.9433631026503,street_grid,"grid,br",T3-L06,1,120.5348085683775,359.48969387174367,locality
AD001873,-773.1474945862782,-2186.1653981479735,14.661201218532137,baseline,baseline,T3-L04,1,17.19181598384462,17.18284027743947,rooftop
AD001879,566.9413990489542,-2862.9138399296367,56.79215031636545,street_grid,grid,T1-L04,1,10.340988855793556,253.42630092395717,locality
AD001880,3557.1819187094666,158.41816477009624,112.16308137393519,blend,"grid,baseline,br,poi",T3-L05,1,79.506678630432,152.58650005816392,street
AD001881,894.3136426879172,182.47535440781226,214.2050374064676,landmark_poi,"poi,lm",T1-L03,1,247.77669053775114,446.30367464317396,locality
AD001882,696.8212738118186,-2999.689245555539,53.73471449583254,street_grid,"grid,cm",T1-L04,1,2.9362283774751856,137.5809579847443,locality
AD001886,3523.2821586676337,-2219.9502489729816,163.59261414885862,street_key,br,T3-L10,1,86.08908624449884,356.3408761284621,locality
AD001890,1074.5775920992678,-498.543191504473,145.2154010375789,street_grid,grid,T3-L08,1,37.9231461987621,101.84085624149081,locality
AD001891,-2940.6948951067025,-40.54461001610484,123.8574981248873,street_key,"br,grid,poi",T3-L06,1,51.57377191635025,435.6772773510229,locality
AD001899,2922.497305508046,-2480.8636888908622,259.1568644622257,landmark_group,lm,T1-L11,1,168.20429659410757,582.5698327239404,locality
AD001900,-1100.6162168205708,-3003.8035336055023,201.40036883812573,street_grid,"grid,poi,lm",T1-L02,1,1828.856878642316,1830.5327858303986,locality
AD001901,-3661.9925088044142,-701.1969577464453,155.2499971091389,baseline,"baseline,poi",T3-L01,1,74.84455712025543,99.14055678681659,street
AD001914,-277.7845057489065,1110.4409813360078,231.26523387941523,landmark_poi,"poi,lm",T2-L12,1,1154.9486383921226,1306.2992765825143,locality
AD001920,3604.01851486419,613.0179522854116,92.16994988956361,street_key,"br,grid,poi,lm,lmbr",T3-L05,1,23.71462289604597,327.62400705687,locality
AD001922,-671.4663679209704,-3748.071121728103,64.67945972415885,street_grid,"grid,br",T3-L11,1,159.0722466376452,267.9176365975185,locality
AD001923,985.9584689157925,2930.308958095603,186.5270465860603,street_grid,"grid,lm",T2-L08,1,16.691093573678536,182.09066423076172,locality
AD001927,1668.2418164414373,1472.2932061852885,1407.7965812377624,locality_centroid,"loccent,baseline,locgrp",T2-L04,4,1117.7506496132557,1304.9282355746616,pincode
AD001929,3046.0097998646715,39.215852720858635,130.1269783658,baseline,"baseline,grid",T2-L06,1,188.23964142756898,255.2007249206005,street
AD001933,3534.2432128143405,-2176.207002370642,142.03996484154325,street_key,"br,poi,lm",T3-L10,1,53.793547442283284,532.3720597476918,locality
AD001934,-2904.2569486426,-570.9302878525812,112.67829766813026,street_key,"br,grid",T3-L06,1,160.7706271471558,570.9083376515009,locality
AD001937,794.6318929771106,3064.867713295318,115.21763442838608,baseline,"baseline,grid,lm,poi",T2-L08,1,55.51960291191081,39.8579979426965,street
AD001944,2707.136602608949,-1001.1141697256971,269.9204088888487,street_grid,grid,T2-L10,1,364.1790154358718,906.7119167629814,locality
AD001945,-3014.0491547794327,709.0225649509027,96.79185168185619,street_grid,"grid,poi",T1-L01,1,2.6536373256289725,369.89366039444366,locality
AD001947,-453.20978816316307,-3354.3553480330083,98.41388628475248,street_grid,"grid,br",T3-L11,1,432.15717709833723,240.385773289519,locality
AD001952,861.9084424897343,2682.5188388558663,190.3827629127667,street_grid,grid,T2-L08,1,114.09712949466673,76.7177945459853,locality
AD001954,1388.3868943580649,-1801.992147312776,184.56453923786694,street_grid,"grid,poi,lm",T2-L11,1,282.3636650739346,498.22790969595434,locality
AD001960,2580.846146611167,-2068.6711553144255,56.47641764503002,street_grid,grid,T1-L11,1,15.515169334265078,248.56729471111058,locality
AD001962,1517.2205300209168,-1959.5098929890635,138.8136736279602,street_grid,"grid,poi,lm",T2-L11,1,120.56180506602405,69.38270677913917,locality
AD001963,-632.3675016860931,-733.5693600626809,200.0908201007659,street_grid,"grid,lm",T2-L09,1,318.3692976101624,453.5240897681181,locality
AD001969,-1362.0393013657188,-3196.9039555968025,127.49085090337492,baseline,"baseline,grid,poi",T2-L05,1,124.35750581735677,119.53518310522638,street
AD001971,2621.8182819992894,-1205.4023419542466,248.27818888829336,street_grid,grid,T2-L10,1,202.90615210143318,377.5847984228178,locality
AD001972,676.229116107789,-2855.7723282364127,57.54985909646585,street_grid,"grid,baseline",T1-L04,1,24.402190391846375,67.45850576465504,street
AD001973,1687.3150503399565,-1594.5534837257749,1469.5883894186006,locality_centroid,"loccent,baseline,locgrp",T1-L03,4,1433.735800910304,1501.1638151780771,pincode
AD001976,3415.320418630099,-1839.007093981986,110.15155583014241,baseline,"baseline,poi",T3-L10,1,78.21755216507913,66.59587074286208,street
AD001977,3485.020747692391,374.446119710523,860.7071004414105,street_grid,"grid,baseline,loccent",T3-L05,1,252.3158774633053,172.05536899498372,locality
AD001978,3071.282216633979,-2539.616513377491,15.805406688517852,baseline,"baseline,grid",T1-L11,1,8.426830267412374,8.345058418010153,rooftop
AD001982,-2642.1901587583166,-497.26489686942307,62.37035908720767,street_grid,"grid,br",T3-L06,1,126.46052620367881,253.9832474790414,locality
AD001990,-2457.7922947672955,1518.745131758292,817.7373363819252,baseline,"baseline,loccent,locgrp",T3-L07,1,446.2329352305135,430.71951430136073,locality
AD001991,390.64870836468185,-3254.6532632622816,60.795030151067685,street_grid,grid,T1-L04,1,41.60026733836518,519.3679716732636,locality
AD001993,1181.929765029338,-3324.3490502170384,59.39817620683175,street_grid,"grid,cm",T1-L04,1,29.43993707760152,390.3253642795967,locality
AD001995,916.9336454117932,-761.3641583200227,81.90910163175923,street_grid,"grid,br",T3-L08,1,308.58734642100563,443.9265254521293,locality
AD001996,1597.9976659085878,-2022.6413446378817,995.3979360338203,locality_centroid,"loccent,baseline,locgrp",T2-L11,4,437.35275418924454,431.2778454778312,pincode
AD002005,-438.268288358796,3273.9019915231306,169.43704021889744,street_grid,"grid,poi,lm",T2-L03,1,365.2976788527887,675.9059254067832,locality
AD002007,1395.9389149695514,-2027.9349168932254,168.95494253454245,street_grid,"grid,lm,poi",T2-L11,1,232.44011204719402,490.27136363446726,locality
AD002009,-929.4250682795077,-844.454402928296,526.6843648018149,landmark_group,"lm,poi,baseline,loccent",T3-L03,1,268.5547498755589,334.4344479864477,locality
AD002015,-947.143399786204,-3143.0631632238674,820.4128298695349,baseline,"baseline,loccent,locgrp",T1-L02,1,628.8908521531238,662.5949064096403,locality
AD002016,2845.8017543054752,-2358.041379055806,199.7495478094808,landmark_group,"lm,poi",T1-L11,1,81.72956135892908,168.4328055932097,locality
AD002019,1205.3561676939833,-2027.632712054113,203.92171676851294,landmark_group,"lm,poi",T2-L11,1,88.57404034825682,260.7470229935522,locality
AD002021,3097.718976046755,-2477.2099225174443,59.72054483052944,street_grid,grid,T1-L11,1,28.37145704967849,413.8089535039088,locality
AD002023,-2805.8895596268176,1652.2698916419372,230.30034525279214,landmark_poi,"poi,lm",T3-L07,1,103.7497801448734,324.6385066500891,locality
AD002027,-616.0285289755201,-565.8827667560257,192.22158955128359,street_grid,grid,T2-L09,1,240.16641754506253,246.98447319619106,locality
AD002029,2660.3590262155394,1449.8389821592395,61.6307022068004,street_grid,"grid,cm",T1-L08,1,37.33418187652191,538.4410459836805,locality
AD002033,-2946.7440501955857,-659.7018251704734,117.14952363747044,blend,"grid,br,poi",T3-L06,1,132.45193308487362,603.9681862482494,locality
AD002034,1545.4373519269152,-1875.8879905004637,1506.553685633706,locality_centroid,"loccent,baseline,locgrp",T2-L01,4,1138.8263375640136,1601.6107673214485,pincode
AD002038,3002.961585457567,-2432.589940195471,56.794121752237686,street_grid,grid,T1-L11,1,38.7356276749065,520.1662234324717,locality
AD002039,2758.4678869113413,-2471.3435797655698,59.3461868055595,street_grid,grid,T1-L11,1,15.13824015605452,300.91123275810105,locality
AD002043,2996.586297294051,166.72462458161434,196.98687026645206,street_grid,grid,T2-L06,1,117.5728290113589,582.8197062557168,locality
AD002044,3066.6262038672808,-2313.4167630085285,197.9195846208035,landmark_group,"lm,poi",T3-L10,1,208.65107535346556,151.22582451420132,locality
AD002045,-672.2602414735551,-751.4807050854765,146.9956147544681,street_grid,"grid,lm,poi",T2-L09,1,282.6687444055875,182.1064798407789,locality
AD002046,-949.0019031154444,-3400.2457279676473,212.89188750021725,street_grid,"grid,lm",T1-L02,1,155.8357927360664,270.5076893546652,locality
AD002049,4164.996731151628,145.94534436918323,105.31842892606592,street_key,"br,grid,lm",T3-L05,1,122.51599470406656,442.5723443686918,locality
AD002051,-73.86412610514454,-3776.287166356184,182.18865123730083,street_key,"br,lm",T3-L11,1,214.13491946017393,328.6046408680194,locality
AD002057,941.9808193179429,414.62714530878077,2526.216583772647,locality_centroid,"loccent,baseline,locgrp",T2-L01,12,2638.2139133441683,1370.71476609833,pincode
AD002059,1365.7943910186161,-1997.6472773190376,165.7695727831025,street_grid,"grid,lm,poi",T2-L11,1,151.03331461486377,245.73941482798398,locality
AD002060,779.8510482211718,-358.04512140450925,109.9325042786551,street_grid,"grid,baseline",T1-L03,1,21.709668461699007,161.60792059797072,street
AD002061,788.7794959357445,-3007.760436172358,64.37438916786094,street_grid,"grid,baseline",T1-L04,1,14.56685226990837,144.80445435137673,street
AD002062,1561.2840115513645,-696.9770361825972,461.42614224572486,blend,"lm,poi,grid",T1-L06,1,895.5290002108486,1586.8217606271978,locality
AD002064,554.114422785879,-3126.76346512057,197.46355946900962,street_grid,"grid,poi,lm",T2-L01,1,474.55103129608574,580.7376171731946,locality
AD002066,1630.0914243437671,-2255.983675716971,150.36163235011819,street_grid,"grid,lm,poi",T2-L11,1,213.50435968953656,366.8279433194805,locality
AD002067,1033.7317072865906,-371.5160621044224,67.99955646853982,street_grid,grid,T1-L03,1,7.050169868933857,189.05208277085973,locality
AD002068,-2396.730182515426,1376.730096525921,195.39074991636872,landmark_group,"lm,poi",T3-L07,1,366.3272893686468,351.40155093567796,locality
AD002069,3922.30852737883,504.9928163431887,117.68040971773796,blend,"grid,br,poi,lm",T3-L05,1,85.99697064955446,152.23747895968324,locality
AD002070,-341.830682417956,-3568.854526995475,822.1342020665729,baseline,"baseline,loccent,locgrp",T3-L11,1,302.8596422671521,243.60100574505014,locality
AD002074,1662.8996532471676,-1701.5282560199516,120.45678152137923,baseline,"baseline,grid,lm",T2-L11,1,107.65947293696695,46.120928004540445,street
AD002081,882.2773299157363,-1225.3057915819168,86.7227943190148,blend,"grid,br,poi,lm",T3-L08,1,25.920237724257586,442.97656822906555,locality
AD002083,-450.00801763388404,-3647.2880361964185,826.2249486156701,baseline,"baseline,loccent,locgrp",T3-L11,1,275.8430469848156,158.81089383288557,locality
AD002085,3400.2626155901175,487.29216609326215,119.20036311802892,baseline,baseline,T3-L05,1,109.27589480537522,109.38464243210738,street
AD002089,1125.06407090779,233.96811348304735,196.40343536037946,street_grid,"grid,lm",T2-L02,1,99.42185946816014,271.3427352998418,locality
AD002090,1046.239013136907,-3110.6509210505733,61.11516249106179,street_grid,grid,T1-L04,1,310.65098396969023,295.0772780137436,locality
AD002091,1507.9007585328397,-2236.7533177660057,176.07130606899503,street_grid,grid,T2-L11,1,266.9273852219034,253.43736898886863,locality
AD002096,3558.835564707448,679.460937723485,91.04237936552816,blend,"br,baseline,grid,poi,lm",T3-L05,1,58.263735931513736,196.1438502732115,street
AD002102,2978.694037006459,-1816.651665023264,156.56669541320176,street_key,"br,poi,lm",T3-L10,1,23.794235189547663,327.85858231865745,locality
AD002103,730.3509673947459,-3011.3375110982406,816.4771143397936,baseline,"baseline,loccent,locgrp",T1-L04,1,505.67896855615476,525.9326953137636,locality
AD002108,2407.3610064355757,-2314.0791705751676,206.24096034917744,landmark_group,"lm,poi",T1-L11,1,170.26399868550106,503.70710735505827,locality
AD002110,2030.9663763211513,-1458.019157235656,560.7169456926704,street_grid,"grid,baseline,loccent",T1-L06,1,82.80614608816059,256.31749842724355,locality
AD002111,1554.8654697681472,-1469.649740325152,1460.1310973047498,locality_centroid,"loccent,baseline,locgrp",T2-L01,4,1539.596530169082,1347.8679831496852,pincode
AD002112,-412.141369449475,3261.1300685985047,111.1827780588179,baseline,"baseline,grid,poi,lm",T2-L03,1,55.533148257422205,72.13910174101153,street
AD002116,836.0278078643875,-3134.1515717074417,59.09463680382314,street_grid,grid,T1-L04,1,243.75659962779628,252.33378687761967,locality
AD002118,1618.212396365239,-2318.617479707642,148.29769950672943,street_grid,"grid,lm,poi",T2-L11,1,299.3491566625318,478.4130537516717,locality
AD002120,835.6619154085203,2700.231357132306,188.28955271433037,street_grid,"grid,lm",T2-L08,1,128.9223965827575,43.791894227128374,locality
AD002123,1107.9113671599655,299.4969347369828,217.399347925507,street_grid,grid,T2-L02,1,252.80144376034642,638.8650248683207,locality
AD002124,2355.6965795711444,-2282.0142220863386,55.70063606232306,street_grid,grid,T1-L11,1,20.8430311064145,277.9293615291482,locality
AD002125,1224.658839571333,-251.84673746155087,67.53564310354541,street_grid,grid,T1-L03,1,9.453399883744297,360.2943796397607,street
AD002126,2519.400366259846,-1521.8483085544885,272.801474074644,street_grid,"grid,lm",T2-L10,1,281.9225898196481,406.43987255189404,locality
AD002129,1011.2166188018421,-299.8269411425952,67.32208297994195,street_grid,grid,T1-L03,1,10.021812833325898,107.10788953200412,locality
AD002131,-1711.1590911564222,-2577.9315622393615,225.3152379593604,street_grid,grid,T2-L05,1,225.8683517537882,212.64453907871683,locality
AD002134,3404.3937734252113,-1889.4303594309358,245.2880578731641,landmark_poi,"poi,lm",T3-L10,1,274.70485689031915,95.71023978655568,locality
AD002136,1709.641535408567,-2325.6153522360855,116.81251322775097,baseline,"baseline,grid",T2-L11,1,65.0327076795191,112.1579243745175,street
AD002138,3984.3746192277054,549.4146891185376,96.02968188546163,blend,"baseline,grid,br,poi",T3-L05,1,115.88351124697783,182.16325095913294,street
AD002139,-3668.5306083930573,-808.5913196600114,823.1343722858365,baseline,"baseline,loccent,locgrp",T3-L01,1,140.05101782983195,200.07131228639435,locality
AD002140,1000.1255944202588,-77.53847832424722,174.7673941259926,street_grid,"grid,lm",T2-L02,1,65.05100303341372,99.02413847138482,locality
AD002141,-1729.5431016384505,-2645.3581573373244,193.58831269181252,street_grid,"grid,poi",T2-L05,1,105.90663505222328,263.1041238749403,locality
AD002142,-799.3731859492673,-3197.5503536578385,198.38408404040388,street_grid,"grid,lm",T1-L02,1,62.104341187655706,249.4804401150519,locality
AD002143,-2520.317831556985,1419.0659914513874,147.236415872878,street_key,"br,poi,lm",T3-L07,1,118.19414455909778,386.27725793787044,locality
AD002150,3909.5093740928737,500.8676742939595,170.5776569954791,street_grid,"grid,lm",T3-L05,1,106.26868511884854,433.84144569185645,locality
AD002151,1165.3478401966088,-3093.851862395498,65.60652452641693,street_grid,"grid,baseline",T1-L04,1,286.65950983004916,205.38962972847486,street
AD002153,3417.731625647133,-2004.1604132827727,117.29215464870603,baseline,baseline,T3-L10,1,252.1456596824395,252.17850820401023,street
AD002154,771.3295992650521,-2689.6904652310936,55.00243724578267,street_grid,"grid,cm",T1-L04,1,19.40500637893609,321.9165264474628,locality
AD002157,668.4750329219775,-822.0044347686675,56.133802201132184,street_grid,"grid,br",T3-L08,1,106.89590358702813,457.28915359977645,locality
AD002161,1966.7778209718529,-689.5692984111013,259.0224810647175,landmark_poi,"poi,lm",T1-L06,1,125.62246319491231,353.96951846168906,locality
AD002164,-188.28305005342494,-3898.5158599804386,167.04150113740522,street_key,br,T3-L11,1,29.684977997614023,519.5651739676169,locality
AD002166,-798.1300142772368,3047.03688419985,227.26042396420658,landmark_poi,"poi,lm",T2-L03,1,179.82793962090585,350.77063731161996,locality
AD002171,419.4792369044441,-3476.1875666838937,75.39119433392287,street_grid,grid,T1-L04,1,13.532864428447978,573.7926541879044,locality
AD002176,776.5324500054836,2487.7522225780417,202.48750982325643,street_grid,grid,T2-L08,1,17.01353260742462,441.8112719250157,locality
AD002178,3073.1885053207207,-2369.3004901572176,72.83049499796621,street_grid,"grid,baseline,br",T3-L10,1,85.81967253099857,21.71658352503903,street
AD002179,1523.589657913893,-1617.6748912571177,1472.6934022542844,locality_centroid,"loccent,baseline,locgrp",T1-L03,4,362.11233814394126,146.93076600902896,pincode
AD002180,766.2555825796773,-2688.7288137547275,54.93086129736567,street_grid,"grid,cm",T1-L04,1,20.3217503528537,247.44108389675293,locality
AD002181,-2452.0483059824905,33.486206511300125,24.81679669942314,baseline,baseline,T3-L06,1,35.0213272848752,36.05731548521054,rooftop
AD002184,-2078.5037476420293,-2433.5767930358797,229.37609635509793,landmark_poi,"poi,lm,grid",T1-L09,1,30.133433947106937,89.51983020537956,locality
AD002188,-191.41070682192995,-3317.3834497040993,127.87612240712998,baseline,"baseline,lm",T3-L11,1,34.60879065736644,9.484724561103496,street
AD002189,482.4025991689325,-3006.1128526352236,79.98497576935655,street_grid,grid,T1-L04,1,100.39944885826316,315.41033591180883,locality
AD002194,1481.8365076551481,-1844.1699375118062,184.1662623145685,street_grid,grid,T2-L11,1,256.3093315732306,331.4492419662474,locality
AD002196,271.133386786152,2290.5740113966413,49.78161639675943,street_grid,grid,T1-L07,1,57.19134043127586,193.01813386311665,locality
AD002197,923.4129326362561,-281.86814680118425,113.12164411631318,baseline,"baseline,grid,poi,lm",T2-L02,1,33.11287231075199,42.15459642791044,street
AD002206,962.742795068096,2937.557531583052,207.60376780661792,street_grid,"grid,lm",T2-L08,1,79.45475248433021,227.28495330751667,locality
AD002209,-444.21532325803815,-3433.049688061945,821.9725486519999,baseline,"baseline,loccent,locgrp",T3-L11,1,552.2798967246773,636.752016094178,locality
AD002210,1457.4353811004191,-1720.7028018406397,192.87213975241696,street_grid,grid,T2-L11,1,227.91609441274068,561.7963421027231,locality
AD002213,2932.5589892868006,712.5223103821014,94.87301448451844,baseline,"baseline,grid,poi,lm",T2-L06,1,122.41904306352978,149.28245040861287,street
AD002215,1106.0043361964558,-2579.234756622873,62.945092676326844,street_grid,grid,T1-L04,1,776.1978322960138,193.21205966502194,locality
AD002217,-829.1672973252101,-3078.905856982797,153.4754176858383,street_grid,"grid,cm,lm",T1-L02,1,46.06741902250503,337.5003703701672,locality
AD002218,878.7012405382222,2668.386489841428,150.5258803761382,street_grid,"grid,lm,poi",T2-L08,1,173.35611533162736,75.82769942441865,locality
AD002220,-895.0158312785037,3066.078507836381,226.78110100541804,landmark_poi,"poi,lm",T2-L03,1,205.20637891615067,154.5663611527424,locality
AD002224,1575.9328601234743,-1521.673296100551,1455.6601506032116,locality_centroid,"loccent,baseline,locgrp",T2-L01,4,334.0652661909186,514.2292290409016,pincode
AD002225,-632.5023220735394,-531.0035021966103,236.31031516558704,street_grid,"grid,lm",T2-L09,1,320.4042969301369,482.60470366543257,locality
AD002229,-2301.676431132825,1247.124969180274,109.43751431096227,baseline,"baseline,grid,poi,lm",T3-L07,1,75.96140335213963,156.52734585368788,street
AD002230,3398.6165096014015,-1933.218403293207,265.51812402043157,landmark_poi,"poi,lm",T3-L10,1,115.24810879112219,455.37151865262734,locality
AD002231,2667.0561044299193,1449.1774150975093,62.065891217820635,street_grid,"grid,cm",T1-L08,1,12.858694710576417,410.43641407652905,locality
AD002233,-2675.299776239012,-555.8327570271431,72.88003850702836,street_grid,"grid,baseline,br",T3-L06,1,115.46097432903392,88.49180753041475,street
AD002234,-419.0101497241632,-3545.2426782228135,241.68842878526422,street_grid,"grid,lm",T3-L11,1,279.61691828176794,122.3676836423735,locality
AD002237,1579.0346187617952,-1388.635489950003,1482.1454220431265,locality_centroid,"loccent,baseline,locgrp",T2-L01,4,996.1947996366044,1462.580667860751,pincode
AD002240,886.9561734398407,-2940.5143654053463,289.0501886780157,landmark_group,"lm,baseline",T1-L04,1,276.7774519241206,313.05886028029937,locality
AD002244,794.3641257320359,-2775.3781743493787,222.06637508335757,landmark_poi,"poi,lm",T2-L01,1,1025.323265195417,1114.6282788445662,locality
AD002245,2771.0388378660336,-1925.4736988267275,52.43374951340968,street_grid,"grid,baseline",T1-L11,1,18.454735455733474,107.3615387371102,street
AD002246,2436.596398479751,-2340.002986470631,14.048263282953389,baseline,"baseline,grid",T1-L11,1,10.59466277866652,12.030378215168332,rooftop
AD002247,1355.3706176276748,-234.0333816470456,434.73572380699625,street_grid,"grid,poi,baseline",T1-L06,1,2019.0329755009727,1334.4736677806723,locality
AD002251,-3767.0765041182553,-813.8148634600153,818.8925253668439,baseline,"baseline,loccent,locgrp",T3-L01,1,486.54366210455777,502.254915356734,locality
AD002252,-2608.4757009941254,-205.86483882582027,814.1278555933138,baseline,"baseline,loccent,locgrp",T3-L06,1,508.62517562020366,548.7857869879649,locality
AD002253,-2618.025796723335,-377.41716586886616,291.19304590697124,blend,"poi,lm,grid",T3-L06,1,300.65965271540455,376.8678946262204,locality
AD002254,-541.1235779439991,-410.3184248799423,114.4173718161531,baseline,"baseline,poi,lm",T3-L03,1,85.23098421015298,56.02088896117236,street
AD002257,164.49029860290915,2665.7198775446404,217.0463748050049,landmark_poi,"poi,lm",T1-L07,1,80.62497847724279,309.9030332216837,locality
AD002260,2063.129445066826,-1255.2769397837528,276.21208632843957,landmark_poi,"poi,lm,grid",T1-L06,1,454.62760699639085,623.5791289002541,locality
AD002261,2883.331062498691,295.7389572905751,176.7205022436214,street_grid,"grid,poi,lm",T2-L06,1,213.4695212368908,396.27370591549465,locality
AD002262,2594.4568696229458,-1690.4430187767025,203.7918225682661,blend,"grid,poi,lm",T2-L10,1,29.389393345062388,431.04715519302516,locality
AD002263,1583.0647154071557,-2433.079171022234,198.26842719601447,street_grid,grid,T2-L11,1,174.44243260200207,578.6124782615738,locality
AD002264,904.9397947079955,2439.9022037434347,103.75424303245335,baseline,"baseline,grid,lm,poi",T2-L08,1,39.811683047053116,42.44997055358222,street
AD002265,-809.2028262337033,-2963.794520290393,210.6005568807489,landmark_poi,"poi,lm",T1-L02,1,1175.5934731481566,1448.1725933050934,locality
AD002270,573.6333903452538,-2942.935534949644,57.02102192432056,street_grid,grid,T1-L04,1,9.039436198389605,286.9888499576247,locality
AD002277,1512.171390218534,-2165.4176558083823,167.29305267592878,street_grid,grid,T2-L11,1,419.61044935939316,496.5114298785074,locality
AD002281,-2681.5735611904997,945.4349119925412,81.00169915181469,street_grid,"grid,baseline,cm",T1-L01,1,101.23370259455396,179.61764946686043,street
AD002284,745.4437823393947,-28.246656697030065,157.7304217242674,baseline,"baseline,grid,lm",T2-L02,1,66.73677345703351,75.19341726507717,street
AD002287,1507.9774089253697,-2007.249258957899,135.6513658479243,street_grid,"grid,poi,lm",T2-L11,1,169.46586865383654,89.76970535765383,locality
AD002294,1497.6860570640833,-1844.0147069646057,183.95691549637183,street_grid,grid,T2-L11,1,335.343315598931,453.59233900056114,locality
AD002298,3004.6698925646638,-2098.005074218491,94.82355118471992,street_key,"br,baseline",T3-L10,1,66.28887650026796,134.16467493345627,street
AD002299,939.9952571205683,2718.2232669940363,814.8876659329646,baseline,"baseline,loccent,locgrp",T2-L08,1,413.72448702061666,360.2064408086009,locality
AD002302,1066.960173056609,2655.6312532927736,202.83992843662415,landmark_poi,"poi,lm",T2-L08,1,88.65472324815403,320.54342919485964,locality
AD002304,2727.313067847846,-2528.2434437158827,58.83231893808989,street_grid,grid,T1-L11,1,479.26622080715964,135.30384325657593,locality
AD002305,2236.86071634155,1222.7849040914446,55.33523752869885,street_grid,grid,T1-L08,1,302.37252155598605,365.6806530293887,locality
AD002306,2834.8857097001746,-2022.2257764230803,51.06972781524896,street_grid,grid,T1-L11,1,46.998027358155404,202.01418267042558,locality
AD002307,2452.7595373344016,-2328.1607626075315,51.633855238186314,street_grid,"grid,cm",T1-L11,1,41.85308912425647,301.3121471165741,locality
AD002308,2830.6257846244175,-2342.1565145352715,216.49332410930205,landmark_group,"lm,poi",T1-L11,1,137.77287718181583,503.1155732036129,locality
AD002317,-2212.647366293751,-2187.4723476506038,460.6318501098018,street_grid,"grid,baseline,loccent",T1-L09,1,236.07513144112406,506.01124493433963,locality
AD002321,3367.93876017548,-1887.1891924238557,132.66773621638526,street_key,"br,poi,lm",T3-L10,1,159.1744576130418,404.6771182066018,locality
AD002332,1627.7589780152084,-1629.57380710104,1466.4645890245467,locality_centroid,"loccent,baseline,locgrp",T1-L03,4,1556.5882178823601,1524.6111930587417,pincode
AD002333,-2370.148826738284,-517.980431735709,94.45544911137118,street_key,"br,poi,grid,lm",T3-L06,1,103.74731698467367,628.5082736130051,locality
AD002334,-2811.5144058472697,1661.9933897840106,233.88120790635892,landmark_poi,"poi,lm",T3-L07,1,64.01746972434452,331.70556220841377,locality
AD002336,3951.2773675492494,768.2411005150152,88.43231089772634,blend,"grid,baseline,br,poi",T3-L05,1,24.222390678299814,137.353558381281,street
AD002339,1007.1629971327486,2989.0286204333074,173.26549526112987,street_grid,"grid,lm",T2-L08,1,92.47382938955792,480.8367914375937,locality
AD002341,770.8452959179693,2579.2577606860964,191.04827682692346,street_grid,"grid,lm",T2-L08,1,1534.9966418331128,1657.3020394605203,locality
AD002352,-39.614889380378806,2657.1477312726424,62.74109599019078,street_grid,grid,T1-L07,1,12.432787943492242,412.0592797159165,locality
AD002353,-953.0554178993625,-1.085147393587669,931.214047650483,blend,"baseline,grid,loccent,locgrp",T1-L05,1,384.2448851047125,684.5578500024668,locality
AD002357,1115.9842429481353,324.3836171477805,212.91789086364398,street_grid,grid,T2-L02,1,96.34967530203313,226.0393107404108,locality
AD002359,1546.9248453075952,-1569.9442109718145,121.46389262133806,baseline,"baseline,grid,lm",T2-L11,1,108.87517461230395,147.7458967281324,street
AD002362,2657.7801720699667,-2125.3194107810646,199.15492126975593,landmark_group,"lm,poi",T1-L11,1,136.80643636192846,45.40418482915411,locality
AD002367,2134.9308152139142,756.6916469132383,63.085000118877154,street_grid,grid,T1-L08,1,56.945409772289864,253.16828395357885,locality
AD002372,2988.1229690887667,-1937.6150366921258,499.19907081960974,landmark_group,"lm,baseline,loccent,grid",T3-L10,1,338.7803372443645,547.6298384858153,locality
AD002380,3051.4755721265733,-2398.894584566354,98.74870165925131,street_grid,"grid,baseline",T3-L10,1,34.354019387004726,97.18528695229521,street
AD002387,-1769.846856985424,-2345.91846804656,208.7101981221367,street_grid,"grid,poi",T2-L05,1,171.339696655488,463.56851705006886,locality
AD002393,461.6468024900329,-2882.340142673416,58.689284054508825,street_grid,grid,T1-L04,1,191.8079811737574,353.1603884922543,locality
AD002395,-319.1189426349093,-980.3465888410824,135.15124307206713,baseline,"baseline,lm",T3-L03,1,3429.3264512660367,3452.357597352858,street
AD002398,707.140274171598,-924.3228434823329,82.78832373498173,street_grid,"grid,br,lm,poi",T3-L08,1,39.14745305889527,135.00733313416725,locality
AD002401,698.7331715583458,-3377.2723871845255,171.63926303371744,blend,"grid,poi,lm",T2-L01,1,262.74922983885216,601.8656660750804,locality
AD002402,-13.57244640653002,-3767.660223158586,406.182133878533,landmark_poi,"poi,baseline",T3-L12,1,277.2158600391861,1455.1962891651422,locality
AD002403,2357.2727045135425,938.2199642585766,68.60111682856117,street_grid,"grid,baseline",T1-L08,1,30.25852841316959,152.46642253296295,street
AD002404,3095.6542743303257,-1981.8992632519423,57.34241410455356,street_grid,grid,T1-L11,1,40.465743734989125,303.92276979522296,locality
AD002412,-2560.623874981342,-161.24339954843973,69.6273647788183,street_grid,"grid,br,poi,lm",T3-L06,1,116.11877493049413,340.0956483108833,locality
AD002413,3206.1326791191195,-2011.951832445398,340.19840220544467,landmark_group,"lm,baseline,loccent",T1-L11,1,259.03928081166384,356.31180165691967,locality
AD002414,2920.5517551999533,-1824.7394823755278,48.153079568139844,street_grid,"grid,baseline,cm",T1-L11,1,34.39786685271686,50.37072562510885,street
AD002415,-2664.9459019314445,-36.16807375639482,66.3438769127484,street_grid,"grid,br,baseline",T3-L06,1,308.4363487239942,159.5318150087937,street
AD002419,2794.10547774606,-2377.038263311785,65.32680246166872,street_grid,"grid,baseline,cm",T1-L11,1,55.99276842537007,242.9217363679092,street
AD002423,-2796.3940227044695,1436.3321742607907,138.71899860628807,blend,"br,baseline,lm,poi",T3-L07,1,62.24750935036673,119.2601358375881,street
AD002424,-441.7387814714845,-3595.3321374153334,181.4391872924278,street_key,"br,grid",T3-L11,1,284.52299620586217,41.73871104861761,locality
AD002431,2888.0888056225463,-1337.5339252608612,148.1471440233974,baseline,"baseline,grid",T2-L10,1,137.08954335148314,202.61009352941923,street
AD002440,2721.7741262218783,-1183.7671681962,267.57290489040247,street_grid,"grid,lm",T2-L10,1,1709.9812806118723,732.1967290284764,pincode
AD002441,-477.23937187344757,-547.790892595375,134.01720934347296,baseline,"baseline,grid,poi,lm",T2-L09,1,20.531201014997848,101.1162697096763,street
AD002444,-3074.4074829921565,1425.3033264765318,244.20450517106468,landmark_poi,"poi,lm",T1-L01,1,606.9106789758638,297.97520031036123,locality
AD002445,1152.5957564061932,-556.6889245146474,83.99505444188614,street_grid,"grid,br",T3-L08,1,345.7578594245707,137.3724863282309,locality
AD002448,3714.196093080684,484.22226927265837,53.677573112933864,street_grid,"grid,br",T3-L05,1,7566.792407295439,7709.236455058308,locality
AD002453,1565.7204194769042,-1943.2339213726673,178.51312455074597,street_grid,grid,T2-L11,1,216.47015610383167,392.98245507910394,locality
AD002457,2670.134827307685,-1862.048142313375,52.469549292067995,street_grid,grid,T1-L11,1,25.86521749542442,418.6432610230336,locality
AD002458,806.4932218370176,-3186.3018065663096,193.81268027625157,street_grid,"grid,poi",T2-L01,1,228.73116968875024,367.08463601736327,locality
AD002459,1696.5303788149397,-2104.2760260821324,117.98172100764816,baseline,"baseline,grid,lm,poi",T2-L11,1,52.51325138881145,152.45133649791336,street
AD002461,1754.1273090708182,-1755.4194467629893,1494.5281525421733,locality_centroid,"loccent,baseline,locgrp",T1-L03,4,940.4566378053395,499.64173164378496,pincode
AD002462,2414.2995029468975,-2306.5024981395886,209.88176101304154,landmark_group,"lm,poi",T1-L11,1,107.05678127813151,467.2578945293489,locality
AD002466,1619.8676490441142,-2237.1594672174756,150.68657708199413,street_grid,"grid,lm,poi",T2-L11,1,273.2222649216128,289.22387522471246,locality
AD002467,2986.0755320790986,-2128.826331398593,127.88302524315749,street_key,"br,lm,poi",T3-L10,1,91.76269402365317,383.93219453439934,locality
AD002468,-3051.5895659371586,1435.4969863634274,88.08673647778612,street_grid,grid,T1-L01,1,43.8668002740529,327.5741900699748,locality
AD002471,3333.7545861999893,-2370.900353178984,171.10948430081888,street_key,br,T3-L10,1,90.0103003668462,615.2054941237116,locality
AD002479,2863.064882030989,-2200.114910578412,58.9889438976817,street_grid,grid,T1-L11,1,22.73006212715394,138.814696628275,locality
AD002480,1597.7717704414367,-2128.744579323216,108.93811709180086,baseline,"baseline,grid,poi,lm",T2-L11,1,60.79256953138447,121.81108323958048,street
AD002483,784.5970873684802,-2825.2503245075136,258.40501702711,landmark_poi,"poi,lm",T2-L01,1,39.26090826331177,503.57915961644,locality
AD002485,-1830.0211393013633,-1428.8979093794696,1721.4150377194385,locality_centroid,"loccent,baseline,locgrp",T3-L01,5,1550.3069678024103,1478.7290657858864,pincode
AD002487,1183.7530976584803,2779.64417139656,161.03363935306558,baseline,"baseline,grid",T2-L08,1,18.168127728102398,102.37822034007024,street
AD002488,1023.4237262620459,-309.8855773696594,223.00171615929793,street_grid,grid,T2-L02,1,45.51037090856766,462.463512074196,locality
AD002489,-475.27795011652876,-377.8780832120241,166.13815300811,street_grid,"grid,poi,lm",T2-L09,1,95.86247909036743,382.37866049244957,locality
AD002490,-559.4191743370138,-1247.1304558499442,826.8784219495824,baseline,"baseline,loccent,locgrp",T1-L12,1,323.38168656949506,418.99958233869404,locality
AD002492,-527.3735607761163,-416.36723321685554,820.649250626133,baseline,"baseline,loccent,locgrp",T2-L09,1,531.9625789108273,559.1521885855407,locality
AD002494,-811.6019209092048,-1036.4702969488756,69.29496698619957,street_grid,grid,T1-L12,1,105.9441936212235,327.1001375725787,locality
AD002499,901.331927498521,2674.7051652187106,147.31535576131068,street_grid,"grid,lm,poi",T2-L08,1,114.68672063805703,187.85036598314096,locality
AD002501,831.8732022405612,3072.6020093752136,201.87359999103737,landmark_group,"lm,poi",T2-L08,1,150.9135753793563,373.2096729721778,locality
AD002502,961.1765166615704,-3400.9729311873107,68.64756635141445,street_grid,"grid,baseline",T1-L04,1,41.843493886367256,42.63531400142368,street
AD002504,-2217.884798441276,1334.8135568646442,247.33010832334858,landmark_poi,"poi,lm",T3-L07,1,74.26019461992563,184.61172768814018,locality
AD002505,2909.5002824459248,-2610.9606333686984,67.83421702060322,street_grid,grid,T1-L11,1,51.495897256473604,493.58647671912576,locality
AD002506,815.2007059800296,-969.1834938210914,204.51558068614364,landmark_group,"lm,poi",T3-L08,1,125.13741818837966,96.94586118035163,locality
AD002509,-2501.9700711097726,-687.4991558672782,116.53411694684651,baseline,"baseline,poi",T3-L06,1,99.55225251861636,131.46566091569315,street
AD002510,-1779.554657579726,2216.105124720403,275.55304083538715,landmark_poi,"poi,baseline",T1-L10,1,1211.641759532317,1310.143721123755,locality
AD002513,-803.5688102490748,-355.76290531569236,133.80480688447514,baseline,"baseline,br,poi,lm",T3-L03,1,78.64929844577873,146.76927471374927,street
AD002514,744.2408737873519,-3283.0488247631856,27.418712738029093,baseline,baseline,T1-L10,1,6.082917517002034,5.531726674375831,rooftop
AD002515,2047.1020363138064,-702.2463911412935,245.42994826485233,landmark_poi,"poi,lm",T1-L06,1,240.69680328364686,330.3068270562991,locality
AD002519,-361.05200058664155,3095.0080882400857,239.19054904457687,landmark_poi,"poi,lm",T3-L02,1,247.18019634653643,465.8480116948017,locality
AD002520,683.7294610312031,-838.1328127517386,78.65336663940191,street_grid,"grid,br",T3-L08,1,69.7464618946722,306.15581000529784,locality
AD002521,1524.815935036332,-2194.641564295451,185.38079156555324,street_grid,"grid,lm,poi",T2-L11,1,202.8807209796327,457.2572689416759,locality
AD002522,-2382.757935583675,-99.56019953674799,51.941515548814856,street_grid,"grid,br",T3-L06,1,53.530243626354846,259.7178661547949,locality
AD002525,818.2020402295365,3079.5420114780063,195.58734827169835,landmark_group,"lm,poi",T2-L08,1,277.21846062354626,240.4643840571821,locality
AD002526,1452.6397373501482,-2065.464414289533,159.40327752263673,street_grid,"grid,lm,poi",T2-L11,1,75.10521008808887,96.9893293099812,locality
AD002528,-2912.9832411266425,-591.9105804034978,147.6089801804091,street_grid,grid,T3-L06,1,90.61373661783324,665.2558680688206,locality
AD002530,1501.4213935121666,-1826.2287573277263,1509.5678520416395,locality_centroid,"loccent,baseline,locgrp",T1-L03,4,1454.2313592049538,1648.9581468309013,pincode
AD002531,1002.7184804671764,1605.707118718386,615.6587268506339,street_grid,"grid,baseline,loccent",T2-L07,1,1460.1892152745709,1115.9653937286766,locality
AD002532,-2435.4904299486006,1631.7973718328662,222.34697593347673,landmark_poi,"poi,lm",T3-L07,1,191.54122862040595,250.03465759770168,locality
AD002535,2947.0725278709006,1119.2737268531782,240.5896251874277,street_grid,"grid,poi,lm",T2-L06,1,137.21149511809446,372.9442987900471,locality
AD002537,1680.612301880073,-1767.779560895436,1486.9599349997357,locality_centroid,"loccent,baseline,locgrp",T1-L03,4,1242.1036608729369,968.8056564657329,pincode
AD002539,-2845.2377552898474,1064.4230067119463,818.7515826017744,baseline,"baseline,loccent,locgrp",T1-L01,1,409.20629278449366,446.6061463974717,locality
AD002540,2619.983088605825,-1298.919909173598,195.91693383304548,landmark_group,"lm,poi",T2-L10,1,324.5183385846764,369.99010797587533,locality
AD002541,1229.4085098511455,225.3972635961316,181.20202113002037,street_grid,"grid,lm,poi",T2-L02,1,88.9179057985576,346.47408272481226,locality
AD002544,686.4168581935672,-2786.734336248313,200.30776638038853,landmark_poi,"poi,lm",T1-L04,1,23.79533779572931,101.90588795550536,locality
AD002545,-1752.2934587214959,1122.9365680938654,1357.6189669409048,locality_centroid,"loccent,baseline,locgrp",T1-L01,3,820.5113806334491,1368.497248809803,pincode
AD002546,-2355.9963397516685,-438.57107362497584,212.08908686923738,blend,"poi,lm,grid",T3-L06,1,42.6733372068834,490.6938964364647,locality
AD002548,682.1233801059458,-2905.4591728201044,75.68886738172928,street_grid,"grid,baseline",T1-L04,1,45.95653922277414,164.8524491780452,street
AD002550,2855.855813097695,696.3778544787423,209.53009029212998,landmark_poi,"poi,lm",T2-L06,1,142.84586892670396,120.99752063575532,locality
AD002551,3046.846342881572,-1716.9339826079886,199.2554793001586,street_key,"br,poi,lm",T3-L10,1,2276.697156053243,2489.5971019424005,locality
AD002552,-2351.7463891790026,-443.0897936133968,87.95530830516066,street_key,"br,grid,lm,poi",T3-L06,1,1785.2581761475628,1676.5066835536327,locality
AD002555,2543.4497283710452,-1500.0723326902641,231.75046990805737,street_grid,"grid,lm",T2-L10,1,409.4778949996719,250.84722442155885,locality
AD002558,1709.5746798095292,-1188.094446999353,208.12447643695845,blend,"grid,poi,lm",T1-L06,1,1207.868244511202,1445.9437402610104,locality
AD002560,2988.82214406037,657.218049885054,168.83625366201204,street_grid,"grid,lm",T2-L06,1,228.68165122321915,378.2639554596764,locality
AD002562,1219.3095926795309,-1114.9881803005305,98.6547930671709,blend,"br,grid,poi,lm",T3-L08,1,69.54368856619068,506.3508664947656,locality
AD002564,-753.1005960066357,2992.306070938817,246.4178095902842,landmark_poi,"poi,lm",T3-L02,1,319.1496413331232,385.2565119501549,locality
AD002566,-2658.0079918804236,-121.56068913926467,117.11501809479502,street_grid,"grid,poi",T3-L06,1,40.709080735178375,184.66469613870433,locality
AD002568,2966.345567924724,295.9805783846893,182.67877790054422,street_grid,grid,T2-L06,1,202.0742956436631,441.7506649683733,locality
AD002569,475.16866962643246,2739.241294732446,40.65719247374209,street_grid,grid,T1-L07,1,232.64947306160036,471.9549236950494,locality
AD002571,-2063.994469590243,-2381.1171983775207,15.305121263127248,baseline,baseline,T1-L09,1,12.190787070135066,12.233151678941878,rooftop
AD002574,1630.6995715356072,-2281.7018164843175,146.5428118982057,street_grid,"grid,lm,poi",T2-L11,1,191.55529679909063,146.27569859686204,locality
AD002576,1542.091976133665,-2312.9472978587096,186.43291911922586,street_grid,grid,T2-L11,1,254.52631869673507,511.6110338919598,locality
AD002579,-2203.086301207794,-2395.0264693879126,820.6856582849676,baseline,"baseline,loccent,locgrp",T1-L09,1,277.60088185290596,289.657487388122,locality
AD002582,-2432.3864164759448,1592.0159472263606,813.6390652695325,baseline,"baseline,loccent,locgrp",T3-L07,1,122.27452078567742,118.24605701671396,locality
AD002583,2962.5479759760037,431.9047794781021,166.63323536495318,street_grid,grid,T2-L06,1,453.7702949019649,309.4402203980601,locality
AD002584,1704.6952459315035,1768.0759553119387,1397.4093675291178,locality_centroid,"loccent,baseline,locgrp",T2-L04,4,402.72535141475703,523.6074865774934,pincode
AD002588,743.8945880286167,-3359.7765074105796,167.43185101299622,street_grid,"grid,poi,lm",T2-L01,1,212.01029990186362,105.7057235914876,locality
AD002590,-2300.4180390393794,-175.91504656442825,54.7022730469323,street_grid,"grid,br",T3-L06,1,90.72346537828943,246.0143491750024,locality
AD002593,2210.0707064840026,994.9301927583491,327.42179897058026,landmark_group,"lm,baseline,loccent",T1-L08,1,260.9632069836942,289.94213215743576,locality
AD002596,-747.804695631532,2731.222341621824,129.53094492976675,baseline,"baseline,poi",T3-L02,1,86.66297548151512,121.33857589406577,street
AD002603,2180.52284315769,863.1193500610088,1684.9545438331654,locality_centroid,"loccent,baseline,locgrp",T3-L05,2,1712.1513215295638,1535.604561728051,pincode
AD002606,1204.1746851328837,-179.08057921445942,62.55767413454514,street_grid,"grid,cm",T1-L03,1,10.928525729306365,126.03531251200994,locality
AD002609,1812.479291748016,-2145.110454784798,1637.288839897908,locality_centroid,"loccent,baseline,locgrp",T3-L08,3,1845.2588487813382,2009.56657018373,pincode
AD002613,619.6528456528296,-3371.6873050542404,194.02409080054386,street_grid,"grid,poi,lm",T2-L01,1,229.49843657712697,453.4845642356528,locality
AD002614,659.664835435617,-815.0350322227772,72.28155686034354,street_grid,"grid,br,poi",T3-L08,1,7.911742735109001,381.0184378740745,locality
AD002617,-2389.0179209098364,1156.306815453137,125.88163812502182,street_key,"br,grid",T3-L07,1,167.53900865983104,469.74752793388916,locality
AD002618,2737.3495181749963,-1219.8796934707066,223.7745586969303,street_grid,"grid,lm",T2-L10,1,170.51104017022345,353.40459815910725,locality
AD002621,826.500507112311,-3122.7416329796724,58.93316632307398,street_grid,"grid,baseline",T1-L04,1,176.12353418268376,184.7691803304869,street
AD002623,1629.4807849590316,-1556.089546462863,1468.1453578301512,locality_centroid,"loccent,baseline,locgrp",T1-L03,4,1300.0358423606488,1304.197416037925,pincode
AD002624,512.3883251898158,-3440.4588156320906,87.80032452184282,street_grid,grid,T1-L04,1,33.43712956778494,723.3179798677759,locality
AD002626,3054.1560427527274,550.471977327418,815.351708044972,baseline,"baseline,loccent,locgrp",T2-L06,1,107.9073165568016,61.18055246563243,locality
AD002632,842.0862865075512,-1123.1406496752538,78.15200162535324,street_grid,"grid,br",T3-L08,1,132.40135317742823,313.0534299444745,locality
AD002633,3136.157813093621,772.2993934712124,127.52411274272106,baseline,"baseline,grid,lm",T2-L06,1,58.799004407626235,105.38980026549056,street
AD002635,3071.4896901623893,-2306.8784849149984,206.77933192417325,landmark_group,"lm,poi",T3-L10,1,216.13766792007618,431.36965586373816,locality
AD002636,-2403.172283420247,1558.4333915464417,112.32054451049596,baseline,"baseline,poi,lm",T3-L07,1,144.6983115395072,131.24541896767283,street
AD002637,-1046.8507212472182,-3161.5451673132748,104.75379863341253,baseline,"baseline,grid",T1-L02,1,92.56851774829802,114.4483289524142,street
AD002641,-2817.964559272242,847.9823799215575,71.35551060277572,street_grid,"grid,cm,poi",T1-L01,1,21.50154862987672,295.3618120204437,locality
AD002645,2626.703304364182,958.7145375695575,200.56933412625884,landmark_poi,"poi,lm",T1-L08,1,205.78659224518904,181.18236669168442,locality
AD002650,1473.8453416613152,-1777.1710255163057,186.06684892991828,street_grid,grid,T2-L11,1,286.20438667607687,161.6802399800298,locality
AD002651,-544.6055886428766,2929.827359765952,139.03192766054912,street_key,"br,poi,lm",T3-L02,1,588.6116526452656,298.24233435245236,locality
AD002652,-944.566588466501,-894.6185241197977,133.39695279728184,baseline,"baseline,poi,lm",T3-L03,1,106.5689929250775,127.56272966662324,street
AD002654,3792.210326289719,190.58710039511803,94.97916508578042,street_grid,"grid,br,poi,lm,lmbr",T3-L05,1,26.8339030078522,438.86080936898435,locality
AD002655,-2934.666055292859,-24.265017935782545,85.75869925030378,blend,"baseline,br,grid,poi",T3-L06,1,43.72625894998569,139.8360826110344,street
AD002656,-2373.0510221429336,1800.9243857837998,125.48961831111365,street_key,"br,lm,lmbr",T3-L07,1,270.52580318427977,320.5982688661934,locality
AD002661,1545.6523252978877,-1539.2704020387466,1450.380642608496,locality_centroid,"loccent,baseline,locgrp",T2-L01,4,290.6365407910343,317.77507768860676,pincode
AD002663,702.539184864177,-2882.0163600851483,206.54404913396058,street_grid,grid,T2-L01,1,1289.3738629923484,1275.0909496973145,locality
AD002664,1356.572885162693,-2463.549445063094,152.26406454308747,baseline,"baseline,grid",T2-L11,1,144.79499798759727,134.75670669766322,street
AD002665,-288.03038402549055,1061.9967342084226,264.36108946080645,landmark_poi,"poi,lm",T2-L12,1,158.64828403564042,191.09539502562592,locality
AD002667,-1146.6855754469477,-588.3668073845473,111.21312972965279,street_key,"br,poi,lm",T3-L03,1,38.64177608515533,463.32931053409516,locality
AD002669,383.669084232929,141.84736649086778,2295.2798532017755,locality_centroid,"loccent,baseline,locgrp",T2-L01,12,2487.5929550860283,2720.990637617116,pincode
AD002670,2327.462604391569,1714.1520167548008,846.1659269330471,baseline,"baseline,loccent,locgrp",T2-L04,1,1754.5069115227675,1630.7092352715736,locality
AD002671,-264.05434156488593,1144.443107002558,182.06612152077054,baseline,"baseline,poi",T2-L12,1,100.62761279162913,97.49666660968471,street
AD002673,2583.89403460444,-2298.6301036385016,58.25635154680713,street_grid,grid,T1-L11,1,35.038171829896406,230.48826434332847,locality
AD002675,-614.5206791130548,3233.150136367327,216.2573700804609,landmark_poi,"poi,lm",T3-L02,1,63.09466200094572,195.06022147019112,locality
AD002676,3653.361172048623,564.7028191012199,203.15077384957291,landmark_poi,"poi,lm,grid",T3-L05,1,98.77756634670867,186.45374761586328,locality
AD002681,2735.976923344467,-1728.6050420770803,60.089340234701986,street_grid,grid,T1-L11,1,27.225838103735335,494.43447493070306,locality
AD002685,3913.2019537400715,591.419912759335,98.82360538292376,blend,"br,grid,poi,lm",T3-L05,1,266.46951456683644,399.4059714125468,locality
AD002687,82.0714008198694,2622.0358582702393,57.48667706535513,street_grid,grid,T1-L07,1,12.637918814655976,310.82924572826147,locality
AD002688,1603.993050683077,-2300.885220835782,152.45050086595504,street_grid,"grid,lm,poi",T2-L11,1,86.3290035608089,67.20929995171798,locality
AD002690,1579.1733856649703,-2044.0608954986808,811.9048004261858,baseline,"baseline,loccent,locgrp",T2-L11,1,40.04047445172247,47.25124336988397,locality
AD002691,1591.8777511680314,-1750.9611966405896,1481.1676216785775,locality_centroid,"loccent,baseline,locgrp",T1-L03,4,1624.886713563796,1650.2970793163272,pincode
AD002696,-2392.1940203074173,1385.1028149342596,202.3904956209042,landmark_group,"lm,poi",T3-L07,1,225.0695349047921,473.7966863539676,locality
AD002697,757.2229789791824,2067.9572810254404,250.67457798341349,landmark_poi,"poi,lm",T1-L07,1,98.08631146412908,532.8896039518879,locality
AD002701,1740.959797548564,1562.450910899925,1380.5947378263643,locality_centroid,"loccent,baseline,locgrp",T2-L04,4,1681.1762365869045,1714.191243706489,pincode
AD002702,639.188117163558,-3118.8885921589413,157.11422681859128,street_grid,"grid,poi,lm",T2-L01,1,352.8114060473531,669.255892764494,locality
AD002704,1047.739222124638,76.21764829811052,214.6422598094716,street_grid,"grid,lm",T2-L02,1,149.60336945404916,325.9054003848356,locality
AD002706,1201.760118827643,205.13326894494392,80.77988899486061,street_grid,grid,T1-L03,1,3.093202880145639,713.4270670503047,locality
AD002707,1683.3794916112179,-1565.3442587859138,1470.411296535954,locality_centroid,"loccent,baseline,locgrp",T1-L03,4,1114.2425531174433,1093.5509910379121,pincode
AD002708,-1139.3986279918524,-624.3612980135263,125.39455100349365,street_key,br,T3-L03,1,36.49729547871323,477.5548240778225,locality
AD002709,2440.8175414480847,-2326.692499605448,49.405492255222846,street_grid,"grid,baseline,cm",T1-L11,1,5.926657494719749,61.09607188682439,street
AD002711,1154.1523525148673,-3166.8963290863853,63.75320923423972,street_grid,"grid,cm",T1-L04,1,308.1496694072664,793.4917768950098,locality
AD002712,-701.0889729854229,-3709.9022366867953,117.94913136220222,street_grid,"grid,br,poi",T3-L11,1,56.817791190620774,577.6300286515583,locality
AD002719,-561.5085082903366,-167.9284813041442,216.37483772610187,street_grid,"grid,lm",T2-L09,1,296.5086146837735,49.75660760140305,locality
AD002720,-470.09018228605413,-3627.4557500552137,213.58213333226828,landmark_poi,"poi,lm",T3-L11,1,258.2147019050582,555.083020817607,locality
AD002722,-1715.1205071542363,-1373.4781917533132,1718.748733191985,locality_centroid,"loccent,baseline,locgrp",T3-L01,5,2564.8870742944323,2636.3721759266086,pincode
AD002723,-1612.1228364170797,-2954.8219994034457,205.6622980906906,street_grid,grid,T2-L05,1,472.470178984709,444.4667029148529,locality
AD002724,-1480.0456356766,-2979.7472975610194,217.75267293081083,street_grid,grid,T2-L05,1,465.40554450242377,129.00387591076478,street
AD002727,778.6879284261594,113.38766786315836,71.25414775926204,street_grid,grid,T1-L03,1,25.363370877679547,558.2169918589007,locality
AD002728,851.9762813962172,2876.6952708516715,168.4290654971533,street_grid,"grid,lm,poi",T2-L08,1,197.32428331797172,623.9954246627134,locality
AD002730,1943.5848938616207,-2026.2588812903005,1677.7606835632726,locality_centroid,"loccent,baseline,locgrp",T3-L08,3,2793.2514220659978,2768.6354834105555,pincode
AD002731,932.8687349140997,1634.548880168631,120.92146951099149,baseline,baseline,T3-L09,1,86.5403341520551,90.06175658957575,street
AD002735,3579.5428237572346,-77.11370652926489,58.9735003687199,street_grid,"grid,br",T3-L05,1,205.58393758047723,312.626310473063,locality
AD002737,3796.965093124023,315.81302106341553,216.60519360757561,landmark_poi,"poi,lm",T3-L05,1,247.26740876148247,191.79220526392626,locality
AD002741,1021.4265611734596,-79.1050526512137,169.57251627626115,street_grid,"grid,lm",T2-L02,1,287.259037172092,145.06691559414915,locality
AD002744,2133.1822881680037,830.1039397673699,68.31687573443108,street_grid,grid,T1-L08,1,4.071497347227848,576.8613784957354,locality
AD002748,1147.935703574495,-1823.1781327085712,179.3880830305256,baseline,"baseline,grid",T2-L11,1,57.12817607195461,160.02315457458025,street
AD002749,-661.7948218700221,-702.5812547593865,149.38311137026548,street_grid,"grid,lm,poi",T2-L09,1,322.68510865136477,623.067010842333,locality
AD002750,884.398851828327,2746.481732299449,181.32127613105322,street_grid,"grid,lm",T2-L08,1,316.60832689874695,570.4427052737198,locality
AD002751,2937.9672781307827,243.81357038675785,145.56775929431524,street_grid,"grid,poi,lm",T2-L06,1,276.52990953219665,194.98512763798178,locality
AD002755,-3878.9490436822916,-1120.9321218534246,137.84241081283017,street_key,"br,poi,lm",T3-L01,1,100.33924393493481,243.94499379983188,locality
AD002756,-1605.1907289205533,2248.3871534716714,1442.865757090241,locality_centroid,"loccent,baseline,locgrp",T3-L02,2,1256.8437580386255,797.1864587409898,pincode
AD002757,2438.8625094525055,-2161.245473091364,60.4466610441023,street_grid,"grid,baseline",T1-L11,1,43.70408904291277,177.9594616759672,street
AD002761,-3000.596167953562,-441.30068965651344,382.4341919567854,landmark_poi,"poi,lm",T3-L01,1,717.9401275016227,101.64354381858202,locality
AD002762,-1258.8043687707188,-34.61242030612348,220.29149882622184,landmark_poi,"poi,lm,grid",T1-L05,1,101.63613903018596,163.84642199328005,locality
AD002763,1556.3643968448566,-2241.197945439972,184.2745579318245,street_grid,grid,T2-L11,1,250.0527773334587,169.98594059509745,locality
AD002764,494.705627269099,-3312.189537121988,14.04056147387085,baseline,"baseline,grid",T1-L04,1,279.3651717016881,280.1372877715497,rooftop
AD002765,958.0818183913731,-465.39335849339517,68.61049032222182,street_grid,grid,T1-L03,1,75.69545037404035,527.8504428339528,locality
AD002766,2762.8526531563334,-1905.6532486365866,51.70320454278781,street_grid,grid,T1-L11,1,21.7641024379129,342.86756918670494,locality
AD002771,1641.5334335657953,-1655.2164319429812,1468.0270758414927,locality_centroid,"loccent,baseline,locgrp",T1-L03,4,928.2073776594217,824.9469861754754,pincode
AD002772,2593.53426021398,-1156.0245150312858,199.28822457808627,blend,"grid,poi,lm",T2-L10,1,245.72515271283604,384.48111787186645,locality
AD002778,-749.366513346585,3090.3118738612293,273.4653719751826,landmark_poi,"poi,lm",T3-L02,1,254.7111762411651,165.81206228739833,locality
AD002784,-688.4866802350563,-740.2125505871372,152.73876274804422,street_grid,"grid,lm,poi",T2-L09,1,65.71957679400256,440.3436498917635,locality
AD002788,677.9002394368637,2529.288276853197,182.70233061128394,street_grid,"grid,poi,lm",T2-L08,1,112.34341508226659,548.4128827808479,locality
AD002793,-2040.8681068687433,1243.798647087862,1309.5668274100904,locality_centroid,"loccent,baseline,locgrp",T1-L01,3,1840.3122068614728,1903.9370604092983,pincode
AD002794,1633.388675926445,-2295.346016085157,150.31275397397576,street_grid,"grid,lm,poi",T2-L11,1,18.427869874413823,317.6054313137608,locality
AD002796,784.7284036058448,131.6628206001367,2196.9198181086035,locality_centroid,"loccent,baseline,locgrp",T2-L01,12,3072.8164849365603,3005.4977640983197,pincode
AD002798,910.9226748352025,2811.9468006337447,186.68540947372335,street_grid,grid,T2-L08,1,447.1052905318872,456.8718857622999,locality
AD002799,3546.660356731656,12.424078185114011,63.11086544338493,street_grid,"grid,baseline,br",T3-L05,1,78.841314358666,32.122266420662164,street
AD002801,-748.1960922265955,-1632.7806924218714,98.4181216677794,street_grid,"grid,poi",T1-L12,1,77.86763320095923,705.9538582655385,locality
AD002802,672.0067612881672,-2776.604262664094,52.58420225163736,street_grid,grid,T1-L04,1,16.552190366121945,249.2834731786287,locality
AD002806,2837.1358486343725,-1780.1650710241772,81.03994554195579,street_grid,grid,T1-L11,1,9.940275754332303,618.4497796911239,locality
AD002807,1486.5303611644256,-1121.143435769688,124.90653396999416,baseline,baseline,T1-L06,1,151.08340415163863,158.47589722099707,street
AD002808,2475.557378566425,-2266.903328918687,51.83784741326427,street_grid,"grid,cm",T1-L11,1,321.4426359700694,404.98223417824136,locality
AD002809,2072.750013453035,-1034.2927749938344,261.4231914219037,landmark_poi,"poi,lm",T1-L06,1,149.41585857431957,194.63383570181207,locality
AD002812,-997.4799455911837,-1038.6868160366373,145.8091073659302,street_grid,grid,T1-L12,1,50.73967687298865,623.6526036183927,locality
AD002813,-1107.2217891304026,249.84201441553677,244.83791509487145,landmark_poi,"poi,grid",T1-L05,1,95.59475544546714,276.63007790187964,locality
AD002814,-888.4520202430475,-3560.388627287644,17.26928063441551,baseline,baseline,T1-L02,1,13.34284141240573,14.065560778013637,rooftop
AD002818,763.8844092292461,2087.128574239172,250.85391645974434,landmark_poi,"poi,lm",T1-L07,1,64.93632723364432,461.44923881181114,locality
AD002819,1686.719197016726,-2074.743571056204,1627.9208179882503,locality_centroid,"loccent,baseline,locgrp",T3-L08,3,1214.6516980775214,1093.0057273408954,pincode
AD002820,1593.5212588406762,-1859.8009379336631,176.8681665453989,street_grid,"grid,lm",T2-L11,1,291.2343470848916,544.978311495054,locality
AD002821,1460.1467418479617,-2091.6816244218303,157.99278879183288,street_grid,"grid,lm,poi",T2-L11,1,200.90197402228281,210.0884575601429,locality
AD002825,706.8546024879579,-3158.376426814054,69.81821962444155,street_grid,grid,T1-L04,1,28.78721405903105,183.06624484049493,locality
AD002828,-1721.2842705052065,1260.4095669389872,1353.219944749559,locality_centroid,"loccent,baseline,locgrp",T1-L01,3,1381.1374122827665,1880.1027232574288,pincode
AD002829,-2358.1091207905524,-91.5538585053846,48.052072673938,street_grid,"grid,br",T3-L06,1,35.56953710700539,195.39375629738012,locality
AD002832,2629.289006991011,-1217.1427798298014,171.48191356014888,blend,"grid,poi,lm",T2-L10,1,209.73745722253295,176.3669470167241,locality
AD002841,2224.502642110724,-896.2433117727594,649.7475984445849,street_grid,"grid,baseline,loccent,locgrp",T1-L06,1,320.2198510463619,555.9657723277577,locality
AD002842,-506.0702159274196,-298.9235723609809,190.31151436777574,street_grid,"grid,lm",T2-L09,1,466.14522553637386,292.41768072399447,locality
AD002848,919.078437533025,-868.07736395529,118.02800468256075,street_grid,"grid,lm,poi",T3-L08,1,115.14466766142206,45.42213116972827,locality
AD002849,1623.8157394429018,-2334.8187859457944,157.69766607615472,street_grid,"grid,lm,poi",T2-L11,1,64.03859169661943,471.6667679622977,locality
AD002852,-289.6358130783036,2819.568103166069,131.90265100266728,baseline,"baseline,br,poi,lm",T3-L02,1,13.915278987420077,112.6740875268133,street
AD002858,1128.6059719319362,-2881.084777225256,59.719099425427856,street_grid,"grid,cm",T1-L04,1,36.332031786197604,527.5642141009946,locality
AD002861,199.8297762337096,2586.789731575177,49.323503354441165,street_grid,grid,T1-L07,1,70.32507122805472,254.37991272897315,locality
AD002862,3365.5402274379753,-1863.6717460381965,125.2735373399725,baseline,"baseline,br,poi",T3-L10,1,17.634367326293916,144.5415165272594,street
AD002865,-2979.913048718519,-237.68404471516638,87.86585486734812,baseline,"baseline,br,grid,lm",T3-L06,1,55.711105838850706,75.65183408219517,street
AD002866,3934.005119729084,599.4299042224266,96.53939983174861,street_grid,"grid,br,lm",T3-L05,1,91.88174765597991,457.6094076830151,locality
AD002867,-2397.862593864102,1789.0997275859172,298.26838514130316,landmark_group,"lm,baseline",T3-L07,1,90.49685209488604,474.5,locality
AD002870,1561.227870109099,-2239.08324965792,185.57905703805707,street_grid,grid,T2-L11,1,69.4524385753344,263.63529733326675,locality
AD002872,3011.274475730865,329.1588496119692,212.79599491019943,street_grid,"grid,lm",T2-L06,1,282.05288747485525,507.64848074233396,locality
AD002875,1436.9030814446844,258.2264438171823,81.91733441011046,street_grid,"grid,baseline",T1-L03,1,62.3289347886825,119.26743059192657,street
AD002877,-528.1797231481526,-510.3706842689787,256.34873553694837,landmark_poi,"poi,lm",T3-L03,1,106.75726336800481,292.19283016528664,locality
AD002878,2719.5852840917923,-993.3529993068425,261.4403571584646,street_grid,grid,T2-L10,1,384.32640268560624,799.4778358403689,locality
AD002880,-473.8155731064375,3163.514141519439,818.0324074871241,baseline,"baseline,loccent,locgrp",T3-L02,1,237.11437192488552,240.67010616194102,locality
AD002882,1582.869011265527,-1708.2542351232555,1474.1788160181688,locality_centroid,"loccent,baseline,locgrp",T1-L03,4,1432.936001641237,1633.9762666575057,pincode
AD002884,-377.19203197379363,-3300.6618031755715,14.061053087310357,baseline,baseline,T3-L11,1,4.34244492958059,4.609772228646354,rooftop
AD002889,4076.300544181964,105.161331153163,105.55199758802614,street_key,"br,grid,lm,lmbr",T3-L05,1,14.814003661222618,448.37333774433984,locality
AD002890,-1451.8255315882307,2513.32983987442,1426.0089837626233,locality_centroid,"loccent,baseline,locgrp",T3-L02,2,1568.3212360643167,1820.9131472972565,pincode
AD002891,655.6440488197373,-867.9118129886664,69.57913471824956,street_grid,"grid,baseline,br",T3-L08,1,80.73582876431531,83.64358911476718,street
AD002896,1112.9139052610583,-412.9853643190447,104.31940841189464,blend,"br,grid,poi,lm",T3-L08,1,66.01102453632589,388.6412355888139,locality
AD002901,878.4314952688417,-1250.04082344905,73.64039162916184,blend,"grid,baseline,br,poi",T3-L08,1,35.6357431403762,80.5486188584261,street
AD002903,-2256.4965811223065,1607.4413267007785,118.57894089101939,baseline,"baseline,grid",T3-L07,1,48.59793246751281,61.523085098196965,street
AD002904,2979.3234945432073,-2498.0434207135245,50.18605316652602,street_grid,"grid,cm",T1-L11,1,658.4353460645061,235.50543518144116,locality
AD002906,-617.4659589418452,-565.7165097935051,190.1041778593098,street_grid,grid,T2-L09,1,289.91694347909595,224.60750210088716,locality
AD002907,965.338337479692,2515.9099544761816,201.5946188254279,landmark_group,"lm,poi",T2-L08,1,231.89077481317653,127.34276579374263,locality
AD002911,2867.0583840310655,-2192.675468863973,53.97931809505521,street_grid,grid,T1-L11,1,38.94325433395534,213.02173598015767,locality
AD002912,2604.4825875588103,990.855128544676,1208.881704093033,locality_centroid,"loccent,baseline,locgrp",T2-L06,4,621.8978492090541,1183.3877682315294,pincode
AD002913,-260.1952852726814,1268.7097605083743,848.9457428315848,baseline,"baseline,loccent,locgrp",T2-L12,1,354.8851859865743,434.3798913393667,locality
AD002914,-1098.4076936155077,-16.021166271976952,79.05468586547623,street_grid,grid,T1-L05,1,1863.397522791376,2288.4110316986325,locality
AD002916,-438.93762165865894,-3739.5055069969535,341.79802148216874,landmark_group,"lm,baseline,loccent",T3-L11,1,110.62530082058204,342.7521845298728,locality
AD002920,2687.3328462039904,-2604.4358885730308,58.022869287788104,street_grid,grid,T1-L11,1,70.43188481786922,524.4278024666504,locality
AD002922,770.2768204764678,-2689.418943953769,55.22384613733,street_grid,"grid,cm",T1-L04,1,9.943390483853568,302.7202338794021,locality
AD002925,2621.3978982337658,-2005.9117247903685,63.49630734556238,street_grid,grid,T1-L11,1,39.46642365287528,349.09902606567084,locality
AD002928,1161.9494101446232,-3169.7471233486717,69.40488172989741,street_grid,"grid,cm",T1-L04,1,13.410580087762659,368.8084191012999,locality
AD002932,-598.8297621172578,-3356.7170647266626,261.06228321853195,landmark_poi,"poi,lm",T3-L11,1,312.34388660330956,395.2597753376885,locality
AD002933,898.9283798471711,-705.1973506080701,97.75908460368677,street_grid,"grid,br,poi",T3-L08,1,18.82522003690582,300.1779805382134,locality
AD002936,996.1717361247414,3020.859880411884,196.59497373107524,street_grid,grid,T2-L08,1,142.17181064566245,324.93237758032063,locality
AD002938,2118.2201757830394,783.52682986021,244.3824112029872,landmark_poi,"poi,lm",T1-L08,1,207.70354183202775,405.86654210466753,locality
AD002943,-2373.0835357274727,-103.95280425667761,47.561292842601716,street_grid,"grid,br",T3-L06,1,43.71830523748018,295.48003316637164,locality
AD002945,2989.356068968881,202.87559642849956,139.56217381756068,street_grid,"grid,lm,poi",T2-L06,1,381.462022892402,645.1758984959064,locality
AD002953,1939.4186479640884,-1396.6766267693743,1307.464174918567,locality_centroid,"loccent,baseline,locgrp",T2-L10,4,518.3249947168222,1632.502401223349,pincode
AD002956,-2955.7226972867084,-179.40829132957657,159.2950465980583,street_grid,"grid,lm",T3-L06,1,68.52698912061823,454.9816699604503,locality
AD002959,-2433.5378669912084,-524.4086062408602,81.57145237153951,blend,"br,baseline,poi",T3-L06,1,15.455040742511933,56.71983779948581,street
AD002962,1035.8059534763902,3076.468186447145,204.8026698827857,street_grid,grid,T2-L08,1,81.61209706709664,477.10528188231143,locality
AD002964,-2441.4623708635672,1613.5403987002653,813.9784148322886,baseline,"baseline,loccent,locgrp",T3-L07,1,407.95628792877835,386.67428153421315,locality
AD002966,670.6406988277553,2494.250511030855,182.6584395692004,street_grid,"grid,poi,lm",T2-L08,1,265.23160194998377,545.5407317515347,locality
AD002967,-1252.2546708883851,-35.577771230997634,239.5547304486473,landmark_poi,"poi,lm,grid",T1-L05,1,32.01198528773972,401.1842718751571,locality
AD002968,3980.7316827875875,612.8832948811387,94.07895634801763,street_grid,"grid,br,lm",T3-L05,1,120.78710891306157,404.4338264784488,locality
AD002973,1601.511634758374,-1806.3336447454192,1058.817798926777,locality_centroid,"loccent,baseline,locgrp",T2-L11,4,577.4340911764347,1091.5259502183171,pincode
AD002976,1452.2912395448636,-1721.0823445951444,163.72356748755993,street_grid,"grid,lm",T2-L11,1,90.15871673027176,425.1014584778556,locality
AD002977,-3738.1727398494572,-847.3643878382646,817.8152935702894,baseline,"baseline,loccent,locgrp",T3-L01,1,1128.4235784280738,1093.3127320213553,locality
AD002978,2848.0072214561324,-2389.273959159847,206.10864736399017,landmark_group,"lm,poi",T1-L11,1,65.88616541847966,281.4633546307584,locality
AD002979,7.5934930584672315,-373.021178606958,2353.3709868423507,locality_centroid,"loccent,baseline,locgrp",T1-L01,12,1461.8109013976962,1298.6903133541882,pincode
AD002981,3909.0664996320556,553.4703654913434,110.8383088384226,blend,"grid,br,lm",T3-L05,1,33.35672827794546,243.41678249455208,locality
AD002982,3018.869433280483,-2380.190409400645,70.18570524982202,blend,"grid,baseline,br",T3-L10,1,65.99215048219213,118.72666086435694,street
AD002983,-1896.7892209785796,1129.9593315058275,1324.2903248115456,locality_centroid,"loccent,baseline,locgrp",T1-L01,3,964.1470491955594,1085.0802919600005,pincode
AD002986,3822.95125458669,105.23865301204174,80.42199592996958,street_grid,"grid,br",T3-L05,1,66.34101650463722,316.7066939614633,locality
AD002987,735.2839673444176,-3285.908796237657,62.10541499746544,street_grid,grid,T1-L04,1,196.81350162953382,480.8078618325618,locality
AD002988,3131.341221336388,-2428.1287044094124,203.3970152969915,street_grid,grid,T3-L10,1,24.198852710125934,617.0966293863547,locality
AD002989,-2628.356557844983,1787.0092065493716,99.43882245223462,baseline,"baseline,br",T3-L07,1,69.89894777525245,140.26952626996362,street
AD002990,-793.1825728083569,-507.1179075506988,819.6271186532625,baseline,"baseline,loccent,locgrp",T3-L03,1,454.0442550274982,411.5850458896678,locality
AD002991,2525.2270127729444,-2191.7400530318628,54.011405394794274,street_grid,grid,T1-L11,1,22.57318731291338,242.6296148453443,locality
AD002993,324.5099430742328,-2733.5771352252114,63.07866558193481,street_grid,grid,T1-L04,1,21.49211382864634,488.0186984122635,locality
AD002995,949.6301887727019,220.77224334791308,70.21525586952997,street_grid,"grid,cm",T1-L03,1,29.97706789131634,375.26833066487234,locality
AD002996,-708.5046260822385,-1481.0139190776945,66.59130781370263,street_grid,grid,T1-L12,1,62.14940484981213,183.74678228475184,locality
AD002997,2990.5492549517517,-1758.8877965843412,514.8002183919335,landmark_group,"lm,baseline,loccent",T3-L10,1,281.2497280458942,435.2802430618691,locality
AD003002,1586.418998816229,-1867.1322775122037,198.83012137962143,street_grid,"grid,lm",T2-L11,1,148.4947424315486,272.02224173769315,locality
AD003004,2930.316467595903,-2514.8250142156103,254.9683811537511,landmark_group,lm,T1-L11,1,63.72962128202009,321.7073359437115,locality
AD003005,-1309.1907493988854,-2318.803803240265,1258.6629371434217,locality_centroid,"loccent,baseline,locgrp",T1-L02,3,776.6433571928063,693.4098715766887,pincode
AD003007,909.695222530792,2582.17562512335,205.52534180862435,landmark_group,"lm,poi",T2-L08,1,172.60017690559752,163.64953406594236,locality
AD003008,1035.469518055685,-103.88593953720333,198.68084376785418,street_grid,grid,T2-L02,1,372.64465366567134,298.452542291065,locality
AD003010,-1030.4237782275195,-3104.217323300466,191.05807616804168,street_grid,grid,T1-L02,1,93.27901582060413,74.9561204972617,locality
AD003011,1944.3804474003236,-942.5060459435771,528.3248482666139,street_grid,"grid,baseline,loccent",T1-L06,1,595.6195630095276,805.7771714314075,locality
AD003012,-800.9818799945265,-3815.371500957466,66.79522477539939,street_grid,grid,T3-L11,1,150.26935330055238,518.2612565106523,locality
AD003013,1636.94462282531,-2371.687484394073,160.5147321324762,street_grid,"grid,lm,poi",T2-L11,1,158.95082867094547,410.2382356631327,locality
AD003014,3420.741372593956,655.4460331778002,121.17899374506581,baseline,"baseline,lm",T2-L06,1,87.84189779319719,105.98009247023695,street
AD003015,963.6866516694325,2550.644988938764,206.92124262248075,landmark_group,"lm,poi",T2-L08,1,91.41153766613917,401.62700357421176,locality
AD003016,2472.5078915324098,672.3313918417111,91.89169073879627,street_grid,grid,T1-L08,1,48.845121739314116,628.1613964579486,locality
AD003019,864.8463226045633,2680.13945943381,188.29985347342304,street_grid,grid,T2-L08,1,221.21499244693956,115.08761879542041,locality
AD003026,2893.304577844291,-2430.497424399911,75.52300406043996,street_grid,grid,T1-L11,1,39.593142339956614,405.94642503660504,locality
AD003027,2354.548602018302,1199.2965021527036,330.63344079588427,landmark_group,"lm,baseline,loccent",T1-L08,1,253.21050209741026,261.32741915076565,locality
AD003030,2846.395604377619,-2163.372702247262,203.9445770078456,landmark_poi,"poi,lm",T1-L11,1,225.5772580148635,252.11729413112485,locality
AD003035,2185.368147644856,1300.8760888819345,231.2515735024479,landmark_poi,"poi,lm",T1-L08,1,213.0304995082478,471.80769387537543,locality
AD003038,3325.321700867651,905.6941022944197,141.01570760755436,baseline,"baseline,lm",T2-L06,1,140.81050793300358,146.40003415300154,street
AD003040,-1579.9376766553028,-2855.4528230096153,218.4350010281235,street_grid,grid,T2-L05,1,208.2488888918885,118.13974775662945,locality
AD003041,773.8701115935063,-177.79296147321904,66.60577101715563,street_grid,"grid,baseline",T1-L03,1,46.329592444286746,100.06158103887824,street
AD003044,1227.3426171812882,-2553.863876302311,22.275316792471887,baseline,baseline,T2-L11,1,16.01982924496088,13.329666162361182,rooftop
AD003045,2743.12302489279,-1191.80523740502,208.26916765301425,street_grid,"grid,lm",T2-L10,1,212.34628360665693,324.1380570065788,locality
AD003050,1076.909013257578,2658.5049167970933,196.22661781492693,landmark_poi,"poi,lm",T2-L08,1,281.2685052241018,199.05481657071255,locality
AD003053,3254.4705500590403,-2320.7531802321623,130.20184909898043,baseline,"baseline,lm,poi",T1-L11,1,113.76346175311609,159.13431433854873,street
AD003055,3947.079843955937,765.2088840778073,78.10233421707898,street_grid,"grid,br",T3-L05,1,129.27022839018488,275.86967937778167,locality
AD003060,917.1781670264683,2579.3177232594103,206.834930526975,landmark_group,"lm,poi",T2-L08,1,207.83916777215106,214.9131219818836,locality
AD003065,727.4518985725562,2733.9894127129455,476.9710864308822,landmark_group,"lm,baseline,loccent",T2-L08,1,132.00394034255632,437.05254832800154,locality
AD003066,2535.824906478134,-1143.5218520521187,179.6344603415717,blend,"grid,poi,lm",T2-L10,1,161.929893933387,210.20763544647926,locality
AD003067,1447.0011920663626,-1705.0056474211046,164.17199994397484,street_grid,"grid,lm",T2-L11,1,126.46353513947287,289.3457620218414,locality
AD003072,-822.7905085013341,-814.1322845598013,112.3983368630181,baseline,"baseline,br",T3-L03,1,75.63207998863606,113.19933745389145,street
AD003074,1692.9705053773384,-1614.5417923607672,1479.3032030674274,locality_centroid,"loccent,baseline,locgrp",T2-L01,4,538.3909109435275,818.656148819515,pincode
AD003077,2596.805978221647,-1310.745940715128,238.23595798610444,street_grid,grid,T2-L10,1,393.7927243695654,319.30331974472165,locality
AD003083,-1057.7566293693878,-3101.2855574801492,821.3900830430044,baseline,"baseline,loccent,locgrp",T1-L02,1,505.74040096859153,431.3051124204303,locality
AD003085,3338.443416454515,-2080.654285107735,18.49394256606546,baseline,"baseline,grid",T1-L11,1,2.947457263333732,7.206247289678414,rooftop
AD003086,669.4773182442127,-864.115162544326,65.35237613903176,street_grid,"grid,br",T3-L08,1,88.71807311431026,190.77358307690295,locality
AD003087,2611.959960873053,-1297.3295814300527,200.22184446730543,landmark_poi,"poi,lm",T2-L10,1,82.5279598501643,249.61269999741594,locality
AD003090,912.1043484230693,-2993.3644197323365,71.37843150620914,street_grid,grid,T1-L04,1,49.835838407047056,116.07605265514499,locality
AD003094,881.6102174036387,-248.95610777458546,66.48114556018822,street_grid,grid,T1-L03,1,80.33130403831959,85.67502553253196,locality
AD003098,820.7463127562954,3033.800547733634,211.9740522008616,landmark_group,"lm,poi",T2-L08,1,78.24798704941871,581.4062349166888,locality
AD003099,2737.5344728885725,-2215.8190958607347,54.447989978104296,street_grid,grid,T1-L11,1,21.07579330867285,154.49440119305288,locality
AD003100,1358.5813889946735,-60.733688379363365,273.0087716831702,landmark_poi,"poi,lm",T1-L03,1,458.86753047446405,251.14236998165003,locality
AD003102,1041.6234083278528,-3040.10567003315,57.50808260323872,street_grid,grid,T1-L04,1,32.1923470546412,150.97539534639415,locality
AD003105,-190.17954064633747,3139.8781087311722,164.63341039859276,street_key,"br,poi,lm",T3-L02,1,45.84428189283996,412.97036213268376,locality
AD003106,1257.2782112330383,147.3300359437747,138.11236327266175,baseline,"baseline,grid",T2-L02,1,135.2102259260797,124.1575209159719,street
